Chemical Name,SMILES,Radical Name,Enthalpy,Activation Energy,k_value,Temperature,Bond Dissociation Energy,Chemical Group,Reaction Type/Pathway,PH,No,Resource:,smiles_valid,HOMO_predicted,LUMO_predicted,HOMO_LUMO_gap_predicted
Pentabromoplatinate(III) ion,[Br][Pt+3]([Br])([Br])([Br])[Br],RO2*,,,250000000.0,,,,,,,Journal Tables 6 and 7,True,-7.358104705810547,-2.022606372833252,5.335498332977295
Copper(I) ion,[Cu+],RO2*,,,1000000000.0,,,,,,,Journal Tables 6 and 7,True,-6.497776031494141,0.9515368342399597,7.4493128657341
"2,2'-Azinobis(3-ethylbenzothiazoline-6-sulfonate ion)",CCn1/c(=N\N=c2\sc3cc(S(=O)(=O)[O-])ccc3n2CC)sc2cc(S(=O)(=O)[O-])ccc21,RO2*,,,1800000000.0,,,,,,,Journal Tables 6 and 7,True,-5.530017375946045,-2.464437961578369,3.065579414367676
"2,6-Di-tert-butyl-4-methoxyphenol",COc1cc(C(C)(C)C)cc(C(C)(C)C)c1O,RO2*,,,110000.0,,,,,,,Journal Tables 6 and 7,True,-5.430222988128662,0.13174106180667877,5.561964049935341
"2,6-Di-tert-butyl-4-methylphenol",Cc1cc(C(C)(C)C)cc(C(C)(C)C)c1O,RO2*,,,24000.0,,,,,,,Journal Tables 6 and 7,True,-5.58491849899292,0.04483092203736305,5.629749421030283
"3,4-Dihydro-6-hydroxy-5,7,8-trimethylbenzothiopyran",Cc1c(C)c(O)c2c(c1C)SCCC2,RO2*,,,1800000.0,,,,,,,Journal Tables 6 and 7,True,-5.275632381439209,-0.25471633672714233,5.020916044712067
"1-Ethyl-1,2,3,4-tetrahydro-6-hydroxy-5,7,8-trimethylquinoline",CCN1CCCc2c(C)c(O)c(C)c(C)c21,RO2*,,,2000000.0,,,,,,,Journal Tables 6 and 7,True,-5.303064823150635,-0.17840616405010223,5.1246586591005325
"2,2,5,7,8-Pentamethylbenzopyran-6-ol",CC1=CC(C)(C)Oc2c1cc(O)c(C)c2C,RO2*,,,2000000.0,,,,,,,Journal Tables 6 and 7,True,-5.49946928024292,-0.28662237524986267,5.212846904993057
"4-Methoxy-2,3,5,6-tetramethylphenol",COc1c(C)c(C)c(O)c(C)c1C,RO2*,,,280000.0,,,,,,,Journal Tables 6 and 7,True,-5.4676313400268555,0.5527557730674744,6.02038711309433
"2,3,5,6-Tetramethylphenol",Cc1cc(C)c(C)c(O)c1C,RO2*,,,69000.0,,,,,,,Journal Tables 6 and 7,True,-5.535810947418213,0.4681474268436432,6.003958374261856
gamma-Tocopherol,Cc1cc(O)c(C)c2c1OC(C)(CCCC(C)CCCC(C)CCCC(C)C)CC2,RO2*,,,700000.0,,,,,,,Journal Tables 6 and 7,True,-5.460433483123779,0.3900592625141144,5.850492745637894
delta-Tocopherol,Cc1cc(O)cc2c1OC(C)(CCCC(C)CCCC(C)CCCC(C)C)CC2,RO2*,,,330000.0,,,,,,,Journal Tables 6 and 7,True,-5.551511287689209,0.3075721859931946,5.859083473682404
"Chlorpromazine, conjugate acid",CC(C[NH+](C)C)N1c2ccccc2Sc2ccc(Cl)cc21,RO2*,,,6800000.0,,,,,,,Journal Tables 6 and 7,True,-5.3031744956970215,-0.5184268355369568,4.784747660160065
"6-Hydroxy-2,5,7,8-tetramethylchroman-2-carboxylic acid",Cc1c(C)c(O)c2c(c1C)OC(C)(C(=O)O)CC2,RO2*,,,2000000.0,,,,,,,Journal Tables 6 and 7,True,-5.614285945892334,0.07493281364440918,5.689218759536743
"N,N-Dimethylaniline",CN(C)c1ccccc1,RO2*,,,25000000.0,,,,,,,Journal Tables 6 and 7,True,-5.616539478302002,0.16663481295108795,5.78317429125309
"Tyrosine, negative ion",N[C@@H](Cc1ccc(O)cc1)C(=O)[O-],RO2*,,,120000000.0,,,,,,,Journal Tables 6 and 7,True,-6.421257972717285,-1.472711205482483,4.948546767234802
Chlorite ion,[O-][Cl+][O-],RO2*,,,12000000.0,,,,,,,Journal Tables 6 and 7,True,-7.714695930480957,-0.5619975924491882,7.152698338031769
"Iron(III) deuteroporphyrin, dimethyl ester, (2-propanol)2",COC(=O)CCC1=C(C)c2cc3cc(C)c(cc4cc(C)c(cc5nc(cc1n2)C(CCC(=O)OC)=C5C)[n-]4)[n-]3.[Fe+3].CC(C)O.CC(C)O,RO2*,,,10000000.0,,,,,,,Journal Tables 6 and 7,True,-5.749120235443115,-2.8048839569091797,2.9442362785339355
Iron(III) deuteroporphyrin IX (2-propoxy)(2-propanol),CC1=C(CCC(=O)O)c2cc3nc(cc4[n-]c(cc4C)cc4[n-]c(cc1n2)cc4C)C(C)=C3CCC(=O)O.[Fe+3].CC(C)[O-].CC(C)O,RO2*,,,150000000.0,,,,,,,Journal Tables 6 and 7,True,-5.456484317779541,-2.833054542541504,2.623429775238037
"5,10,15,20-Tetraphenylporphinatogallium(III) ion",C1=CC=C(C=C1)C2=C3C=CC(=C(C4=NC(=C(C5=CC=C([N-]5)C(=C6C=CC2=N6)C7=CC=CC=C7)C8=CC=CC=C8)C=C4)C9=CC=CC=C9)[N-]3.[Ga+3],RO2*,,,800000000.0,,,,,,,Journal Tables 6 and 7,True,-4.804246425628662,-2.830108404159546,1.9741380214691162
"2,3,7,8,12,13,17,18-Octaethylporphinato(carbonyl)cyanoruthenium(II) ion",CCC1=C(C2=CC3=NC(=CC4=C(C(=C([N-]4)C=C5C(=C(C(=N5)C=C1[N-]2)CC)CC)CC)CC)C(=C3CC)CC)CC.[C-]#[O+].[Ru+2].[C-]#N,RO2*,,,1500000000.0,,,,,,,Journal Tables 6 and 7,True,-5.415714740753174,-3.0608513355255127,2.354863405227661
Sulfite Ion,O=S([O-])[O-],RO2*,,,700000000.0,,,,,,,Journal Tables 6 and 7,True,-8.299160957336426,-1.7771004438400269,6.522060513496399
"5,10,15,20-Tetraphenylporphinatozinc(II)",C1=CC=C(C=C1)C2=C3C=CC(=C(C4=NC(=C(C5=CC=C([N-]5)C(=C6C=CC2=N6)C7=CC=CC=C7)C8=CC=CC=C8)C=C4)C9=CC=CC=C9)[N-]3.[Zn+2],RO2*,,,1200000000.0,,,,,,,Journal Tables 6 and 7,True,-4.809457302093506,-2.860405445098877,1.949051856994629
"5,10,15,20-Tetraphenylporphinatozinc(II) pyridine complex",C1=CC=C(C=C1)C2=C3C=CC(=C(C4=NC(=C(C5=CC=C([N-]5)C(=C6C=CC2=N6)C7=CC=CC=C7)C8=CC=CC=C8)C=C4)C9=CC=CC=C9)[N-]3.[Zn+2].n1ccccc1,RO2*,,,20000000.0,,,,,,,Journal Tables 6 and 7,True,-4.851223468780518,-2.876901865005493,1.9743216037750244
"5,10,15,20-Tetrakis(4-pyridyl)porphinatozinc(II)",C1=Cc2nc1c(-c1ccncc1)c1ccc([n-]1)c(-c1ccncc1)c1nc(c(-c3ccncc3)c3ccc([n-]3)c2-c2ccncc2)C=C1.[Zn+2],RO2*,,,15000000.0,,,,,,,Journal Tables 6 and 7,True,-5.26966667175293,-2.6092982292175293,2.6603684425354004
"5,10,15,20-Tetrakis(4-hydroxyphenyl)porphinatozinc(II)",OC1=CC=C(C=C1)C2=C3C=CC(=C(C4=NC(=C(C5=CC=C([N-]5)C(=C6C=CC2=N6)C7=CC=C(C=C7)O)C8=CC=C(C=C8)O)C=C4)C9=CC=C(C=C9)O)[N-]3.[Zn+2],RO2*,,,700000000.0,,,,,,,Journal Tables 6 and 7,True,-5.115387439727783,-3.133683919906616,1.981703519821167
"5,10,15,20-Tetrakis(4-sulfonatophenyl)porphinatozincate(II) ion",O=S(=O)([O-])C1=CC=C(C=C1)C2=C3C=CC(=C(C4=NC(=C(C5=CC=C([N-]5)C(=C6C=CC2=N6)C7=CC=C(C=C7)S(=O)(=O)[O-])C8=CC=C(C=C8)S(=O)(=O)[O-])C=C4)C9=CC=C(C=C9)S(=O)(=O)[O-])[N-]3.[Zn+2],RO2*,,,730000000.0,,,,,,,Journal Tables 6 and 7,True,-5.914092063903809,-3.6529815196990967,2.261110544204712
Ascorbate ion,O=C1O[C@H](CO)OC1=C([O-])CO,RO2*,,,110000000.0,,,,,,,Journal Tables 6 and 7,True,-6.789895057678223,-1.937160849571228,4.852734208106995
Ascorbic acid,O=C1O[C@H](CO)OC1=C(O)CO,RO2*,,,990000000.0,,,,,,,Journal Tables 6 and 7,True,-6.729268550872803,-1.3519814014434814,5.377287149429321
Bilirubin dianion,C=CC1=C(C)/C(=C/C2=C(C)C(CCC(=O)[O-])=C(CC3=C(CCC(=O)[O-])C(C)=C(/C=C4\NC(=O)C(C)=C4C=C)N3)N2)NC1=O,RO2*,,,38000000.0,,,,,,,Journal Tables 6 and 7,True,-5.235981464385986,-2.4937167167663574,2.742264747619629
tert-Butyl-4-hydroxyanisole,COc1cc(C(C)(C)C)ccc1O,RO2*,,,1500000000.0,,,,,,,Journal Tables 6 and 7,True,-5.516030311584473,0.22039669752120972,5.736427009105682
beta-Carotene,CC(C=CC=C(C)C=CC1=C(C)CCCC1(C)C)=CC=CC=C(C)C=CC=C(C)C=CC1=C(C)CCCC1(C)C,RO2*,,,19000000.0,,,,,,,Journal Tables 6 and 7,True,-4.976131916046143,-0.8099607229232788,4.166171193122864
Cholesterol,CC(C)CCCC(C)C1CCC2C3CC=C4CC(O)CCC4(C)C3CC[C@]12C,RO2*,,,100000000.0,,,,,,,Journal Tables 6 and 7,True,-5.665802478790283,0.47723808884620667,6.14304056763649
Cyclohexane,C1CCCCC1,RO2*,,,1000000.0,,,,,,,Journal Tables 6 and 7,True,-6.7951436042785645,2.074734926223755,8.86987853050232
Deoxyguanosine 5'-monophosphate,Nc1nc2c(ncn2[C@H]2C[C@H](O)[C@@H](COP(=O)(O)O)O2)[nH]1,RO2*,,,12000000.0,,,,,,,Journal Tables 6 and 7,True,-5.360153675079346,0.0991823673248291,5.459336042404175
"1,4-Diazabicyclo[2.2.2]octane",C1CN2CCC(C2)N1,RO2*,,,12000000.0,,,,,,,Journal Tables 6 and 7,True,-6.115384578704834,1.972893476486206,8.08827805519104
9-Diazofluorene,[N-]=[N+]=C1c2ccccc2-c2ccccc21,RO2*,,,6100000000.0,,,,,,,Journal Tables 6 and 7,True,-5.913105487823486,-1.8024816513061523,4.110623836517334
"2,4-Di-tert-butylphenol",CC(C)(C)c1ccc(O)c(C(C)(C)C)c1,RO2*,,,490000000.0,,,,,,,Journal Tables 6 and 7,True,-5.704797267913818,-0.03940923139452934,5.665388036519289
"2,3-Dimethyl-4-dimethylamino-1-phenyl-3-pyrazolin-5-one",Cc1c(N(C)C)c(=O)n(C)n1-c1ccccc1,RO2*,,,1200000000.0,,,,,,,Journal Tables 6 and 7,True,-5.445336818695068,-0.41216254234313965,5.033174276351929
"2,3-Dimethylindole",Cc1[nH]c2ccccc2c1C,RO2*,,,6000000.0,,,,,,,Journal Tables 6 and 7,True,-5.414074420928955,0.17158235609531403,5.585656777024269
"3,4-Dimethyl-2-pyrazolin-5-one",CC1=NN=C(C)C1=O,RO2*,,,1300000000.0,,,,,,,Journal Tables 6 and 7,True,-6.06240701675415,-1.8294340372085571,4.232972979545593
Dimethyl sulfide,CSC,RO2*,,,60000000.0,,,,,,,Journal Tables 6 and 7,True,-6.588860988616943,0.19788888096809387,6.786749869585037
"2,5-Diphenylfuran",c1ccc(-c2ccc(-c3ccccc3)o2)cc1,RO2*,,,40000000.0,,,,,,,Journal Tables 6 and 7,True,-5.512416839599609,-0.7972449660301208,4.7151718735694885
Glutathione,N[C@@H](CCC(=O)N[C@@H](CS)C(=O)NCC(=O)O)C(=O)O,RO2*,,,75000.0,,,,,,,Journal Tables 6 and 7,True,-6.362390995025635,-1.0460691452026367,5.316321849822998
Hydroquinone,Oc1ccc(O)cc1,RO2*,,,650000000.0,,,,,,,Journal Tables 6 and 7,True,-5.501092433929443,0.2929626405239105,5.794055074453354
5-Hydroxytryptophan,N[C@@H](Cc1c[nH]c2ccc(O)cc12)C(=O)O,RO2*,,,100000000.0,,,,,,,Journal Tables 6 and 7,True,-5.5741047859191895,-0.7967577576637268,4.777347028255463
Isobarbiturate ion,O=C1CNC(=O)[N-]C1=O,RO2*,,,390000000.0,,,,,,,Journal Tables 6 and 7,True,-7.7479095458984375,-3.115995168685913,4.631914377212524
Linoleic acid,CCCCC/C=C\C/C=C\CCCCCCCC(=O)O,RO2*,,,70000000.0,,,,,,,Journal Tables 6 and 7,True,-5.5076093673706055,0.5880710482597351,6.095680415630341
4-Methoxyphenoxide ion,COc1ccc([O-])cc1,RO2*,,,110000000.0,,,,,,,Journal Tables 6 and 7,True,-5.844293594360352,-0.5695485472679138,5.274745047092438
1-Methylindole,Cn1ccc2ccccc21,RO2*,,,600000000.0,,,,,,,Journal Tables 6 and 7,True,-5.526792049407959,-0.06914421916007996,5.457647830247879
2-Methylindole,Cc1cc2ccccc2[nH]1,RO2*,,,900000000.0,,,,,,,Journal Tables 6 and 7,True,-5.452032566070557,-0.16152168810367584,5.290510877966881
3-Methylindole,Cc1c[nH]c2ccccc12,RO2*,,,20000000.0,,,,,,,Journal Tables 6 and 7,True,-5.576211452484131,0.4019396901130676,5.9781511425971985
Methyl 6-(methylthio)norbornane-2-carboxylate,COC(=O)C1C2CC(SC)CC1C2,RO2*,,,70000000.0,,,,,,,Journal Tables 6 and 7,True,-6.1700663566589355,-0.9553101658821106,5.214756190776825
4-Methylphenoxide ion,Cc1ccc([O-])cc1,RO2*,,,300000000.0,,,,,,,Journal Tables 6 and 7,True,-6.2057013511657715,-0.6541063189506531,5.551595032215118
6-(Methylthio)norbornane-2-carboxylic acid,CSC1CC2CC(C1)C2C(=O)O,RO2*,,,100000000.0,,,,,,,Journal Tables 6 and 7,True,-5.988509654998779,-1.142691731452942,4.845817923545837
1-Methyluracil,Cn1ccc(=O)[nH]c1=O,RO2*,,,1300000000.0,,,,,,,Journal Tables 6 and 7,True,-6.423781871795654,-1.0721698999404907,5.351611971855164
"Metiazinic acid, conjugate base",CN1c2ccccc2Sc2cc(CC([O-])=O)ccc21,RO2*,,,1700000.0,,,,,,,Journal Tables 6 and 7,True,-5.445434093475342,-1.7261855602264404,3.7192485332489014
Phenol,Oc1ccccc1,RO2*,,,75000.0,,,,,,,Journal Tables 6 and 7,True,-6.0482707023620605,0.2234601527452469,6.271730855107307
Phenoxide ion,[O-]c1ccccc1,RO2*,,,200000000.0,,,,,,,Journal Tables 6 and 7,True,-6.271254062652588,-1.0360302925109863,5.235223770141602
"Promethazine, conjugate acid",CC(C[NH+](C)C)N1c2ccccc2Sc2ccccc21,RO2*,,,700000.0,,,,,,,Journal Tables 6 and 7,True,-5.094334125518799,-0.39385879039764404,4.700475335121155
"Propyl 3,4,5-trihydroxybenzoate",CCCOC(=O)c1cc(O)c(O)c(O)c1,RO2*,,,7000.0,,,,,,,Journal Tables 6 and 7,True,-5.622185707092285,-0.7168191075325012,4.905366599559784
"N,N,N',N'-Tetramethyl-p-phenylenediamine",CN(C)c1ccc(N(C)C)cc1,RO2*,,,780000000.0,,,,,,,Journal Tables 6 and 7,True,-5.144876956939697,0.27571749687194824,5.4205944538116455
"3,3'-Thiodipropionic acid",O=C(O)CCSCCC(=O)O,RO2*,,,500000000.0,,,,,,,Journal Tables 6 and 7,True,-6.754308223724365,-0.5093684792518616,6.244939744472504
Tryptophan,N[C@@H](Cc1c[nH]c2ccccc12)C(=O)O,RO2*,,,17000000.0,,,,,,,Journal Tables 6 and 7,True,-5.706926345825195,-0.6842088103294373,5.022717535495758
"6-Hydroxy-2,5,7,8-tetramethylchroman-2-carboxylate ion",Cc1c(C)c(O)c2c(c1C)OC(C)(C(=O)[O-])CC2,RO2*,,,37000000.0,,,,,,,Journal Tables 6 and 7,True,-5.810164928436279,-0.9196951985359192,4.89046972990036
"N,N-Dimethyl-4-nitrosoaniline",CN(C)c1ccc(N=O)cc1,sec-RO2*,,,270000000.0,,,,,,,Journal Tables 6 and 7,True,-5.791925430297852,-1.2996586561203003,4.492266774177551
Copper(I) ion,[Cu+],tert-RO2*,,,200000000.0,,,,,,,Journal Tables 6 and 7,True,-6.497776031494141,0.9515371322631836,7.449313163757324
"Chlorpromazine, conjugate acid",CC(C[NH+](C)C)N1c2ccccc2Sc2ccc(Cl)cc21,sec-RO2*,,,2300000.0,,,,,,,Journal Tables 6 and 7,True,-5.3031744956970215,-0.5184270143508911,4.78474748134613
"Propyl 3,4,5-trihydroxybenzoate",CCCOC(=O)c1cc(O)c(O)c(O)c1,sec-RO2*,,,360000000.0,,,,,,,Journal Tables 6 and 7,True,-5.622185707092285,-0.7168191075325012,4.905366599559784
"Iron(III) deuteroporphyrin, dimethyl ester, (2-propanol)2",COC(=O)CCC1=C(C)c2cc3cc(C)c(cc4cc(C)c(cc5nc(cc1n2)C(CCC(=O)OC)=C5C)[n-]4)[n-]3.[Fe+3].CC(C)O.CC(C)O,sec-RO2*,,,360.0,,,,,,,Journal Tables 6 and 7,True,-5.749120235443115,-2.804884195327759,2.9442360401153564
"Tyrosine, negative ion",N[C@@H](Cc1ccc(O)cc1)C(=O)[O-],sec-RO2*,,,120000000.0,,,,,,,Journal Tables 6 and 7,True,-6.421258449554443,-1.472711205482483,4.9485472440719604
Chlorite ion,[O-][Cl+][O-],sec-RO2*,,,12000000.0,,,,,,,Journal Tables 6 and 7,True,-7.714695930480957,-0.5619968175888062,7.152699112892151
Iron(III) deuteroporphyrin IX (2-propoxy)(2-propanol),CC1=C(CCC(=O)O)c2cc3nc(cc4[n-]c(cc4C)cc4[n-]c(cc1n2)cc4C)C(C)=C3CCC(=O)O.[Fe+3].CC(C)[O-].CC(C)O,sec-RO2*,,,150000000.0,,,,,,,Journal Tables 6 and 7,True,-5.456484794616699,-2.833054304122925,2.6234304904937744
"5,10,15,20-Tetraphenylporphinatogallium(III) ion",C1=CC=C(C=C1)C2=C3C=CC(=C(C4=NC(=C(C5=CC=C([N-]5)C(=C6C=CC2=N6)C7=CC=CC=C7)C8=CC=CC=C8)C=C4)C9=CC=CC=C9)[N-]3.[Ga+3],sec-RO2*,,,800000000.0,,,,,,,Journal Tables 6 and 7,True,-4.804246425628662,-2.8301079273223877,1.9741384983062744
"2,3,7,8,12,13,17,18-Octaethylporphinato(carbonyl)cyanoruthenium(II) ion",CCC1=C(C2=CC3=NC(=CC4=C(C(=C([N-]4)C=C5C(=C(C(=N5)C=C1[N-]2)CC)CC)CC)CC)C(=C3CC)CC)CC.[C-]#[O+].[Ru+2].[C-]#N,sec-RO2*,,,1500000000.0,,,,,,,Journal Tables 6 and 7,True,-5.415714740753174,-3.0608510971069336,2.3548636436462402
Sulfite Ion,O=S([O-])[O-],sec-RO2*,,,730000000.0,,,,,,,Journal Tables 6 and 7,True,-8.299160957336426,-1.7771000862121582,6.522060871124268
Ascorbate ion,O=C1O[C@H](CO)OC1=C([O-])CO,sec-RO2*,,,1200000000.0,,,,,,,Journal Tables 6 and 7,True,-6.789894104003906,-1.9371607303619385,4.852733373641968
Bilirubin dianion,C=CC1=C(C)/C(=C/C2=C(C)C(CCC(=O)[O-])=C(CC3=C(CCC(=O)[O-])C(C)=C(/C=C4\NC(=O)C(C)=C4C=C)N3)N2)NC1=O,sec-RO2*,,,38000000.0,,,,,,,Journal Tables 6 and 7,True,-5.235981464385986,-2.4937164783477783,2.742264986038208
tert-Butyl-4-hydroxyanisole,COc1cc(C(C)(C)C)ccc1O,sec-RO2*,,,1500000000.0,,,,,,,Journal Tables 6 and 7,True,-5.5160298347473145,0.2203967571258545,5.736426591873169
Deoxyguanosine 5'-monophosphate,Nc1nc2c(ncn2[C@H]2C[C@H](O)[C@@H](COP(=O)(O)O)O2)[nH]1,sec-RO2*,,,12000000.0,,,,,,,Journal Tables 6 and 7,True,-5.360153675079346,0.09918218851089478,5.4593358635902405
"1,4-Diazabicyclo[2.2.2]octane",C1CN2CCC(C2)N1,sec-RO2*,,,12000000.0,,,,,,,Journal Tables 6 and 7,True,-6.115384578704834,1.9728937149047852,8.08827829360962
9-Diazofluorene,[N-]=[N+]=C1c2ccccc2-c2ccccc21,sec-RO2*,,,6100000000.0,,,,,,,Journal Tables 6 and 7,True,-5.913105487823486,-1.8024815320968628,4.1106239557266235
"2,4-Di-tert-butylphenol",CC(C)(C)c1ccc(O)c(C(C)(C)C)c1,sec-RO2*,,,490000000.0,,,,,,,Journal Tables 6 and 7,True,-5.704798221588135,-0.03940919414162636,5.665389027446508
"2,3-Dimethyl-4-dimethylamino-1-phenyl-3-pyrazolin-5-one",Cc1c(N(C)C)c(=O)n(C)n1-c1ccccc1,sec-RO2*,,,1200000000.0,,,,,,,Journal Tables 6 and 7,True,-5.445337772369385,-0.41216254234313965,5.033175230026245
"2,3-Dimethylindole",Cc1[nH]c2ccccc2c1C,sec-RO2*,,,6.0,,,,,,,Journal Tables 6 and 7,True,-5.414074420928955,0.17158237099647522,5.58565679192543
"3,4-Dimethyl-2-pyrazolin-5-one",CC1=NN=C(C)C1=O,sec-RO2*,,,1300000000.0,,,,,,,Journal Tables 6 and 7,True,-6.062406539916992,-1.8294343948364258,4.232972145080566
"2,5-Diphenylfuran",c1ccc(-c2ccc(-c3ccccc3)o2)cc1,sec-RO2*,,,40000000.0,,,,,,,Journal Tables 6 and 7,True,-5.512416362762451,-0.7972450852394104,4.715171277523041
Glutathione,N[C@@H](CCC(=O)N[C@@H](CS)C(=O)NCC(=O)O)C(=O)O,sec-RO2*,,,750000.0,,,,,,,Journal Tables 6 and 7,True,-6.362390995025635,-1.0460690259933472,5.316321969032288
Hydroquinone,Oc1ccc(O)cc1,sec-RO2*,,,6500000.0,,,,,,,Journal Tables 6 and 7,True,-5.501092433929443,0.2929624915122986,5.794054925441742
5-Hydroxytryptophan,N[C@@H](Cc1c[nH]c2ccc(O)cc12)C(=O)O,sec-RO2*,,,100000000.0,,,,,,,Journal Tables 6 and 7,True,-5.5741047859191895,-0.7967578768730164,4.777346909046173
Isobarbiturate ion,O=C1CNC(=O)[N-]C1=O,sec-RO2*,,,390000000.0,,,,,,,Journal Tables 6 and 7,True,-7.7479095458984375,-3.115995168685913,4.631914377212524
4-Methoxyphenol,COc1ccc(O)cc1,sec-RO2*,,,800000000.0,,,,,,,Journal Tables 6 and 7,True,-5.547805309295654,0.3980102241039276,5.945815533399582
4-Methoxyphenoxide ion,COc1ccc([O-])cc1,sec-RO2*,,,110000000.0,,,,,,,Journal Tables 6 and 7,True,-5.84429407119751,-0.5695489048957825,5.274745166301727
1-Methylindole,Cn1ccc2ccccc21,sec-RO2*,,,600000000.0,,,,,,,Journal Tables 6 and 7,True,-5.526792049407959,-0.06914374232292175,5.457648307085037
2-Methylindole,Cc1cc2ccccc2[nH]1,sec-RO2*,,,900000000.0,,,,,,,Journal Tables 6 and 7,True,-5.45203161239624,-0.161521777510643,5.290509834885597
3-Methylindole,Cc1c[nH]c2ccccc12,sec-RO2*,,,20000000.0,,,,,,,Journal Tables 6 and 7,True,-5.576211452484131,0.40193963050842285,5.978151082992554
Methyl 6-(methylthio)norbornane-2-carboxylate,COC(=O)C1C2CC(SC)CC1C2,sec-RO2*,,,70000000.0,,,,,,,Journal Tables 6 and 7,True,-6.170065879821777,-0.9553099274635315,5.214755952358246
4-Methylphenoxide ion,Cc1ccc([O-])cc1,sec-RO2*,,,300000000.0,,,,,,,Journal Tables 6 and 7,True,-6.205700874328613,-0.6541059613227844,5.551594913005829
6-(Methylthio)norbornane-2-carboxylic acid,CSC1CC2CC(C1)C2C(=O)O,sec-RO2*,,,100000000.0,,,,,,,Journal Tables 6 and 7,True,-5.988510608673096,-1.142691731452942,4.845818877220154
1-Methyluracil,Cn1ccc(=O)[nH]c1=O,sec-RO2*,,,1300000000.0,,,,,,,Journal Tables 6 and 7,True,-6.423782825469971,-1.0721697807312012,5.3516130447387695
"Metiazinic acid, conjugate base",CN1c2ccccc2Sc2cc(CC([O-])=O)ccc21,sec-RO2*,,,1700000.0,,,,,,,Journal Tables 6 and 7,True,-5.445434093475342,-1.7261855602264404,3.7192485332489014
Phenol,Oc1ccccc1,sec-RO2*,,,75000.0,,,,,,,Journal Tables 6 and 7,True,-6.048270225524902,0.22345997393131256,6.271730199456215
Phenoxide ion,[O-]c1ccccc1,sec-RO2*,,,200000000.0,,,,,,,Journal Tables 6 and 7,True,-6.271254062652588,-1.0360301733016968,5.235223889350891
"Promethazine, conjugate acid",CC(C[NH+](C)C)N1c2ccccc2Sc2ccccc21,sec-RO2*,,,700000.0,,,,,,,Journal Tables 6 and 7,True,-5.094334125518799,-0.39385902881622314,4.700475096702576
"N,N,N',N'-Tetramethyl-p-phenylenediamine",CN(C)c1ccc(N(C)C)cc1,sec-RO2*,,,780000000.0,,,,,,,Journal Tables 6 and 7,True,-5.144876956939697,0.2757175862789154,5.420594543218613
"3,3'-Thiodipropionic acid",O=C(O)CCSCCC(=O)O,sec-RO2*,,,500000000.0,,,,,,,Journal Tables 6 and 7,True,-6.754307746887207,-0.5093690156936646,6.2449387311935425
Tryptophan,N[C@@H](Cc1c[nH]c2ccccc12)C(=O)O,sec-RO2*,,,17000000.0,,,,,,,Journal Tables 6 and 7,True,-5.7069268226623535,-0.6842091083526611,5.022717714309692
"2,2'-Azinobis(3-ethylbenzothiazoline-6-sulfonate ion)",CCn1/c(=N\N=c2\sc3cc(S(=O)(=O)[O-])ccc3n2CC)sc2cc(S(=O)(=O)[O-])ccc21,CH3OO*,,,100000.0,298.0,,,,,,Journal Tables 6 and 7,True,-5.530017375946045,-2.4644381999969482,3.0655791759490967
"2,6-Di-tert-butyl-4-methoxyphenol",COc1cc(C(C)(C)C)cc(C(C)(C)C)c1O,tert-RO2*,,,110000.0,297.0,,,,,,Journal Tables 6 and 7,True,-5.430222511291504,0.13174103200435638,5.56196354329586
"2,6-Di-tert-butyl-4-methylphenol",Cc1cc(C(C)(C)C)cc(C(C)(C)C)c1O,tert-RO2*,,,24000.0,297.0,,,,,,Journal Tables 6 and 7,True,-5.58491849899292,0.04483060911297798,5.629749108105898
"N,N-Diethylaniline",CCN(CC)c1ccccc1,tert-RO2*,,,48.0,303.0,,,,,,Journal Tables 6 and 7,True,-5.593864917755127,0.2776021361351013,5.871467053890228
"9,10-Dihydro-9-anthracenyl hydroperoxide",OOC1c2ccccc2Cc2ccccc21,tert-RO2*,,,740.0,294.0,,,,,,Journal Tables 6 and 7,True,-6.137392520904541,-0.7216066122055054,5.415785908699036
"3,4-Dihydro-6-hydroxy-5,7,8-trimethylbenzothiopyran",Cc1c(C)c(O)c2c(c1C)SCCC2,tert-RO2*,,,1800000.0,297.0,,,,,,Journal Tables 6 and 7,True,-5.275632381439209,-0.2547164559364319,5.020915925502777
"1-Ethyl-1,2,3,4-tetrahydro-6-hydroxy-5,7,8-trimethylquinoline",CCN1CCCc2c(C)c(O)c(C)c(C)c21,tert-RO2*,,,2000000.0,297.0,,,,,,Journal Tables 6 and 7,True,-5.303063869476318,-0.1784062534570694,5.124657616019249
"6-Hydroxy-2,2,5,7,8-pentamethylchromene",CC1=CC(C)(C)Oc2c1cc(O)c(C)c2C,tert-RO2*,,,2000000.0,297.0,,,,,,Journal Tables 6 and 7,True,-5.499469757080078,-0.28662213683128357,5.2128476202487946
"4-Methoxy-2,3,5,6-tetramethylphenol",COc1c(C)c(C)c(O)c(C)c1C,tert-RO2*,,,280000.0,297.0,,,,,,Journal Tables 6 and 7,True,-5.467630863189697,0.5527557134628296,6.020386576652527
Piperidine,C1CCNCC1,tert-RO2*,,,21.0,303.0,,,,,,Journal Tables 6 and 7,True,-6.399647235870361,1.15363609790802,7.553283333778381
Pyrrolidine,C1CCNC1,tert-RO2*,,,380.0,303.0,,,,,,Journal Tables 6 and 7,True,-6.454522609710693,1.8534938097000122,8.308016419410706
"alpha-Tetralin hydroperoxide, deuterated (OOD)",[2H]OOC1CCCc2ccccc21,tert-RO2*,,,0.5,190.0,,,,,,Journal Tables 6 and 7,True,-6.053426742553711,-0.07819822430610657,5.975228518247604
"2,3,5,6-Tetramethylphenol",Cc1cc(C)c(C)c(O)c1C,tert-RO2*,,,69000.0,297.0,,,,,,Journal Tables 6 and 7,True,-5.535811424255371,0.4681470990180969,6.003958523273468
alpha-Tocopherol,Cc1c(C)c2c(c(C)c1O)CCC(C)(CCCC(C)CCCC(C)CCCC(C)C)O2,tert-RO2*,,,2600000.0,297.0,,,,,,Journal Tables 6 and 7,True,-5.149246692657471,0.08438126742839813,5.233627960085869
gamma-Tocopherol,Cc1cc(O)c(C)c2c1OC(C)(CCCC(C)CCCC(C)CCCC(C)C)CC2,tert-RO2*,,,700000.0,297.0,,,,,,Journal Tables 6 and 7,True,-5.460433483123779,0.3900592625141144,5.850492745637894
delta-Tocopherol,Cc1cc(O)cc2c1OC(C)(CCCC(C)CCCC(C)CCCC(C)C)CC2,tert-RO2*,,,330000.0,297.0,,,,,,Journal Tables 6 and 7,True,-5.551511287689209,0.30757179856300354,5.8590830862522125
Triethylamine,CCN(CC)CC,tert-RO2*,,,23.0,303.0,,,,,,Journal Tables 6 and 7,True,-5.883360385894775,2.474022150039673,8.357382535934448
Triphenylmethyl hydroperoxide,OOC(c1ccccc1)(c1ccccc1)c1ccccc1,tert-RO2*,,,700.0,294.0,,,,,,Journal Tables 6 and 7,True,-6.087307453155518,-0.2519640326499939,5.835343420505524
"3,7-Dioctylphenothiazine",CCCCCCCCc1cc2c(cc1CCCCCCCC)Sc1ccccc1N2,sec-RO2*,,,21000000.0,298.0,,,,,,Journal Tables 6 and 7,True,-4.76580286026001,-0.6676412224769592,4.0981616377830505
Phenothiazine,c1ccc2c(c1)Nc1ccccc1S2,sec-RO2*,,,3400000.0,298.0,,,,,,Journal Tables 6 and 7,True,-4.9174323081970215,-0.5425549745559692,4.374877333641052
3-tert-Butyl-4-hydroxyanisole,COc1ccc(O)c(C(C)(C)C)c1,sec-RO2*,,,3400000.0,298.0,,,,,,Journal Tables 6 and 7,True,-5.413139820098877,0.17726542055606842,5.590405240654945
"2,6-Di-tert-butyl-4-methylphenol",Cc1cc(C(C)(C)C)cc(C(C)(C)C)c1O,sec-RO2*,,,10000.0,298.0,,,,,,Journal Tables 6 and 7,True,-5.58491849899292,0.044830840080976486,5.629749339073896
Diphenylamine,c1ccc(Nc2ccccc2)cc1,sec-RO2*,,,3000000.0,298.0,,,,,,Journal Tables 6 and 7,True,-5.04032564163208,0.006143268197774887,5.046468909829855
"N,N'-Diphenyl-p-phenylenediamine",c1ccc(Nc2ccc(Nc3ccccc3)cc2)cc1,sec-RO2*,,,40000000.0,298.0,,,,,,Journal Tables 6 and 7,True,-4.886589527130127,-0.04270864650607109,4.843880880624056
alpha-Tocopherol,Cc1c(C)c2c(c(C)c1O)CCC(C)(CCCC(C)CCCC(C)CCCC(C)C)O2,sec-RO2*,,,7900000.0,298.0,,,,,,Journal Tables 6 and 7,True,-5.149246692657471,0.08438095450401306,5.233627647161484
4-tert-Butyl-N-(4-tert-butylphenyl)-1-naphthylamine-N-oxyl,CC(C)(C)c1ccc(N([O])c2ccc3cc(C(C)(C)C)ccc3c2)cc1,tert-RO2*,,,1400.0,253.0,,,,,,Journal Tables 6 and 7,True,-5.4213738441467285,-0.5848550796508789,4.83651876449585
N-(4-tert-Butylphenyl)-1-naphthylamine-N-oxyl,CC(C)(C)c1ccc(N([O])c2cccc3ccccc23)cc1,tert-RO2*,,,3400.0,253.0,,,,,,Journal Tables 6 and 7,True,-5.5854878425598145,-0.709529459476471,4.8759583830833435
"3,8-Di-tert-butyl-N-(4-tert-butylphenyl)-1-naphthylamine-N-oxyl",CC(C)(C)c1ccc(N([O])c2cc3cccc(C(C)(C)C)c3cc2C(C)(C)C)cc1,tert-RO2*,,,3300.0,253.0,,,,,,Journal Tables 6 and 7,True,-5.413449287414551,-0.6400242447853088,4.773425042629242
alpha-Tocopherol,Cc1c(C)c2c(c(C)c1O)CCC(C)(CCCC(C)CCCC(C)CCCC(C)C)O2,RO2*,,,14000000.0,298.0,,,,,,Journal Tables 6 and 7,True,-5.149246692657471,0.08438095450401306,5.233627647161484
"5,10,15,20-Tetrakis(4-methylphenyl)porphinatozinc(II)",CC1=CC=C(C=C1)C2=C3C=CC(=C(C4=NC(=C(C5=CC=C([N-]5)C(=C6C=CC2=N6)C7=CC=C(C=C7)C)C8=CC=C(C=C8)C)C=C4)C9=CC=C(C=C9)C)[N-]3.[Zn+2],RO2*,,,1000000000.0,298.0,,,,,,Journal Tables 6 and 7,True,-4.883007526397705,-2.8518970012664795,2.0311105251312256
"5,10,15,20-Tetrakis(4-methylphenyl)porphinatozinc(II) pyridine complex",CC1=CC=C(C=C1)C2=C3C=CC(=C(C4=NC(=C(C5=CC=C([N-]5)C(=C6C=CC2=N6)C7=CC=C(C=C7)C)C8=CC=C(C=C8)C)C=C4)C9=CC=C(C=C9)C)[N-]3.[Zn+2].n1ccccc1,RO2*,,,26000000.0,298.0,,,,,,Journal Tables 6 and 7,True,-4.887433052062988,-2.856477737426758,2.0309553146362305
Aniline,Nc1ccccc1,RO2*,,,50000.0,298.0,,,,,,Journal Tables 6 and 7,True,-5.415777683258057,0.6863420009613037,6.10211968421936
4-Methoxyphenol,COc1ccc(O)cc1,RO2*,,,200000.0,298.0,,,,,,Journal Tables 6 and 7,True,-5.547805309295654,0.3980102837085724,5.945815593004227
Arachidonic acid,CCCCC/C=C\C/C=C\C/C=C\C/C=C\CCCC(=O)O,sec-RO2*,,,1500000.0,298.0,,,,,,Journal Tables 6 and 7,True,-5.389090061187744,0.19662337005138397,5.585713431239128
"2,2'-Azinobis(3-ethylbenzothiazoline-6-sulfonate ion)",CCn1/c(=N\N=c2\sc3cc(S(=O)(=O)[O-])ccc3n2CC)sc2cc(S(=O)(=O)[O-])ccc21,sec-RO2*,,,500000000.0,298.0,,,,,,Journal Tables 6 and 7,True,-5.530018329620361,-2.4644384384155273,3.065579891204834
Dimethyl sulfide,CSC,sec-RO2*,,,6000000.0,298.0,,,,,,Journal Tables 6 and 7,True,-6.58886194229126,0.19788864254951477,6.7867505848407745
Linoleic acid,CCCCC/C=C\C/C=C\CCCCCCCC(=O)O,sec-RO2*,,,800000.0,298.0,,,,,,Journal Tables 6 and 7,True,-5.507608890533447,0.5880709290504456,6.095679819583893
Oleic acid,CCCCCCCC/C=C\CCCCCCCC(=O)O,sec-RO2*,,,300000.0,298.0,,,,,,Journal Tables 6 and 7,True,-5.797889709472656,0.41499289870262146,6.212882608175278
"N,N,N',N'-Tetramethyl-p-phenylenediamine",CN(C)c1ccc(N(C)C)cc1,tert-RO2*,,20.0,4800.0,200.0,,,,,,Journal Tables 6 and 7,True,-5.144876956939697,0.2757175862789154,5.420594543218613
"3,5-Di-tert-butyl-4-hydroxybenzaldehyde",CC(C)(C)c1cc(C=O)cc(C(C)(C)C)c1O,tert-RO2*,,3.3,690.0,200.0,,,,,,Journal Tables 6 and 7,True,-5.986979961395264,-1.2065800428390503,4.780399918556213
"3,5-Di-tert-butyl-4-hydroxybenzoic acid",CC(C)(C)c1cc(C(=O)O)cc(C(C)(C)C)c1O,tert-RO2*,,4.2,510.0,200.0,,,,,,Journal Tables 6 and 7,True,-5.91719913482666,-0.941586971282959,4.975612163543701
"O-d-2,6-Di-tert-butyl-4-methoxyphenol",[2H]Oc1cc(C(C)(C)C)cc(C(C)(C)C)c1OC,tert-RO2*,,2.1,1400.0,200.0,,,,,,Journal Tables 6 and 7,True,-5.653260231018066,-0.07063400745391846,5.582626223564148
"O-d-2,6-Di-tert-butyl-4-methylphenol",[2H]Oc1cc(C(C)(C)C)cc(C(C)(C)C)c1C,tert-RO2*,,5.9,460.0,200.0,,,,,,Journal Tables 6 and 7,True,-5.719302654266357,-0.06348089873790741,5.65582175552845
"2,6-Di-tert-butylphenol",CC(C)(C)c1cccc(C(C)(C)C)c1O,tert-RO2*,,4.2,1600.0,200.0,,,,,,Journal Tables 6 and 7,True,-5.668120384216309,-0.23425592482089996,5.433864459395409
"O-d-2,6-Di-tert-butylphenol",[2H]Oc1cccc(C(C)(C)C)c1C(C)(C)C,tert-RO2*,,5.0,99.0,200.0,,,,,,Journal Tables 6 and 7,True,-5.707584381103516,-0.30722343921661377,5.400360941886902
Diphenylphosphine,c1ccc(Pc2ccccc2)cc1,tert-RO2*,,10.5,180.0,200.0,,,,,,Journal Tables 6 and 7,True,-5.833553314208984,-0.6330423951148987,5.200510919094086
"2-Methoxy-1,3,2-dioxaphospholane",COP1OCCO1,tert-RO2*,,19.0,11.0,200.0,,,,,,Journal Tables 6 and 7,True,-7.131849765777588,1.9587547779083252,9.090604543685913
Methoxydiphenylphosphine,COP(c1ccccc1)c1ccccc1,tert-RO2*,,5.4,190.0,200.0,,,,,,Journal Tables 6 and 7,True,-6.168915271759033,-0.2631138861179352,5.905801385641098
N-Methylaniline,CNc1ccccc1,tert-RO2*,,10.5,570.0,200.0,,,,,,Journal Tables 6 and 7,True,-5.4120192527771,0.6414464116096497,6.053465664386749
Methyldiphenylphosphine,CP(c1ccccc1)c1ccccc1,tert-RO2*,,6.3,2800.0,200.0,,,,,,Journal Tables 6 and 7,True,-6.097506999969482,-0.002552393823862076,6.09495460614562
2-Naphthalenethiol,Sc1ccc2ccccc2c1,tert-RO2*,,6.3,1400.0,200.0,,,,,,Journal Tables 6 and 7,True,-5.983951091766357,-0.9899021983146667,4.994048893451691
1-Naphthylamine,Nc1cccc2ccccc12,tert-RO2*,,4.2,1300.0,200.0,,,,,,Journal Tables 6 and 7,True,-5.335491180419922,-0.14620672166347504,5.189284458756447
1-Naphthylamine-N-d2,[2H]N([2H])c1cccc2ccccc12,tert-RO2*,,4.2,80.0,200.0,,,,,,Journal Tables 6 and 7,True,-5.592899322509766,-0.4980987012386322,5.094800621271133
2-Naphthylamine,Nc1ccc2ccccc2c1,tert-RO2*,,9.6,310.0,200.0,,,,,,Journal Tables 6 and 7,True,-5.086105823516846,-0.4508858323097229,4.635219991207123
1-Naphthol,Oc1cccc2ccccc12,tert-RO2*,,7.1,35000.0,200.0,,,,,,Journal Tables 6 and 7,True,-5.9294962882995605,-0.3881395161151886,5.541356772184372
1-Naphthol-O-d,[2H]Oc1cccc2ccccc12,tert-RO2*,,11.3,2800.0,200.0,,,,,,Journal Tables 6 and 7,True,-5.836355686187744,-0.46554678678512573,5.370808899402618
2-Naphthol,Oc1ccc2ccccc2c1,tert-RO2*,,10.8,3800.0,200.0,,,,,,Journal Tables 6 and 7,True,-5.694347858428955,-0.6924675703048706,5.0018802881240845
Phenol,Oc1ccccc1,tert-RO2*,,21.8,32.0,200.0,,,,,,Journal Tables 6 and 7,True,-6.048270225524902,0.22346003353595734,6.27173025906086
N-Phenyl-1-naphthylamine,c1ccc(Nc2cccc3ccccc23)cc1,tert-RO2*,,4.2,10000.0,200.0,,,,,,Journal Tables 6 and 7,True,-5.158389568328857,-0.4157962203025818,4.742593348026276
N-Phenyl-1-naphthylamine-N-d1,[2H]N(c1ccccc1)c1cccc2ccccc12,tert-RO2*,,2.9,1100.0,200.0,,,,,,Journal Tables 6 and 7,True,-5.476988315582275,-0.5117479562759399,4.9652403593063354
Propionaldehyde,CCC=O,tert-RO2*,,28.0,0.06,200.0,,,,,,Journal Tables 6 and 7,True,-7.200089931488037,-0.6229752898216248,6.577114641666412
alpha-Tetralin hydroperoxide,OOC1CCCc2ccccc21,tert-RO2*,,18.8,12.0,200.0,,,,,,Journal Tables 6 and 7,True,-6.22585916519165,-0.3051421344280243,5.920717030763626
Thiophenol,Sc1ccccc1,tert-RO2*,,4.6,2000.0,200.0,,,,,,Journal Tables 6 and 7,True,-6.394001483917236,-0.25205814838409424,6.141943335533142
Triallyl phosphite,C=CCOP(OCC=C)OCC=C,tert-RO2*,,15.5,45.0,200.0,,,,,,Journal Tables 6 and 7,True,-6.289002418518066,0.2845844030380249,6.573586821556091
"2,4,6-Tri-tert-butylphenol",CC(C)(C)c1cc(C(C)(C)C)c(O)c(C(C)(C)C)c1,tert-RO2*,,2.1,4500.0,200.0,,,,,,Journal Tables 6 and 7,True,-5.53245210647583,-0.00046876445412635803,5.531983342021704
Tri(tert-butyl) phosphite,CC(C)(C)OP(OC(C)(C)C)OC(C)(C)C,tert-RO2*,,23.0,0.51,200.0,,,,,,Journal Tables 6 and 7,True,-6.797682285308838,1.8250077962875366,8.622690081596375
Tri(4-chlorophenyl)phosphine,Clc1ccc(P(c2ccc(Cl)cc2)c2ccc(Cl)cc2)cc1,tert-RO2*,,17.0,230.0,200.0,,,,,,Journal Tables 6 and 7,True,-6.166046619415283,-1.117948055267334,5.048098564147949
Triethyl phosphite,CCOP(OCC)OCC,tert-RO2*,,14.0,22.0,200.0,,,,,,Journal Tables 6 and 7,True,-6.864501953125,1.400609016418457,8.265110969543457
Tri(4-fluorophenyl)phosphine,Fc1ccc(P(c2ccc(F)cc2)c2ccc(F)cc2)cc1,tert-RO2*,,13.0,16.0,200.0,,,,,,Journal Tables 6 and 7,True,-6.033584117889404,-0.9010686278343201,5.132515490055084
Triisopropyl phosphite,CC(C)OP(OC(C)C)OC(C)C,tert-RO2*,,18.0,32.0,200.0,,,,,,Journal Tables 6 and 7,True,-6.796408176422119,1.901030421257019,8.697438597679138
Tri(4-methoxyphenyl)phosphine,COc1ccc(P(c2ccc(OC)cc2)c2ccc(OC)cc2)cc1,tert-RO2*,,13.0,320.0,200.0,,,,,,Journal Tables 6 and 7,True,-5.555416584014893,-0.4078158140182495,5.147600769996643
Tri(4-methylphenyl)phosphine,Cc1ccc(P(c2ccc(C)cc2)c2ccc(C)cc2)cc1,tert-RO2*,,16.0,130.0,200.0,,,,,,Journal Tables 6 and 7,True,-5.826205253601074,-0.4379563629627228,5.388248890638351
Trimethyl phosphite,COP(OC)OC,tert-RO2*,,16.0,33.0,200.0,,,,,,Journal Tables 6 and 7,True,-7.033313274383545,1.8235214948654175,8.856834769248962
Triphenylphosphine,c1ccc(P(c2ccccc2)c2ccccc2)cc1,tert-RO2*,,12.5,430.0,200.0,,,,,,Journal Tables 6 and 7,True,-5.824090480804443,-0.5485630035400391,5.275527477264404
Triphenyl phosphite,c1ccc(OP(Oc2ccccc2)Oc2ccccc2)cc1,tert-RO2*,,20.0,120.0,200.0,,,,,,Journal Tables 6 and 7,True,-5.67726469039917,-0.36446917057037354,5.312795519828796
2-Naphthol-O-d,[2H]Oc1ccc2ccccc2c1,tert-RO2*,,16.0,210.0,200.0,,,,,,Journal Tables 6 and 7,True,-5.708080768585205,-0.6414549350738525,5.0666258335113525
4-tert-Butyl-N-(4-tert-butylphenyl)-1-naphthylamine,CC(C)(C)c1ccc(Nc2ccc3cc(C(C)(C)C)ccc3c2)cc1,tert-RO2*,,8.3,12000.0,200.0,,,,,,Journal Tables 6 and 7,True,-5.122799873352051,-0.5008153915405273,4.621984481811523
N-tert-Butyl-2-naphthylamine,CC(C)(C)Nc1ccc2ccccc2c1,tert-RO2*,,7.2,250.0,200.0,,,,,,Journal Tables 6 and 7,True,-5.198898792266846,-0.5072441101074219,4.691654682159424
N-tert-Butyl-N-hydroxy-2-naphthylamine,CC(C)(C)N(O)c1ccc2ccccc2c1,tert-RO2*,,4.6,17000.0,200.0,,,,,,Journal Tables 6 and 7,True,-5.5821661949157715,-0.6572349071502686,4.924931287765503
N-(4-tert-Butylphenyl)-1-naphthylamine,CC(C)(C)c1ccc(Nc2cccc3ccccc23)cc1,tert-RO2*,,14.6,8500.0,200.0,,,,,,Journal Tables 6 and 7,True,-5.004068374633789,-0.407843679189682,4.596224695444107
"3,8-Di-tert-butyl-N-(4-tert-butylphenyl)-1-naphthylamine",CC(C)(C)c1ccc(Nc2cc3cccc(C(C)(C)C)c3cc2C(C)(C)C)cc1,tert-RO2*,,13.9,12000.0,200.0,,,,,,Journal Tables 6 and 7,True,-5.0427398681640625,-0.6273719072341919,4.415367960929871
"3,8-Di-tert-butyl-N-phenyl-1-naphthylamine",CC(C)(C)c1cc2cccc(Nc3ccccc3)c2cc1C(C)(C)C,tert-RO2*,,11.1,23000.0,200.0,,,,,,Journal Tables 6 and 7,True,-4.929991722106934,-0.8289076685905457,4.101084053516388
Diphenylamine,c1ccc(Nc2ccccc2)cc1,tert-RO2*,,6.5,920.0,200.0,,,,,,Journal Tables 6 and 7,True,-5.04032564163208,0.006143227219581604,5.046468868851662
N-Phenyl-2-naphthylamine,c1ccc(Nc2ccc3ccccc3c2)cc1,tert-RO2*,,9.5,790.0,200.0,,,,,,Journal Tables 6 and 7,True,-4.942945957183838,-0.5914635062217712,4.351482450962067
C6H5NH2,Nc1ccccc1,HO2*,-$0.80,19.5,570000.0,400.0,,Amine,Electron Transfer,,,4.2 Table,True,-5.415777683258057,0.6863418221473694,6.102119505405426
C6H5NH2,Nc1ccccc1,sec-RO2*,$2.70,21.2,170000.0,400.0,,Amine,Electron Transfer,,,4.2 Table,True,-5.415777683258057,0.6863417029380798,6.1021193861961365
C6H5NH2,Nc1ccccc1,tert-RO2*,$9.60,24.6,120000.0,400.0,,Amine,Electron Transfer,,,4.2 Table,True,-5.415777683258057,0.6863417029380798,6.1021193861961365
C6H5(CH3)NH,CNc1ccccc1,HO2*,-$2.90,18.5,380000.0,400.0,,Amine,Electron Transfer,,,4.2 Table,True,-5.4120192527771,0.6414462924003601,6.05346554517746
C6H5(CH3)NH,CNc1ccccc1,sec-RO2*,$0.60,20.1,240000.0,400.0,,Amine,Electron Transfer,,,4.2 Table,True,-5.4120192527771,0.6414462924003601,6.05346554517746
C6H5(CH3)NH,CNc1ccccc1,tert-RO2*,$7.50,23.5,85000.0,400.0,,Amine,Electron Transfer,,,4.2 Table,True,-5.4120192527771,0.6414462924003601,6.05346554517746
(CH3)2NH,CNC,HO2*,$13.80,26.8,32000.0,400.0,,Amine,Electron Transfer,,,4.2 Table,True,-6.4149394035339355,1.1896883249282837,7.604627728462219
(CH3)2NH,CNC,sec-RO2*,$17.30,28.6,18000.0,400.0,,Amine,Electron Transfer,,,4.2 Table,True,-6.4149394035339355,1.1896883249282837,7.604627728462219
(CH3)2NH,CNC,tert-RO2*,$24.20,32.4,5900.0,400.0,,Amine,Electron Transfer,,,4.2 Table,True,-6.4149394035339355,1.1896883249282837,7.604627728462219
C6H5NH2,Nc1ccccc1,HO2*,-$0.80,19.5,170000.0,333.0,,Amine,Electron Transfer,,,4.2 Table,True,-5.415777683258057,0.6863417029380798,6.1021193861961365
C6H5NH2,Nc1ccccc1,sec-RO2*,$2.70,21.2,94000.0,333.0,,Amine,Electron Transfer,,,4.2 Table,True,-5.415777683258057,0.6863417029380798,6.1021193861961365
C6H5NH2,Nc1ccccc1,tert-RO2*,$9.60,24.6,28000.0,333.0,,Amine,Electron Transfer,,,4.2 Table,True,-5.415777683258057,0.6863417029380798,6.1021193861961365
C6H5(CH3)NH,CNc1ccccc1,HO2*,-$2.90,18.5,130000.0,333.0,,Amine,Electron Transfer,,,4.2 Table,True,-5.4120192527771,0.6414462924003601,6.05346554517746
C6H5(CH3)NH,CNc1ccccc1,sec-RO2*,$0.60,20.1,70000.0,333.0,,Amine,Electron Transfer,,,4.2 Table,True,-5.4120192527771,0.6414462924003601,6.05346554517746
C6H5(CH3)NH,CNc1ccccc1,tert-RO2*,$7.50,23.5,21000.0,333.0,,Amine,Electron Transfer,,,4.2 Table,True,-5.4120192527771,0.6414462924003601,6.05346554517746
(CH3)2NH,CNC,HO2*,$13.80,26.8,6300.0,333.0,,Amine,Electron Transfer,,,4.2 Table,True,-6.4149394035339355,1.1896883249282837,7.604627728462219
(CH3)2NH,CNC,sec-RO2*,$17.30,28.6,3300.0,333.0,,Amine,Electron Transfer,,,4.2 Table,True,-6.4149394035339355,1.1896883249282837,7.604627728462219
(CH3)2NH,CNC,tert-RO2*,$24.20,32.4,830.0,333.0,,Amine,Electron Transfer,,,4.2 Table,True,-6.4149394035339355,1.1896883249282837,7.604627728462219
CH3(CH2)3CH3,CCCCC,HO2*,$34.30,60.3,0.21,333.0,,Hydrocarbon,Hydrogen Abstraction,,,2.1 Table,True,-6.845219135284424,0.8316068649291992,7.676826000213623
CH3(CH2)3CH3,CCCCC,sec-RO2*,$37.80,62.2,0.11,333.0,,Hydrocarbon,Hydrogen Abstraction,,,2.1 Table,True,-6.845219135284424,0.8316068649291992,7.676826000213623
CH3(CH2)3CH3,CCCCC,tert-RO2*,$44.70,65.8,0.02,333.0,,Hydrocarbon,Hydrogen Abstraction,,,2.1 Table,True,-6.845219135284424,0.8316068649291992,7.676826000213623
(CH3)2CHCH2CH3,CCC(C)C,HO2*,$23.20,54.8,0.25,333.0,,Hydrocarbon,Hydrogen Abstraction,,,2.1 Table,True,-6.913702964782715,1.6748652458190918,8.588568210601807
(CH3)2CHCH2CH3,CCC(C)C,sec-RO2*,$26.70,56.5,0.14,333.0,,Hydrocarbon,Hydrogen Abstraction,,,2.1 Table,True,-6.913702964782715,1.6748652458190918,8.588568210601807
(CH3)2CHCH2CH3,CCC(C)C,tert-RO2*,$33.60,60.0,0.04,333.0,,Hydrocarbon,Hydrogen Abstraction,,,2.1 Table,True,-6.913702964782715,1.6748652458190918,8.588568210601807
C(CH3)4,CC(C)(C)C,HO2*,$49.40,68.3,0.02,333.0,,Hydrocarbon,Hydrogen Abstraction,,,2.1 Table,True,-6.9551472663879395,2.0478782653808594,9.003025531768799
C(CH3)4,CC(C)(C)C,sec-RO2*,$52.90,70.3,0.01,333.0,,Hydrocarbon,Hydrogen Abstraction,,,2.1 Table,True,-6.9551472663879395,2.0478782653808594,9.003025531768799
C(CH3)4,CC(C)(C)C,tert-RO2*,$59.80,74.1,0.03,333.0,,Hydrocarbon,Hydrogen Abstraction,,,2.1 Table,True,-6.9551472663879395,2.0478782653808594,9.003025531768799
cyclo-C5H10,C1CCCC1,HO2*,$26.40,56.4,1.42,333.0,,Hydrocarbon,Hydrogen Abstraction,,,2.1 Table,True,-6.69976806640625,2.180060386657715,8.879828453063965
cyclo-C5H10,C1CCCC1,sec-RO2*,$29.90,58.1,0.77,333.0,,Hydrocarbon,Hydrogen Abstraction,,,2.1 Table,True,-6.69976806640625,2.180060386657715,8.879828453063965
cyclo-C5H10,C1CCCC1,tert-RO2*,$36.80,61.6,0.22,333.0,,Hydrocarbon,Hydrogen Abstraction,,,2.1 Table,True,-6.69976806640625,2.180060386657715,8.879828453063965
cyclo-C6H12,C1CCCCC1,HO2*,$30.60,58.5,0.8,333.0,,Hydrocarbon,Hydrogen Abstraction,,,2.1 Table,True,-6.795144081115723,2.074735403060913,8.869879484176636
cyclo-C6H12,C1CCCCC1,sec-RO2*,$34.10,60.2,0.44,333.0,,Hydrocarbon,Hydrogen Abstraction,,,2.1 Table,True,-6.795144081115723,2.074735403060913,8.869879484176636
cyclo-C6H12,C1CCCCC1,tert-RO2*,$41.00,63.8,0.18,333.0,,Hydrocarbon,Hydrogen Abstraction,,,2.1 Table,True,-6.795144081115723,2.074735403060913,8.869879484176636
cyclo-C6H11CH3,CC1CCCCC1,HO2*,$30.30,53.4,1.22,333.0,,Hydrocarbon,Hydrogen Abstraction,,,2.1 Table,True,-6.782040596008301,1.3510369062423706,8.133077502250671
cyclo-C6H11CH3,CC1CCCCC1,sec-RO2*,$23.80,55.1,0.67,333.0,,Hydrocarbon,Hydrogen Abstraction,,,2.1 Table,True,-6.782040596008301,1.3510369062423706,8.133077502250671
cyclo-C6H11CH3,CC1CCCCC1,tert-RO2*,$30.70,58.5,0.25,333.0,,Hydrocarbon,Hydrogen Abstraction,,,2.1 Table,True,-6.782040596008301,1.3510369062423706,8.133077502250671
CH2=CHCH3,C=CC,HO2*,-$5.80,54.7,0.08,333.0,,Hydrocarbon,Hydrogen Abstraction,,,2.1 Table,True,-6.78818941116333,0.28455978631973267,7.072749197483063
CH2=CHCH3,C=CC,sec-RO2*,-$2.30,56.2,0.05,333.0,,Hydrocarbon,Hydrogen Abstraction,,,2.1 Table,True,-6.78818941116333,0.28455978631973267,7.072749197483063
CH2=CHCH3,C=CC,tert-RO2*,$4.60,59.3,0.02,333.0,,Hydrocarbon,Hydrogen Abstraction,,,2.1 Table,True,-6.78818941116333,0.28455978631973267,7.072749197483063
cis-CH3CH=CHCH3,C/C=C\C,HO2*,-$18.00,49.5,1.0,333.0,,Hydrocarbon,Hydrogen Abstraction,,,2.1 Table,True,-6.28187894821167,1.1292730569839478,7.411152005195618
cis-CH3CH=CHCH3,C/C=C\C,sec-RO2*,-$14.50,51.0,0.6,333.0,,Hydrocarbon,Hydrogen Abstraction,,,2.1 Table,True,-6.28187894821167,1.1292730569839478,7.411152005195618
cis-CH3CH=CHCH3,C/C=C\C,tert-RO2*,-$7.60,53.9,0.2,333.0,,Hydrocarbon,Hydrogen Abstraction,,,2.1 Table,True,-6.28187894821167,1.1292730569839478,7.411152005195618
trans-CH3CH=CHCH3,C/C=C/C,HO2*,-$16.40,50.2,0.8,333.0,,Hydrocarbon,Hydrogen Abstraction,,,2.1 Table,True,-6.286075115203857,1.1368783712387085,7.422953486442566
trans-CH3CH=CHCH3,C/C=C/C,sec-RO2*,-$12.90,51.6,0.5,333.0,,Hydrocarbon,Hydrogen Abstraction,,,2.1 Table,True,-6.286075115203857,1.1368783712387085,7.422953486442566
trans-CH3CH=CHCH3,C/C=C/C,tert-RO2*,-$6.00,54.6,0.2,333.0,,Hydrocarbon,Hydrogen Abstraction,,,2.1 Table,True,-6.286075115203857,1.1368783712387085,7.422953486442566
CH2=CHCH2CH3,C=CCC,HO2*,-$28.90,45.1,1.7,333.0,,Hydrocarbon,Hydrogen Abstraction,,,2.1 Table,True,-6.803316593170166,0.6652650237083435,7.4685816168785095
CH2=CHCH2CH3,C=CCC,sec-RO2*,-$24.70,46.8,0.9,333.0,,Hydrocarbon,Hydrogen Abstraction,,,2.1 Table,True,-6.803316593170166,0.6652650237083435,7.4685816168785095
CH2=CHCH2CH3,C=CCC,tert-RO2*,-$17.80,49.6,0.3,333.0,,Hydrocarbon,Hydrogen Abstraction,,,2.1 Table,True,-6.803316593170166,0.6652650237083435,7.4685816168785095
CH2=CHCH(CH3)2,C=CC(C)C,HO2*,-$33.60,43.2,1.7,333.0,,Hydrocarbon,Hydrogen Abstraction,,,2.1 Table,True,-6.7399396896362305,0.9060342907905579,7.645973980426788
CH2=CHCH(CH3)2,C=CC(C)C,sec-RO2*,-$30.10,44.6,1.0,333.0,,Hydrocarbon,Hydrogen Abstraction,,,2.1 Table,True,-6.7399396896362305,0.9060342907905579,7.645973980426788
CH2=CHCH(CH3)2,C=CC(C)C,tert-RO2*,-$23.20,47.4,0.4,333.0,,Hydrocarbon,Hydrogen Abstraction,,,2.1 Table,True,-6.7399396896362305,0.9060342907905579,7.645973980426788
CH3CH=C(CH3)2,CC=C(C)C,HO2*,-$20.80,48.3,1.6,333.0,,Hydrocarbon,Hydrogen Abstraction,,,2.1 Table,True,-6.522738933563232,0.5483453273773193,7.071084260940552
CH3CH=C(CH3)2,CC=C(C)C,sec-RO2*,-$17.30,49.8,0.9,333.0,,Hydrocarbon,Hydrogen Abstraction,,,2.1 Table,True,-6.522738933563232,0.5483453273773193,7.071084260940552
CH3CH=C(CH3)2,CC=C(C)C,tert-RO2*,-$10.40,52.7,0.3,333.0,,Hydrocarbon,Hydrogen Abstraction,,,2.1 Table,True,-6.522738933563232,0.5483453273773193,7.071084260940552
(CH3)2C=C(CH3)2,CC(C)=C(C)C,HO2*,-$20.30,48.6,2.8,333.0,,Hydrocarbon,Hydrogen Abstraction,,,2.1 Table,True,-6.581624507904053,1.2357667684555054,7.817391276359558
(CH3)2C=C(CH3)2,CC(C)=C(C)C,sec-RO2*,-$16.80,50.1,1.6,333.0,,Hydrocarbon,Hydrogen Abstraction,,,2.1 Table,True,-6.581624507904053,1.2357667684555054,7.817391276359558
(CH3)2C=C(CH3)2,CC(C)=C(C)C,tert-RO2*,-$9.90,52.9,0.6,333.0,,Hydrocarbon,Hydrogen Abstraction,,,2.1 Table,True,-6.581624507904053,1.2357667684555054,7.817391276359558
cyclo-C5H8,C1=CCCC1,HO2*,-$30.80,44.3,45.0,333.0,,Hydrocarbon,Hydrogen Abstraction,,,2.1 Table,True,-6.281416416168213,1.6034438610076904,7.884860277175903
cyclo-C5H8,C1=CCCC1,sec-RO2*,-$27.30,45.7,27.0,333.0,,Hydrocarbon,Hydrogen Abstraction,,,2.1 Table,True,-6.281416416168213,1.6034438610076904,7.884860277175903
cyclo-C5H8,C1=CCCC1,tert-RO2*,-$20.40,48.5,10.0,333.0,,Hydrocarbon,Hydrogen Abstraction,,,2.1 Table,True,-6.281416416168213,1.6034438610076904,7.884860277175903
cyclo-C6H10,C1=CCCCC1,sec-RO2*,-$28.20,45.4,30.0,333.0,,Hydrocarbon,Hydrogen Abstraction,,,2.1 Table,True,-6.278054714202881,1.5194772481918335,7.797531962394714
cyclo-C6H10,C1=CCCCC1,tert-RO2*,-$21.30,48.1,11.0,333.0,,Hydrocarbon,Hydrogen Abstraction,,,2.1 Table,True,-6.278054714202881,1.5194772481918335,7.797531962394714
cyclo-C6H10,C1=CCCCC1,HO2*,-$31.70,44.0,50.0,333.0,,Hydrocarbon,Hydrogen Abstraction,,,2.1 Table,True,-6.278054714202881,1.5194772481918335,7.797531962394714
Cyclopentadiene,C1=CCC=C1,HO2*,-$71.80,29.4,5000.0,333.0,,Hydrocarbon,Hydrogen Abstraction,,,2.1 Table,True,-5.395196437835693,0.7185496687889099,6.113746106624603
Cyclopentadiene,C1=CCC=C1,sec-RO2*,-$68.30,30.6,3200.0,333.0,,Hydrocarbon,Hydrogen Abstraction,,,2.1 Table,True,-5.395196437835693,0.7185496687889099,6.113746106624603
Cyclopentadiene,C1=CCC=C1,tert-RO2*,-$61.40,33.0,1300.0,333.0,,Hydrocarbon,Hydrogen Abstraction,,,2.1 Table,True,-5.395196437835693,0.7185495495796204,6.113745987415314
"1,3-Cyclohexadiene",C1=CCCC=C1,HO2*,-$63.60,32.2,3500.0,333.0,,Hydrocarbon,Hydrogen Abstraction,,,2.1 Table,True,-5.468384265899658,0.8210751414299011,6.289459407329559
"1,3-Cyclohexadiene",C1=CCCC=C1,sec-RO2*,-$60.10,33.4,2300.0,333.0,,Hydrocarbon,Hydrogen Abstraction,,,2.1 Table,True,-5.468384265899658,0.8210751414299011,6.289459407329559
"1,3-Cyclohexadiene",C1=CCCC=C1,tert-RO2*,-$53.20,35.9,930.0,333.0,,Hydrocarbon,Hydrogen Abstraction,,,2.1 Table,True,-5.468384265899658,0.8210751414299011,6.289459407329559
C6H5CH3,Cc1ccccc1,HO2*,-$0.80,48.1,0.86,333.0,,Hydrocarbon,Hydrogen Abstraction,,,2.1 Table,True,-6.368554592132568,0.22428791224956512,6.5928425043821335
C6H5CH3,Cc1ccccc1,sec-RO2*,$2.70,49.7,0.48,333.0,,Hydrocarbon,Hydrogen Abstraction,,,2.1 Table,True,-6.368554592132568,0.22428791224956512,6.5928425043821335
C6H5CH3,Cc1ccccc1,tert-RO2*,$9.60,52.8,0.16,333.0,,Hydrocarbon,Hydrogen Abstraction,,,2.1 Table,True,-6.368554592132568,0.22428791224956512,6.5928425043821335
2-CH3C6H5CH3,Cc1ccccc1C,HO2*,$1.90,49.3,1.11,333.0,,Hydrocarbon,Hydrogen Abstraction,,,2.1 Table,True,-6.250431060791016,0.15705539286136627,6.407486453652382
2-CH3C6H5CH3,Cc1ccccc1C,sec-RO2*,$5.40,50.7,0.67,333.0,,Hydrocarbon,Hydrogen Abstraction,,,2.1 Table,True,-6.250431060791016,0.15705539286136627,6.407486453652382
2-CH3C6H5CH3,Cc1ccccc1C,tert-RO2*,$12.30,53.9,0.21,333.0,,Hydrocarbon,Hydrogen Abstraction,,,2.1 Table,True,-6.250431060791016,0.15705539286136627,6.407486453652382
4-CH3C6H4CH3,Cc1ccc(C)cc1,HO2*,-$3.60,46.8,2.74,333.0,,Hydrocarbon,Hydrogen Abstraction,,,2.1 Table,True,-6.18388032913208,0.3395735025405884,6.5234538316726685
4-CH3C6H4CH3,Cc1ccc(C)cc1,sec-RO2*,-$0.10,48.3,1.59,333.0,,Hydrocarbon,Hydrogen Abstraction,,,2.1 Table,True,-6.18388032913208,0.3395735025405884,6.5234538316726685
4-CH3C6H4CH3,Cc1ccc(C)cc1,tert-RO2*,$6.80,51.4,0.52,333.0,,Hydrocarbon,Hydrogen Abstraction,,,2.1 Table,True,-6.18388032913208,0.3395735025405884,6.5234538316726685
4-CH3OC6H4CH3,COc1ccc(C)cc1,HO2*,-$3.80,46.7,1.42,333.0,,Hydrocarbon,Hydrogen Abstraction,,,2.1 Table,True,-5.911076068878174,0.4275988042354584,6.338674873113632
4-CH3OC6H4CH3,COc1ccc(C)cc1,sec-RO2*,-$0.30,48.2,0.83,333.0,,Hydrocarbon,Hydrogen Abstraction,,,2.1 Table,True,-5.911076068878174,0.4275988042354584,6.338674873113632
4-CH3OC6H4CH3,COc1ccc(C)cc1,tert-RO2*,$6.60,51.3,0.27,333.0,,Hydrocarbon,Hydrogen Abstraction,,,2.1 Table,True,-5.911076068878174,0.4275988042354584,6.338674873113632
4-(CH3)3CC6H4CH3,Cc1ccc(C(C)(C)C)cc1,HO2*,-$1.90,47.5,1.06,333.0,,Hydrocarbon,Hydrogen Abstraction,,,2.1 Table,True,-6.1209282875061035,0.2481987625360489,6.369127050042152
4-(CH3)3CC6H4CH3,Cc1ccc(C(C)(C)C)cc1,sec-RO2*,$1.60,49.0,0.62,333.0,,Hydrocarbon,Hydrogen Abstraction,,,2.1 Table,True,-6.1209282875061035,0.2481987625360489,6.369127050042152
4-(CH3)3CC6H4CH3,Cc1ccc(C(C)(C)C)cc1,tert-RO2*,$8.50,52.2,0.19,333.0,,Hydrocarbon,Hydrogen Abstraction,,,2.1 Table,True,-6.1209282875061035,0.2481987625360489,6.369127050042152
4-ClC6H4CH3,Cc1ccc(Cl)cc1,HO2*,-$1.70,47.6,1.02,333.0,,Hydrocarbon,Hydrogen Abstraction,,,2.1 Table,True,-6.456270694732666,-0.39880260825157166,6.057468086481094
4-ClC6H4CH3,Cc1ccc(Cl)cc1,sec-RO2*,$1.80,49.1,0.6,333.0,,Hydrocarbon,Hydrogen Abstraction,,,2.1 Table,True,-6.456270694732666,-0.39880260825157166,6.057468086481094
4-ClC6H4CH3,Cc1ccc(Cl)cc1,tert-RO2*,$8.70,52.2,0.19,333.0,,Hydrocarbon,Hydrogen Abstraction,,,2.1 Table,True,-6.456270694732666,-0.39880260825157166,6.057468086481094
4-CNC6H4CH3,Cc1ccc(C#N)cc1,HO2*,-$7.10,45.2,2.44,333.0,,Hydrocarbon,Hydrogen Abstraction,,,2.1 Table,True,-7.048781871795654,-1.5405864715576172,5.508195400238037
4-CNC6H4CH3,Cc1ccc(C#N)cc1,sec-RO2*,-$3.60,46.8,1.37,333.0,,Hydrocarbon,Hydrogen Abstraction,,,2.1 Table,True,-7.048781871795654,-1.5405864715576172,5.508195400238037
4-CNC6H4CH3,Cc1ccc(C#N)cc1,tert-RO2*,$3.30,49.8,0.46,333.0,,Hydrocarbon,Hydrogen Abstraction,,,2.1 Table,True,-7.048781871795654,-1.5405864715576172,5.508195400238037
4-NO2C6H4CH3,Cc1ccc([N+](=O)[O-])cc1,HO2*,$0.50,48.6,0.71,333.0,,Hydrocarbon,Hydrogen Abstraction,,,2.1 Table,True,-7.0374674797058105,-1.7327475547790527,5.304719924926758
4-NO2C6H4CH3,Cc1ccc([N+](=O)[O-])cc1,sec-RO2*,$4.00,50.1,0.42,333.0,,Hydrocarbon,Hydrogen Abstraction,,,2.1 Table,True,-7.0374674797058105,-1.7327475547790527,5.304719924926758
4-NO2C6H4CH3,Cc1ccc([N+](=O)[O-])cc1,tert-RO2*,$10.90,53.3,0.13,333.0,,Hydrocarbon,Hydrogen Abstraction,,,2.1 Table,True,-7.0374674797058105,-1.7327475547790527,5.304719924926758
C6H5CH2CH3,CCc1ccccc1,HO2*,-$12.00,43.1,3.47,333.0,,Hydrocarbon,Hydrogen Abstraction,,,2.1 Table,True,-6.218142986297607,0.33649876713752747,6.554641753435135
C6H5CH2CH3,CCc1ccccc1,sec-RO2*,-$8.50,44.6,2.02,333.0,,Hydrocarbon,Hydrogen Abstraction,,,2.1 Table,True,-6.218142986297607,0.33649876713752747,6.554641753435135
C6H5CH2CH3,CCc1ccccc1,tert-RO2*,-$1.60,47.6,0.68,333.0,,Hydrocarbon,Hydrogen Abstraction,,,2.1 Table,True,-6.218142986297607,0.33649876713752747,6.554641753435135
C6H5CH(CH3)2,CC(C)c1ccccc1,HO2*,-$18.40,40.4,4.6,333.0,,Hydrocarbon,Hydrogen Abstraction,,,2.1 Table,True,-6.295412540435791,0.0342952199280262,6.329707760363817
C6H5CH(CH3)2,CC(C)c1ccccc1,sec-RO2*,-$14.90,41.9,2.68,333.0,,Hydrocarbon,Hydrogen Abstraction,,,2.1 Table,True,-6.295412540435791,0.034295301884412766,6.329707842320204
C6H5CH(CH3)2,CC(C)c1ccccc1,tert-RO2*,-$8.00,44.8,0.94,333.0,,Hydrocarbon,Hydrogen Abstraction,,,2.1 Table,True,-6.295412540435791,0.034295301884412766,6.329707842320204
(C6H5)2CH2,c1ccc(Cc2ccccc2)cc1,HO2*,-$19.00,40.2,9.89,333.0,,Hydrocarbon,Hydrogen Abstraction,,,2.1 Table,True,-5.973659992218018,-0.22160325944423676,5.752056732773781
(C6H5)2CH2,c1ccc(Cc2ccccc2)cc1,sec-RO2*,-$15.50,41.7,5.75,333.0,,Hydrocarbon,Hydrogen Abstraction,,,2.1 Table,True,-5.973659992218018,-0.22160325944423676,5.752056732773781
(C6H5)2CH2,c1ccc(Cc2ccccc2)cc1,tert-RO2*,-$8.60,44.6,2.02,333.0,,Hydrocarbon,Hydrogen Abstraction,,,2.1 Table,True,-5.973659992218018,-0.22160325944423676,5.752056732773781
(C6H5)2CHCH3,CC(c1ccccc1)c1ccccc1,HO2*,-$24.80,37.8,11.81,333.0,,Hydrocarbon,Hydrogen Abstraction,,,2.1 Table,True,-6.172533988952637,-0.147118479013443,6.025415509939194
(C6H5)2CHCH3,CC(c1ccccc1)c1ccccc1,sec-RO2*,-$21.30,39.2,7.1,333.0,,Hydrocarbon,Hydrogen Abstraction,,,2.1 Table,True,-6.172533988952637,-0.147118479013443,6.025415509939194
(C6H5)2CHCH3,CC(c1ccccc1)c1ccccc1,tert-RO2*,-$14.40,42.1,2.5,333.0,,Hydrocarbon,Hydrogen Abstraction,,,2.1 Table,True,-6.172533988952637,-0.147118479013443,6.025415509939194
C6H5CH2CH2C6H5,c1ccc(CCc2ccccc2)cc1,HO2*,-$12.80,42.8,7.74,333.0,,Hydrocarbon,Hydrogen Abstraction,,,2.1 Table,True,-5.983736515045166,-0.06800049543380737,5.915736019611359
C6H5CH2CH2C6H5,c1ccc(CCc2ccccc2)cc1,sec-RO2*,-$9.30,44.3,4.5,333.0,,Hydrocarbon,Hydrogen Abstraction,,,2.1 Table,True,-5.983736515045166,-0.06800049543380737,5.915736019611359
C6H5CH2CH2C6H5,c1ccc(CCc2ccccc2)cc1,tert-RO2*,-$2.40,47.3,1.52,333.0,,Hydrocarbon,Hydrogen Abstraction,,,2.1 Table,True,-5.983736515045166,-0.06800049543380737,5.915736019611359
(C6H5)3CH,c1ccc(C(c2ccccc2)c2ccccc2)cc1,HO2*,-$26.20,37.3,14.1,333.0,,Hydrocarbon,Hydrogen Abstraction,,,2.1 Table,True,-5.937123775482178,-0.5463564395904541,5.390767335891724
(C6H5)3CH,c1ccc(C(c2ccccc2)c2ccccc2)cc1,sec-RO2*,-$22.70,38.7,8.51,333.0,,Hydrocarbon,Hydrogen Abstraction,,,2.1 Table,True,-5.937123775482178,-0.5463564395904541,5.390767335891724
(C6H5)3CH,c1ccc(C(c2ccccc2)c2ccccc2)cc1,tert-RO2*,-$15.80,41.5,3.1,333.0,,Hydrocarbon,Hydrogen Abstraction,,,2.1 Table,True,-5.937123775482178,-0.5463564395904541,5.390767335891724
C6H5CH2CH=CH2,C=CCc1ccccc1,HO2*,-$26.40,37.2,29.2,333.0,,Hydrocarbon,Hydrogen Abstraction,,,2.1 Table,True,-6.230401992797852,0.25963062047958374,6.490032613277435
C6H5CH2CH=CH2,C=CCc1ccccc1,sec-RO2*,-$22.90,38.6,17.6,333.0,,Hydrocarbon,Hydrogen Abstraction,,,2.1 Table,True,-6.230401992797852,0.25963062047958374,6.490032613277435
C6H5CH2CH=CH2,C=CCc1ccccc1,tert-RO2*,-$16.00,41.4,6.41,333.0,,Hydrocarbon,Hydrogen Abstraction,,,2.1 Table,True,-6.230401992797852,0.25963062047958374,6.490032613277435
Indane,c1ccc2c(c1)CCC2,HO2*,-$14.20,42.4,48.0,333.0,,Hydrocarbon,Hydrogen Abstraction,,,2.1 Table,True,-5.997631072998047,0.30829286575317383,6.305923938751221
Indane,c1ccc2c(c1)CCC2,sec-RO2*,-$10.70,43.7,27.9,333.0,,Hydrocarbon,Hydrogen Abstraction,,,2.1 Table,True,-5.997631072998047,0.30829286575317383,6.305923938751221
Indane,c1ccc2c(c1)CCC2,tert-RO2*,-$3.80,46.7,9.5,333.0,,Hydrocarbon,Hydrogen Abstraction,,,2.1 Table,True,-5.997631072998047,0.30829286575317383,6.305923938751221
Tetraline,c1ccc2c(c1)CCCC2,HO2*,-$20.00,39.7,240.0,333.0,,Hydrocarbon,Hydrogen Abstraction,,,2.1 Table,True,-5.958169937133789,0.18301551043987274,6.141185447573662
Tetraline,c1ccc2c(c1)CCCC2,sec-RO2*,-$16.50,41.2,140.0,333.0,,Hydrocarbon,Hydrogen Abstraction,,,2.1 Table,True,-5.958169937133789,0.18301551043987274,6.141185447573662
Tetraline,c1ccc2c(c1)CCCC2,tert-RO2*,-$9.60,44.1,48.4,333.0,,Hydrocarbon,Hydrogen Abstraction,,,2.1 Table,True,-5.958169937133789,0.18301551043987274,6.141185447573662
CH3(CH2)3CH3,CCCCC,HO2*,$34.30,60.3,8.0,400.0,,Hydrocarbon,Hydrogen Abstraction,,,2.1 Table,True,-6.84522008895874,0.8316068649291992,7.6768269538879395
CH3(CH2)3CH3,CCCCC,sec-RO2*,$37.80,62.2,4.5,400.0,,Hydrocarbon,Hydrogen Abstraction,,,2.1 Table,True,-6.84522008895874,0.8316068649291992,7.6768269538879395
CH3(CH2)3CH3,CCCCC,tert-RO2*,$44.70,65.8,1.5,400.0,,Hydrocarbon,Hydrogen Abstraction,,,2.1 Table,True,-6.84522008895874,0.8316068649291992,7.6768269538879395
(CH3)2CHCH2CH3,CCC(C)C,HO2*,$23.20,54.8,7.0,400.0,,Hydrocarbon,Hydrogen Abstraction,,,2.1 Table,True,-6.913702964782715,1.6748653650283813,8.588568329811096
(CH3)2CHCH2CH3,CCC(C)C,sec-RO2*,$26.70,56.5,4.2,400.0,,Hydrocarbon,Hydrogen Abstraction,,,2.1 Table,True,-6.913702964782715,1.6748653650283813,8.588568329811096
(CH3)2CHCH2CH3,CCC(C)C,tert-RO2*,$33.60,60.0,1.5,400.0,,Hydrocarbon,Hydrogen Abstraction,,,2.1 Table,True,-6.913702964782715,1.6748653650283813,8.588568329811096
C(CH3)4,CC(C)(C)C,HO2*,$49.40,68.3,1.4,400.0,,Hydrocarbon,Hydrogen Abstraction,,,2.1 Table,True,-6.9551472663879395,2.0478782653808594,9.003025531768799
C(CH3)4,CC(C)(C)C,sec-RO2*,$52.90,70.3,0.8,400.0,,Hydrocarbon,Hydrogen Abstraction,,,2.1 Table,True,-6.9551472663879395,2.0478782653808594,9.003025531768799
C(CH3)4,CC(C)(C)C,tert-RO2*,$59.80,74.1,0.0,400.0,,Hydrocarbon,Hydrogen Abstraction,,,2.1 Table,True,-6.9551472663879395,2.0478782653808594,9.003025531768799
cyclo-C5H10,C1CCCC1,HO2*,$26.40,56.4,4.3,400.0,,Hydrocarbon,Hydrogen Abstraction,,,2.1 Table,True,-6.69976806640625,2.180060386657715,8.879828453063965
cyclo-C5H10,C1CCCC1,sec-RO2*,$29.90,58.1,25.9,400.0,,Hydrocarbon,Hydrogen Abstraction,,,2.1 Table,True,-6.69976806640625,2.180060386657715,8.879828453063965
cyclo-C5H10,C1CCCC1,tert-RO2*,$36.80,61.6,9.0,400.0,,Hydrocarbon,Hydrogen Abstraction,,,2.1 Table,True,-6.69976806640625,2.180060386657715,8.879828453063965
cyclo-C6H12,C1CCCCC1,HO2*,$30.60,58.5,27.5,400.0,,Hydrocarbon,Hydrogen Abstraction,,,2.1 Table,True,-6.795144081115723,2.074735164642334,8.869879245758057
cyclo-C6H12,C1CCCCC1,sec-RO2*,$34.10,60.2,16.5,400.0,,Hydrocarbon,Hydrogen Abstraction,,,2.1 Table,True,-6.795144081115723,2.074735164642334,8.869879245758057
cyclo-C6H12,C1CCCCC1,tert-RO2*,$41.00,63.8,5.6,400.0,,Hydrocarbon,Hydrogen Abstraction,,,2.1 Table,True,-6.795144081115723,2.074735164642334,8.869879245758057
cyclo-C6H11CH3,CC1CCCCC1,HO2*,$30.30,53.4,130.0,400.0,,Hydrocarbon,Hydrogen Abstraction,,,2.1 Table,True,-6.782040596008301,1.3510369062423706,8.133077502250671
cyclo-C6H11CH3,CC1CCCCC1,sec-RO2*,$23.80,55.1,76.6,400.0,,Hydrocarbon,Hydrogen Abstraction,,,2.1 Table,True,-6.782040596008301,1.3510369062423706,8.133077502250671
cyclo-C6H11CH3,CC1CCCCC1,tert-RO2*,$30.70,58.5,27.5,400.0,,Hydrocarbon,Hydrogen Abstraction,,,2.1 Table,True,-6.782040596008301,1.3510369062423706,8.133077502250671
CH2=CHCH3,C=CC,HO2*,-$5.80,54.7,2.2,400.0,,Hydrocarbon,Hydrogen Abstraction,,,2.1 Table,True,-6.78818941116333,0.28455978631973267,7.072749197483063
CH2=CHCH3,C=CC,sec-RO2*,-$2.30,56.2,1.4,400.0,,Hydrocarbon,Hydrogen Abstraction,,,2.1 Table,True,-6.78818941116333,0.28455978631973267,7.072749197483063
CH2=CHCH3,C=CC,tert-RO2*,$4.60,59.3,0.5,400.0,,Hydrocarbon,Hydrogen Abstraction,,,2.1 Table,True,-6.78818941116333,0.28455978631973267,7.072749197483063
cis-CH3CH=CHCH3,C/C=C\C,HO2*,-$18.00,49.5,21.0,400.0,,Hydrocarbon,Hydrogen Abstraction,,,2.1 Table,True,-6.28187894821167,1.1292730569839478,7.411152005195618
cis-CH3CH=CHCH3,C/C=C\C,sec-RO2*,-$14.50,51.0,13.0,400.0,,Hydrocarbon,Hydrogen Abstraction,,,2.1 Table,True,-6.28187894821167,1.1292730569839478,7.411152005195618
cis-CH3CH=CHCH3,C/C=C\C,tert-RO2*,-$7.60,53.9,27.0,400.0,,Hydrocarbon,Hydrogen Abstraction,,,2.1 Table,True,-6.28187894821167,1.1292730569839478,7.411152005195618
trans-CH3CH=CHCH3,C/C=C/C,HO2*,-$16.40,50.2,17.0,400.0,,Hydrocarbon,Hydrogen Abstraction,,,2.1 Table,True,-6.286075115203857,1.1368783712387085,7.422953486442566
trans-CH3CH=CHCH3,C/C=C/C,sec-RO2*,-$12.90,51.6,11.0,400.0,,Hydrocarbon,Hydrogen Abstraction,,,2.1 Table,True,-6.286075115203857,1.1368783712387085,7.422953486442566
trans-CH3CH=CHCH3,C/C=C/C,tert-RO2*,-$6.00,54.6,2.0,400.0,,Hydrocarbon,Hydrogen Abstraction,,,2.1 Table,True,-6.286075115203857,1.1368783712387085,7.422953486442566
CH2=CHCH2CH3,C=CCC,HO2*,-$28.90,45.1,26.0,400.0,,Hydrocarbon,Hydrogen Abstraction,,,2.1 Table,True,-6.803316593170166,0.6652650237083435,7.4685816168785095
CH2=CHCH2CH3,C=CCC,sec-RO2*,-$24.70,46.8,15.0,400.0,,Hydrocarbon,Hydrogen Abstraction,,,2.1 Table,True,-6.803316593170166,0.6652650237083435,7.4685816168785095
CH2=CHCH2CH3,C=CCC,tert-RO2*,-$17.80,49.6,6.7,400.0,,Hydrocarbon,Hydrogen Abstraction,,,2.1 Table,True,-6.803316593170166,0.6652650237083435,7.4685816168785095
CH2=CHCH(CH3)2,C=CC(C)C,HO2*,-$33.60,43.2,23.0,400.0,,Hydrocarbon,Hydrogen Abstraction,,,2.1 Table,True,-6.7399396896362305,0.9060342907905579,7.645973980426788
CH2=CHCH(CH3)2,C=CC(C)C,sec-RO2*,-$30.10,44.6,15.0,400.0,,Hydrocarbon,Hydrogen Abstraction,,,2.1 Table,True,-6.7399396896362305,0.9060342907905579,7.645973980426788
CH2=CHCH(CH3)2,C=CC(C)C,tert-RO2*,-$23.20,47.4,6.5,400.0,,Hydrocarbon,Hydrogen Abstraction,,,2.1 Table,True,-6.7399396896362305,0.9060342907905579,7.645973980426788
CH3CH=C(CH3)2,CC=C(C)C,HO2*,-$20.80,48.3,30.0,400.0,,Hydrocarbon,Hydrogen Abstraction,,,2.1 Table,True,-6.522738933563232,0.5483453273773193,7.071084260940552
CH3CH=C(CH3)2,CC=C(C)C,sec-RO2*,-$17.30,49.8,19.0,400.0,,Hydrocarbon,Hydrogen Abstraction,,,2.1 Table,True,-6.522738933563232,0.5483453273773193,7.071084260940552
CH3CH=C(CH3)2,CC=C(C)C,tert-RO2*,-$10.40,52.7,7.9,400.0,,Hydrocarbon,Hydrogen Abstraction,,,2.1 Table,True,-6.522738933563232,0.5483453273773193,7.071084260940552
(CH3)2C=C(CH3)2,CC(C)=C(C)C,HO2*,-$20.30,48.6,54.0,400.0,,Hydrocarbon,Hydrogen Abstraction,,,2.1 Table,True,-6.581624507904053,1.2357667684555054,7.817391276359558
(CH3)2C=C(CH3)2,CC(C)=C(C)C,sec-RO2*,-$16.80,50.1,34.0,400.0,,Hydrocarbon,Hydrogen Abstraction,,,2.1 Table,True,-6.581624507904053,1.2357667684555054,7.817391276359558
(CH3)2C=C(CH3)2,CC(C)=C(C)C,tert-RO2*,-$9.90,52.9,15.0,400.0,,Hydrocarbon,Hydrogen Abstraction,,,2.1 Table,True,-6.581624507904053,1.2357667684555054,7.817391276359558
cyclo-C5H8,C1=CCCC1,HO2*,-$30.80,44.3,660.0,400.0,,Hydrocarbon,Hydrogen Abstraction,,,2.1 Table,True,-6.281416416168213,1.6034438610076904,7.884860277175903
cyclo-C5H8,C1=CCCC1,sec-RO2*,-$27.30,45.7,430.0,400.0,,Hydrocarbon,Hydrogen Abstraction,,,2.1 Table,True,-6.281416416168213,1.6034438610076904,7.884860277175903
cyclo-C5H8,C1=CCCC1,tert-RO2*,-$20.40,48.5,190.0,400.0,,Hydrocarbon,Hydrogen Abstraction,,,2.1 Table,True,-6.281416416168213,1.60344398021698,7.884860396385193
cyclo-C6H10,C1=CCCCC1,sec-RO2*,-$28.20,45.4,470.0,400.0,,Hydrocarbon,Hydrogen Abstraction,,,2.1 Table,True,-6.278054714202881,1.5194770097732544,7.797531723976135
cyclo-C6H10,C1=CCCCC1,tert-RO2*,-$21.30,48.1,210.0,400.0,,Hydrocarbon,Hydrogen Abstraction,,,2.1 Table,True,-6.278054714202881,1.5194770097732544,7.797531723976135
cyclo-C6H10,C1=CCCCC1,HO2*,-$31.70,44.0,720.0,400.0,,Hydrocarbon,Hydrogen Abstraction,,,2.1 Table,True,-6.278054714202881,1.5194770097732544,7.797531723976135
Cyclopentadiene,C1=CCC=C1,HO2*,-$71.80,29.4,29000.0,400.0,,Hydrocarbon,Hydrogen Abstraction,,,2.1 Table,True,-5.395196437835693,0.7185495495796204,6.113745987415314
Cyclopentadiene,C1=CCC=C1,sec-RO2*,-$68.30,30.6,20000.0,400.0,,Hydrocarbon,Hydrogen Abstraction,,,2.1 Table,True,-5.395196437835693,0.7185495495796204,6.113745987415314
Cyclopentadiene,C1=CCC=C1,tert-RO2*,-$61.40,33.0,9800.0,400.0,,Hydrocarbon,Hydrogen Abstraction,,,2.1 Table,True,-5.395196437835693,0.7185495495796204,6.113745987415314
"1,3-Cyclohexadiene",C1=CCCC=C1,HO2*,-$63.60,32.2,25000.0,400.0,,Hydrocarbon,Hydrogen Abstraction,,,2.1 Table,True,-5.468384265899658,0.8210751414299011,6.289459407329559
"1,3-Cyclohexadiene",C1=CCCC=C1,sec-RO2*,-$60.10,33.4,17000.0,400.0,,Hydrocarbon,Hydrogen Abstraction,,,2.1 Table,True,-5.468384265899658,0.8210751414299011,6.289459407329559
"1,3-Cyclohexadiene",C1=CCCC=C1,tert-RO2*,-$53.20,35.9,8200.0,400.0,,Hydrocarbon,Hydrogen Abstraction,,,2.1 Table,True,-5.468384265899658,0.8210751414299011,6.289459407329559
C6H5CH3,Cc1ccccc1,HO2*,-$0.80,48.1,16.0,400.0,,Hydrocarbon,Hydrogen Abstraction,,,2.1 Table,True,-6.368554592132568,0.22428791224956512,6.5928425043821335
C6H5CH3,Cc1ccccc1,sec-RO2*,$2.70,49.7,9.7,400.0,,Hydrocarbon,Hydrogen Abstraction,,,2.1 Table,True,-6.368554592132568,0.22428791224956512,6.5928425043821335
C6H5CH3,Cc1ccccc1,tert-RO2*,$9.60,52.8,3.8,400.0,,Hydrocarbon,Hydrogen Abstraction,,,2.1 Table,True,-6.368554592132568,0.22428791224956512,6.5928425043821335
2-CH3C6H5CH3,Cc1ccccc1C,HO2*,$1.90,49.3,22.0,400.0,,Hydrocarbon,Hydrogen Abstraction,,,2.1 Table,True,-6.250431060791016,0.15705539286136627,6.407486453652382
2-CH3C6H5CH3,Cc1ccccc1C,sec-RO2*,$5.40,50.7,14.0,400.0,,Hydrocarbon,Hydrogen Abstraction,,,2.1 Table,True,-6.250431060791016,0.15705539286136627,6.407486453652382
2-CH3C6H5CH3,Cc1ccccc1C,tert-RO2*,$12.30,53.9,5.5,400.0,,Hydrocarbon,Hydrogen Abstraction,,,2.1 Table,True,-6.250431060791016,0.15705539286136627,6.407486453652382
4-CH3C6H4CH3,Cc1ccc(C)cc1,HO2*,-$3.60,46.8,46.0,400.0,,Hydrocarbon,Hydrogen Abstraction,,,2.1 Table,True,-6.18388032913208,0.3395735025405884,6.5234538316726685
4-CH3C6H4CH3,Cc1ccc(C)cc1,sec-RO2*,-$0.10,48.3,30.0,400.0,,Hydrocarbon,Hydrogen Abstraction,,,2.1 Table,True,-6.18388032913208,0.3395735025405884,6.5234538316726685
4-CH3C6H4CH3,Cc1ccc(C)cc1,tert-RO2*,$6.80,51.4,12.0,400.0,,Hydrocarbon,Hydrogen Abstraction,,,2.1 Table,True,-6.18388032913208,0.3395735025405884,6.5234538316726685
4-CH3OC6H4CH3,COc1ccc(C)cc1,HO2*,-$3.80,46.7,24.0,400.0,,Hydrocarbon,Hydrogen Abstraction,,,2.1 Table,True,-5.911076068878174,0.4275988042354584,6.338674873113632
4-CH3OC6H4CH3,COc1ccc(C)cc1,sec-RO2*,-$0.30,48.2,15.0,400.0,,Hydrocarbon,Hydrogen Abstraction,,,2.1 Table,True,-5.911076068878174,0.4275988042354584,6.338674873113632
4-CH3OC6H4CH3,COc1ccc(C)cc1,tert-RO2*,$6.60,51.3,6.0,400.0,,Hydrocarbon,Hydrogen Abstraction,,,2.1 Table,True,-5.911076068878174,0.4275988042354584,6.338674873113632
4-(CH3)3CC6H4CH3,Cc1ccc(C(C)(C)C)cc1,HO2*,-$1.90,47.5,19.0,400.0,,Hydrocarbon,Hydrogen Abstraction,,,2.1 Table,True,-6.1209282875061035,0.2481987625360489,6.369127050042152
4-(CH3)3CC6H4CH3,Cc1ccc(C(C)(C)C)cc1,sec-RO2*,$1.60,49.0,12.0,400.0,,Hydrocarbon,Hydrogen Abstraction,,,2.1 Table,True,-6.1209282875061035,0.2481987625360489,6.369127050042152
4-(CH3)3CC6H4CH3,Cc1ccc(C(C)(C)C)cc1,tert-RO2*,$8.50,52.2,4.6,400.0,,Hydrocarbon,Hydrogen Abstraction,,,2.1 Table,True,-6.1209282875061035,0.2481987625360489,6.369127050042152
4-ClC6H4CH3,Cc1ccc(Cl)cc1,HO2*,-$1.70,47.6,18.0,400.0,,Hydrocarbon,Hydrogen Abstraction,,,2.1 Table,True,-6.456270694732666,-0.39880260825157166,6.057468086481094
4-ClC6H4CH3,Cc1ccc(Cl)cc1,sec-RO2*,$1.80,49.1,12.0,400.0,,Hydrocarbon,Hydrogen Abstraction,,,2.1 Table,True,-6.456270694732666,-0.39880260825157166,6.057468086481094
4-ClC6H4CH3,Cc1ccc(Cl)cc1,tert-RO2*,$8.70,52.2,4.6,400.0,,Hydrocarbon,Hydrogen Abstraction,,,2.1 Table,True,-6.456270694732666,-0.39880260825157166,6.057468086481094
4-CNC6H4CH3,Cc1ccc(C#N)cc1,HO2*,-$7.10,45.2,38.0,400.0,,Hydrocarbon,Hydrogen Abstraction,,,2.1 Table,True,-7.048781871795654,-1.5405864715576172,5.508195400238037
4-CNC6H4CH3,Cc1ccc(C#N)cc1,sec-RO2*,-$3.60,46.8,23.0,400.0,,Hydrocarbon,Hydrogen Abstraction,,,2.1 Table,True,-7.048781871795654,-1.5405864715576172,5.508195400238037
4-CNC6H4CH3,Cc1ccc(C#N)cc1,tert-RO2*,$3.30,49.8,9.4,400.0,,Hydrocarbon,Hydrogen Abstraction,,,2.1 Table,True,-7.048781871795654,-1.5405864715576172,5.508195400238037
4-NO2C6H4CH3,Cc1ccc([N+](=O)[O-])cc1,HO2*,$0.50,48.6,14.0,400.0,,Hydrocarbon,Hydrogen Abstraction,,,2.1 Table,True,-7.0374674797058105,-1.7327475547790527,5.304719924926758
4-NO2C6H4CH3,Cc1ccc([N+](=O)[O-])cc1,sec-RO2*,$4.00,50.1,8.6,400.0,,Hydrocarbon,Hydrogen Abstraction,,,2.1 Table,True,-7.0374674797058105,-1.7327474355697632,5.304720044136047
4-NO2C6H4CH3,Cc1ccc([N+](=O)[O-])cc1,tert-RO2*,$10.90,53.3,3.3,400.0,,Hydrocarbon,Hydrogen Abstraction,,,2.1 Table,True,-7.0374674797058105,-1.7327474355697632,5.304720044136047
C6H5CH2CH3,CCc1ccccc1,HO2*,-$12.00,43.1,47.0,400.0,,Hydrocarbon,Hydrogen Abstraction,,,2.1 Table,True,-6.218142509460449,0.33649879693984985,6.554641306400299
C6H5CH2CH3,CCc1ccccc1,sec-RO2*,-$8.50,44.6,30.0,400.0,,Hydrocarbon,Hydrogen Abstraction,,,2.1 Table,True,-6.218142509460449,0.33649879693984985,6.554641306400299
C6H5CH2CH3,CCc1ccccc1,tert-RO2*,-$1.60,47.6,12.0,400.0,,Hydrocarbon,Hydrogen Abstraction,,,2.1 Table,True,-6.218142509460449,0.33649879693984985,6.554641306400299
C6H5CH(CH3)2,CC(C)c1ccccc1,HO2*,-$18.40,40.4,53.0,400.0,,Hydrocarbon,Hydrogen Abstraction,,,2.1 Table,True,-6.295412063598633,0.03429516777396202,6.329707231372595
C6H5CH(CH3)2,CC(C)c1ccccc1,sec-RO2*,-$14.90,41.9,34.0,400.0,,Hydrocarbon,Hydrogen Abstraction,,,2.1 Table,True,-6.295412063598633,0.03429516777396202,6.329707231372595
C6H5CH(CH3)2,CC(C)c1ccccc1,tert-RO2*,-$8.00,44.8,14.0,400.0,,Hydrocarbon,Hydrogen Abstraction,,,2.1 Table,True,-6.295412063598633,0.03429516777396202,6.329707231372595
(C6H5)2CH2,c1ccc(Cc2ccccc2)cc1,HO2*,-$19.00,40.2,110.0,400.0,,Hydrocarbon,Hydrogen Abstraction,,,2.1 Table,True,-5.973659038543701,-0.22160324454307556,5.752055794000626
(C6H5)2CH2,c1ccc(Cc2ccccc2)cc1,sec-RO2*,-$15.50,41.7,72.0,400.0,,Hydrocarbon,Hydrogen Abstraction,,,2.1 Table,True,-5.973659038543701,-0.22160324454307556,5.752055794000626
(C6H5)2CH2,c1ccc(Cc2ccccc2)cc1,tert-RO2*,-$8.60,44.6,30.0,400.0,,Hydrocarbon,Hydrogen Abstraction,,,2.1 Table,True,-5.973659038543701,-0.22160324454307556,5.752055794000626
(C6H5)2CHCH3,CC(c1ccccc1)c1ccccc1,HO2*,-$24.80,37.8,120.0,400.0,,Hydrocarbon,Hydrogen Abstraction,,,2.1 Table,True,-6.172534465789795,-0.1471184939146042,6.025415971875191
(C6H5)2CHCH3,CC(c1ccccc1)c1ccccc1,sec-RO2*,-$21.30,39.2,76.0,400.0,,Hydrocarbon,Hydrogen Abstraction,,,2.1 Table,True,-6.172534465789795,-0.1471184939146042,6.025415971875191
(C6H5)2CHCH3,CC(c1ccccc1)c1ccccc1,tert-RO2*,-$14.40,42.1,32.0,400.0,,Hydrocarbon,Hydrogen Abstraction,,,2.1 Table,True,-6.172534465789795,-0.1471184939146042,6.025415971875191
C6H5CH2CH2C6H5,c1ccc(CCc2ccccc2)cc1,HO2*,-$12.80,42.8,100.0,400.0,,Hydrocarbon,Hydrogen Abstraction,,,2.1 Table,True,-5.983736515045166,-0.06800040602684021,5.915736109018326
C6H5CH2CH2C6H5,c1ccc(CCc2ccccc2)cc1,sec-RO2*,-$9.30,44.3,66.0,400.0,,Hydrocarbon,Hydrogen Abstraction,,,2.1 Table,True,-5.983736515045166,-0.06800040602684021,5.915736109018326
C6H5CH2CH2C6H5,c1ccc(CCc2ccccc2)cc1,tert-RO2*,-$2.40,47.3,27.0,400.0,,Hydrocarbon,Hydrogen Abstraction,,,2.1 Table,True,-5.983736515045166,-0.06800040602684021,5.915736109018326
(C6H5)3CH,c1ccc(C(c2ccccc2)c2ccccc2)cc1,HO2*,-$26.20,37.3,130.0,400.0,,Hydrocarbon,Hydrogen Abstraction,,,2.1 Table,True,-5.937122821807861,-0.5463565587997437,5.390766263008118
(C6H5)3CH,c1ccc(C(c2ccccc2)c2ccccc2)cc1,sec-RO2*,-$22.70,38.7,88.0,400.0,,Hydrocarbon,Hydrogen Abstraction,,,2.1 Table,True,-5.937122821807861,-0.5463565587997437,5.390766263008118
(C6H5)3CH,c1ccc(C(c2ccccc2)c2ccccc2)cc1,tert-RO2*,-$15.80,41.5,38.0,400.0,,Hydrocarbon,Hydrogen Abstraction,,,2.1 Table,True,-5.937122821807861,-0.5463565587997437,5.390766263008118
C6H5CH2CH=CH2,C=CCc1ccccc1,HO2*,-$26.40,37.2,280.0,400.0,,Hydrocarbon,Hydrogen Abstraction,,,2.1 Table,True,-6.23040246963501,0.25963079929351807,6.490033268928528
C6H5CH2CH=CH2,C=CCc1ccccc1,sec-RO2*,-$22.90,38.6,180.0,400.0,,Hydrocarbon,Hydrogen Abstraction,,,2.1 Table,True,-6.23040246963501,0.25963079929351807,6.490033268928528
C6H5CH2CH=CH2,C=CCc1ccccc1,tert-RO2*,-$16.00,41.4,78.5,400.0,,Hydrocarbon,Hydrogen Abstraction,,,2.1 Table,True,-6.23040246963501,0.25963079929351807,6.490033268928528
Indane,c1ccc2c(c1)CCC2,HO2*,-$14.20,42.4,620.0,400.0,,Hydrocarbon,Hydrogen Abstraction,,,2.1 Table,True,-5.997630596160889,0.3082926869392395,6.305923283100128
Indane,c1ccc2c(c1)CCC2,sec-RO2*,-$10.70,43.7,390.0,400.0,,Hydrocarbon,Hydrogen Abstraction,,,2.1 Table,True,-5.997630596160889,0.3082926869392395,6.305923283100128
Indane,c1ccc2c(c1)CCC2,tert-RO2*,-$3.80,46.7,160.0,400.0,,Hydrocarbon,Hydrogen Abstraction,,,2.1 Table,True,-5.997630596160889,0.3082926869392395,6.305923283100128
Tetraline,c1ccc2c(c1)CCCC2,HO2*,-$20.00,39.7,2600.0,400.0,,Hydrocarbon,Hydrogen Abstraction,,,2.1 Table,True,-5.958169937133789,0.18301571905612946,6.1411856561899185
Tetraline,c1ccc2c(c1)CCCC2,sec-RO2*,-$16.50,41.2,1700.0,400.0,,Hydrocarbon,Hydrogen Abstraction,,,2.1 Table,True,-5.958169937133789,0.18301571905612946,6.1411856561899185
Tetraline,c1ccc2c(c1)CCCC2,tert-RO2*,-$9.60,44.1,700.0,400.0,,Hydrocarbon,Hydrogen Abstraction,,,2.1 Table,True,-5.958169937133789,0.18301571905612946,6.1411856561899185
(2-C10H7)2NH,c1ccc2cc(Nc3ccc4ccccc4c3)ccc2c1,HO2*,-$8.80,15.7,890000.0,400.0,360.2,Amine,Electron Transfer,,135.0,4.2 Table,True,-4.9010844230651855,-0.8967123627662659,4.00437206029892
(2-C10H7)2NH,c1ccc2cc(Nc3ccc4ccccc4c3)ccc2c1,sec-RO2*,-$5.30,17.3,550000.0,400.0,360.2,Amine,Electron Transfer,,135.0,4.2 Table,True,-4.9010844230651855,-0.8967123627662659,4.00437206029892
(2-C10H7)2NH,c1ccc2cc(Nc3ccc4ccccc4c3)ccc2c1,tert-RO2*,$1.60,20.6,200000.0,400.0,360.2,Amine,Electron Transfer,,135.0,4.2 Table,True,-4.9010844230651855,-0.8967123627662659,4.00437206029892
(C6H5)2NH,c1ccc(Nc2ccccc2)cc1,HO2*,-$4.30,17.8,470000.0,400.0,364.7,Amine,Electron Transfer,,136.0,4.2 Table,True,-5.04032564163208,0.006143286824226379,5.0464689284563065
(C6H5)2NH,c1ccc(Nc2ccccc2)cc1,sec-RO2*,-$0.80,19.5,280000.0,400.0,364.7,Amine,Electron Transfer,,136.0,4.2 Table,True,-5.04032564163208,0.006143286824226379,5.0464689284563065
(C6H5)2NH,c1ccc(Nc2ccccc2)cc1,tert-RO2*,$6.10,22.8,110000.0,400.0,364.7,Amine,Electron Transfer,,136.0,4.2 Table,True,-5.04032564163208,0.006143286824226379,5.0464689284563065
(4-BrC6H4)2NH,Brc1ccc(Nc2ccc(Br)cc2)cc1,HO2*,-$4.80,17.6,500000.0,400.0,364.2,Amine,Electron Transfer,,137.0,4.2 Table,True,-5.576973915100098,-0.6506631970405579,4.92631071805954
(4-BrC6H4)2NH,Brc1ccc(Nc2ccc(Br)cc2)cc1,sec-RO2*,-$1.30,19.2,310000.0,400.0,364.2,Amine,Electron Transfer,,137.0,4.2 Table,True,-5.576973915100098,-0.6506631970405579,4.92631071805954
(4-BrC6H4)2NH,Brc1ccc(Nc2ccc(Br)cc2)cc1,tert-RO2*,-$5.60,17.2,570000.0,400.0,364.2,Amine,Electron Transfer,,137.0,4.2 Table,True,-5.576973915100098,-0.6506631970405579,4.92631071805954
(4-CH3OC6H4)2NH,COc1ccc(Nc2ccc(OC)cc2)cc1,HO2*,-$0.40,10.7,4000000.0,400.0,348.6,Amine,Electron Transfer,,138.0,4.2 Table,True,-4.95249605178833,0.31774741411209106,5.270243465900421
(4-CH3OC6H4)2NH,COc1ccc(Nc2ccc(OC)cc2)cc1,sec-RO2*,-$16.90,12.1,2600000.0,400.0,348.6,Amine,Electron Transfer,,138.0,4.2 Table,True,-4.95249605178833,0.31774741411209106,5.270243465900421
(4-CH3OC6H4)2NH,COc1ccc(Nc2ccc(OC)cc2)cc1,tert-RO2*,-$10.00,15.2,1000000.0,400.0,348.6,Amine,Electron Transfer,,138.0,4.2 Table,True,-4.95249605178833,0.31774741411209106,5.270243465900421
(4-CH3C6H4)2NH,Cc1ccc(Nc2ccc(C)cc2)cc1,HO2*,-$11.50,14.5,1300000.0,400.0,357.5,Amine,Electron Transfer,,139.0,4.2 Table,True,-5.2277302742004395,0.17780931293964386,5.405539587140083
(4-CH3C6H4)2NH,Cc1ccc(Nc2ccc(C)cc2)cc1,sec-RO2*,-$8.00,16.1,790000.0,400.0,357.5,Amine,Electron Transfer,,139.0,4.2 Table,True,-5.2277302742004395,0.17780931293964386,5.405539587140083
(4-CH3C6H4)2NH,Cc1ccc(Nc2ccc(C)cc2)cc1,tert-RO2*,-$1.10,19.3,300000.0,400.0,357.5,Amine,Electron Transfer,,139.0,4.2 Table,True,-5.2277302742004395,0.17780931293964386,5.405539587140083
(4-(CH3)3CC6H4)2NH,CC(C)(C)c1ccc(Nc2ccc(C(C)(C)C)cc2)cc1,HO2*,-$10.20,15.1,1100000.0,400.0,358.8,Amine,Electron Transfer,,140.0,4.2 Table,True,-5.134474754333496,-0.05458078160881996,5.079893972724676
(4-(CH3)3CC6H4)2NH,CC(C)(C)c1ccc(Nc2ccc(C(C)(C)C)cc2)cc1,sec-RO2*,-$6.70,16.7,660000.0,400.0,358.8,Amine,Electron Transfer,,140.0,4.2 Table,True,-5.134474754333496,-0.05458078160881996,5.079893972724676
(4-(CH3)3CC6H4)2NH,CC(C)(C)c1ccc(Nc2ccc(C(C)(C)C)cc2)cc1,tert-RO2*,$0.20,19.9,250000.0,400.0,358.8,Amine,Electron Transfer,,140.0,4.2 Table,True,-5.134474754333496,-0.05458078160881996,5.079893972724676
4-CH3OC6H4NHC6H5,COc1ccc(Nc2ccccc2)cc1,HO2*,-$13.10,13.8,1600000.0,400.0,355.9,Amine,Electron Transfer,,141.0,4.2 Table,True,-4.938449859619141,0.19842258095741272,5.136872440576553
4-CH3OC6H4NHC6H5,COc1ccc(Nc2ccccc2)cc1,sec-RO2*,-$9.60,15.4,970000.0,400.0,355.9,Amine,Electron Transfer,,141.0,4.2 Table,True,-4.938449859619141,0.19842258095741272,5.136872440576553
4-CH3OC6H4NHC6H5,COc1ccc(Nc2ccccc2)cc1,tert-RO2*,-$2.70,18.6,370000.0,400.0,355.9,Amine,Electron Transfer,,141.0,4.2 Table,True,-4.938449859619141,0.19842258095741272,5.136872440576553
4-NO2C6H4NHC6H4,O=[N+]([O-])c1ccc(Nc2ccccc2)cc1,HO2*,$3.90,21.8,140000.0,400.0,372.9,Amine,Electron Transfer,,142.0,4.2 Table,True,-5.321139812469482,-1.403283715248108,3.9178560972213745
4-NO2C6H4NHC6H4,O=[N+]([O-])c1ccc(Nc2ccccc2)cc1,sec-RO2*,$7.40,23.5,85000.0,400.0,372.9,Amine,Electron Transfer,,142.0,4.2 Table,True,-5.321139812469482,-1.403283715248108,3.9178560972213745
4-NO2C6H4NHC6H4,O=[N+]([O-])c1ccc(Nc2ccccc2)cc1,tert-RO2*,$14.30,27.0,30000.0,400.0,372.9,Amine,Electron Transfer,,142.0,4.2 Table,True,-5.321139812469482,-1.403283715248108,3.9178560972213745
4-(CH3)3CC6H4NHC6H5,CC(C)(C)c1ccc(Nc2ccccc2)cc1,HO2*,-$8.70,15.8,860000.0,400.0,360.3,Amine,Electron Transfer,,143.0,4.2 Table,True,-4.994101524353027,0.014230061322450638,5.008331585675478
4-(CH3)3CC6H4NHC6H5,CC(C)(C)c1ccc(Nc2ccccc2)cc1,sec-RO2*,-$5.20,17.4,530000.0,400.0,360.3,Amine,Electron Transfer,,143.0,4.2 Table,True,-4.994101524353027,0.014230061322450638,5.008331585675478
4-(CH3)3CC6H4NHC6H5,CC(C)(C)c1ccc(Nc2ccccc2)cc1,tert-RO2*,$1.70,20.7,200000.0,400.0,360.3,Amine,Electron Transfer,,143.0,4.2 Table,True,-4.994101524353027,0.014230061322450638,5.008331585675478
1-C10H7NH2,Nc1cccc2ccccc12,HO2*,$5.70,22.6,220000.0,400.0,374.7,Amine,Electron Transfer,,144.0,4.2 Table,True,-5.335491180419922,-0.14620675146579742,5.1892844289541245
1-C10H7NH2,Nc1cccc2ccccc12,sec-RO2*,$9.20,24.4,130000.0,400.0,374.7,Amine,Electron Transfer,,144.0,4.2 Table,True,-5.335491180419922,-0.14620675146579742,5.1892844289541245
1-C10H7NH2,Nc1cccc2ccccc12,tert-RO2*,$16.10,28.0,44000.0,400.0,374.7,Amine,Electron Transfer,,144.0,4.2 Table,True,-5.335491180419922,-0.14620675146579742,5.1892844289541245
2-C10H7NH2,Nc1ccc2ccccc2c1,HO2*,$10.50,25.1,110000.0,400.0,379.5,Amine,Electron Transfer,,145.0,4.2 Table,True,-5.086105823516846,-0.4508858621120453,4.6352199614048
2-C10H7NH2,Nc1ccc2ccccc2c1,sec-RO2*,$14.00,26.9,61000.0,400.0,379.5,Amine,Electron Transfer,,145.0,4.2 Table,True,-5.086105823516846,-0.4508858621120453,4.6352199614048
2-C10H7NH2,Nc1ccc2ccccc2c1,tert-RO2*,$20.90,30.6,20000.0,400.0,379.5,Amine,Electron Transfer,,145.0,4.2 Table,True,-5.086105823516846,-0.4508858621120453,4.6352199614048
2-C10H7NHC6H4NH-2'-C10H7,c1ccc2cc(Nc3ccc(Nc4ccc5ccccc5c4)cc3)ccc2c1,HO2*,-$22.40,9.8,11000000.0,400.0,346.6,Amine,Electron Transfer,,146.0,4.2 Table,True,-4.787252902984619,-0.8573364019393921,3.929916501045227
2-C10H7NHC6H4NH-2'-C10H7,c1ccc2cc(Nc3ccc(Nc4ccc5ccccc5c4)cc3)ccc2c1,sec-RO2*,-$18.90,11.3,6700000.0,400.0,346.6,Amine,Electron Transfer,,146.0,4.2 Table,True,-4.787252902984619,-0.8573364019393921,3.929916501045227
2-C10H7NHC6H4NH-2'-C10H7,c1ccc2cc(Nc3ccc(Nc4ccc5ccccc5c4)cc3)ccc2c1,tert-RO2*,-$12.00,14.3,2700000.0,400.0,346.6,Amine,Electron Transfer,,146.0,4.2 Table,True,-4.787252426147461,-0.8573363423347473,3.9299160838127136
4-C8H17NHC6H4NHC8H17,CCCCCCCCNc1ccc(NCCCCCCCC)cc1,HO2*,-$22.10,10.0,10000000.0,400.0,346.9,Amine,Electron Transfer,,147.0,4.2 Table,True,-5.0502800941467285,0.7228522300720215,5.77313232421875
4-C8H17NHC6H4NHC8H17,CCCCCCCCNc1ccc(NCCCCCCCC)cc1,sec-RO2*,-$18.60,11.4,6500000.0,400.0,346.9,Amine,Electron Transfer,,147.0,4.2 Table,True,-5.0502800941467285,0.7228522300720215,5.77313232421875
4-C8H17NHC6H4NHC8H17,CCCCCCCCNc1ccc(NCCCCCCCC)cc1,tert-RO2*,-$11.70,14.4,2600000.0,400.0,346.9,Amine,Electron Transfer,,147.0,4.2 Table,True,-5.0502800941467285,0.7228522300720215,5.77313232421875
4-C6H5NHC6H4NHC6H5,c1ccc(Nc2ccc(Nc3ccccc3)cc2)cc1,HO2*,-$13.10,13.8,3200000.0,400.0,355.9,Amine,Electron Transfer,,148.0,4.2 Table,True,-4.886590480804443,-0.04270848259329796,4.843881998211145
4-C6H5NHC6H4NHC6H5,c1ccc(Nc2ccc(Nc3ccccc3)cc2)cc1,sec-RO2*,-$9.60,15.4,1900000.0,400.0,355.9,Amine,Electron Transfer,,148.0,4.2 Table,True,-4.886590480804443,-0.04270848259329796,4.843881998211145
4-C6H5NHC6H4NHC6H5,c1ccc(Nc2ccc(Nc3ccccc3)cc2)cc1,tert-RO2*,-$2.70,18.6,680000.0,400.0,355.9,Amine,Electron Transfer,,148.0,4.2 Table,True,-4.886590480804443,-0.04270848259329796,4.843881998211145
4-(CH3)2CHNH-4-C6H4NHC6H4CH(CH3)2,CC(C)c1ccc(Nc2ccc(Nc3ccc(C(C)C)cc3)cc2)cc1,HO2*,-$35.40,4.7,49000000.0,400.0,333.6,Amine,Electron Transfer,,149.0,4.2 Table,True,-4.963828086853027,0.014773089438676834,4.978601176291704
4-(CH3)2CHNH-4-C6H4NHC6H4CH(CH3)2,CC(C)c1ccc(Nc2ccc(Nc3ccc(C(C)C)cc3)cc2)cc1,sec-RO2*,-$31.90,6.0,33000000.0,400.0,333.6,Amine,Electron Transfer,,149.0,4.2 Table,True,-4.963828086853027,0.014773089438676834,4.978601176291704
4-(CH3)2CHNH-4-C6H4NHC6H4CH(CH3)2,CC(C)c1ccc(Nc2ccc(Nc3ccc(C(C)C)cc3)cc2)cc1,tert-RO2*,-$25.00,8.8,14000000.0,400.0,333.6,Amine,Electron Transfer,,149.0,4.2 Table,True,-4.963828086853027,0.014773089438676834,4.978601176291704
4-C6H5NHC6H4NHCH(CH3)2,CC(C)Nc1ccc(Nc2ccccc2)cc1,HO2*,-$19.80,10.9,7500000.0,400.0,349.2,Amine,Electron Transfer,,150.0,4.2 Table,True,-4.766127109527588,0.2567934989929199,5.022920608520508
4-C6H5NHC6H4NHCH(CH3)2,CC(C)Nc1ccc(Nc2ccccc2)cc1,sec-RO2*,-$16.30,12.4,4800000.0,400.0,349.2,Amine,Electron Transfer,,150.0,4.2 Table,True,-4.766127109527588,0.2567934989929199,5.022920608520508
4-C6H5NHC6H4NHCH(CH3)2,CC(C)Nc1ccc(Nc2ccccc2)cc1,tert-RO2*,-$9.40,15.5,1900000.0,400.0,349.2,Amine,Electron Transfer,,150.0,4.2 Table,True,-4.766127109527588,0.2567934989929199,5.022920608520508
"C6H5NH-1-3,7-[(CH3)3C]2C10H5",CC(C)(C)c1ccc2cc(Nc3ccccc3C(C)(C)C)ccc2c1,HO2*,-$24.10,9.1,6500000.0,400.0,344.9,Amine,Electron Transfer,,151.0,4.2 Table,True,-4.958456039428711,-0.5062457919120789,4.452210247516632
"C6H5NH-1-3,7-[(CH3)3C]2C10H5",CC(C)(C)c1ccc2cc(Nc3ccccc3C(C)(C)C)ccc2c1,sec-RO2*,-$20.60,10.6,4100000.0,400.0,344.9,Amine,Electron Transfer,,151.0,4.2 Table,True,-4.958456039428711,-0.5062457919120789,4.452210247516632
"C6H5NH-1-3,7-[(CH3)3C]2C10H5",CC(C)(C)c1ccc2cc(Nc3ccccc3C(C)(C)C)ccc2c1,tert-RO2*,-$13.70,13.5,1700000.0,400.0,344.9,Amine,Electron Transfer,,151.0,4.2 Table,True,-4.958456039428711,-0.5062457919120789,4.452210247516632
1-C10H7NHC6H5,c1ccc(Nc2cccc3ccccc23)cc1,HO2*,-$11.90,14.3,1400000.0,400.0,357.1,Amine,Electron Transfer,,152.0,4.2 Table,True,-5.158389091491699,-0.41579627990722656,4.742592811584473
1-C10H7NHC6H5,c1ccc(Nc2cccc3ccccc23)cc1,sec-RO2*,-$8.40,15.9,840000.0,400.0,357.1,Amine,Electron Transfer,,152.0,4.2 Table,True,-5.158389091491699,-0.41579627990722656,4.742592811584473
1-C10H7NHC6H5,c1ccc(Nc2cccc3ccccc23)cc1,tert-RO2*,-$1.50,19.1,320000.0,400.0,357.1,Amine,Electron Transfer,,152.0,4.2 Table,True,-5.158389091491699,-0.41579627990722656,4.742592811584473
2-C10H7NHC6H5,c1ccc(Nc2ccc3ccccc3c2)cc1,HO2*,-$6.10,17.0,600000.0,400.0,362.9,Amine,Electron Transfer,,153.0,4.2 Table,True,-4.94294548034668,-0.5914633870124817,4.351482093334198
2-C10H7NHC6H5,c1ccc(Nc2ccc3ccccc3c2)cc1,sec-RO2*,-$2.60,18.6,370000.0,400.0,362.9,Amine,Electron Transfer,,153.0,4.2 Table,True,-4.94294548034668,-0.5914633870124817,4.351482093334198
2-C10H7NHC6H5,c1ccc(Nc2ccc3ccccc3c2)cc1,tert-RO2*,$4.30,17.8,470000.0,400.0,362.9,Amine,Electron Transfer,,153.0,4.2 Table,True,-4.94294548034668,-0.5914633870124817,4.351482093334198
2-C10H7NH(4'-C6H5O)C6H4,c1ccc(Oc2ccc(Nc3ccc4ccccc4c3)cc2)cc1,HO2*,-$19.50,11.0,3700000.0,400.0,349.5,Amine,Electron Transfer,,154.0,4.2 Table,True,-4.99066686630249,-0.7268566489219666,4.263810217380524
2-C10H7NH(4'-C6H5O)C6H4,c1ccc(Oc2ccc(Nc3ccc4ccccc4c3)cc2)cc1,sec-RO2*,-$16.00,12.5,2300000.0,400.0,349.5,Amine,Electron Transfer,,154.0,4.2 Table,True,-4.99066686630249,-0.7268566489219666,4.263810217380524
2-C10H7NH(4'-C6H5O)C6H4,c1ccc(Oc2ccc(Nc3ccc4ccccc4c3)cc2)cc1,tert-RO2*,-$9.10,15.6,920000.0,400.0,349.5,Amine,Electron Transfer,,154.0,4.2 Table,True,-4.99066686630249,-0.7268566489219666,4.263810217380524
"1,2-cyclo-[C(cyclo-CH2CH2O)CH2C(NH-(cyclo-C6H11))]C6H4",c1ccc(C(CC2CCOC2)NC2CCCCC2)cc1,HO2*,$0.80,20.2,230000.0,400.0,369.8,Amine,Electron Transfer,,155.0,4.2 Table,True,-5.377831935882568,-0.13749007880687714,5.240341857075691
"1,2-cyclo-[C(cyclo-CH2CH2O)CH2C(NH-(cyclo-C6H11))]C6H4",c1ccc(C(CC2CCOC2)NC2CCCCC2)cc1,sec-RO2*,$4.30,21.9,140000.0,400.0,369.8,Amine,Electron Transfer,,155.0,4.2 Table,True,-5.377831935882568,-0.13749007880687714,5.240341857075691
"1,2-cyclo-[C(cyclo-CH2CH2O)CH2C(NH-(cyclo-C6H11))]C6H4",c1ccc(C(CC2CCOC2)NC2CCCCC2)cc1,tert-RO2*,$11.20,25.4,48000.0,400.0,369.8,Amine,Electron Transfer,,155.0,4.2 Table,True,-5.377831935882568,-0.13749007880687714,5.240341857075691
1-[NHC6H4-4'-C(CH3)3]-4-(CH3)3CC10H6,CC(C)(C)c1ccc(Nc2ccc3cc(C(C)(C)C)ccc3c2)cc1,HO2*,-$16.90,12.1,2600000.0,400.0,352.1,Amine,Electron Transfer,,156.0,4.2 Table,True,-5.122799396514893,-0.5008150339126587,4.621984362602234
1-[NHC6H4-4'-C(CH3)3]-4-(CH3)3CC10H6,CC(C)(C)c1ccc(Nc2ccc3cc(C(C)(C)C)ccc3c2)cc1,sec-RO2*,-$13.40,13.7,1600000.0,400.0,352.1,Amine,Electron Transfer,,156.0,4.2 Table,True,-5.122799396514893,-0.5008150339126587,4.621984362602234
1-[NHC6H4-4'-C(CH3)3]-4-(CH3)3CC10H6,CC(C)(C)c1ccc(Nc2ccc3cc(C(C)(C)C)ccc3c2)cc1,tert-RO2*,-$6.50,16.8,640000.0,400.0,352.1,Amine,Electron Transfer,,156.0,4.2 Table,True,-5.122799396514893,-0.5008150339126587,4.621984362602234
"1,2-cyclo-[C(CH3)CH2C(CH3)2NH]C6H4",CC1CC(N)C(C)(C)C1c1ccccc1,HO2*,-$0.50,19.6,280000.0,400.0,368.5,Amine,Electron Transfer,,157.0,4.2 Table,True,-5.492455959320068,0.13579075038433075,5.628246709704399
"1,2-cyclo-[C(CH3)CH2C(CH3)2NH]C6H4",CC1CC(N)C(C)(C)C1c1ccccc1,sec-RO2*,$3.00,21.3,170000.0,400.0,368.5,Amine,Electron Transfer,,157.0,4.2 Table,True,-5.49245548248291,0.1357906609773636,5.628246143460274
"1,2-cyclo-[C(CH3)CH2C(CH3)2NH]C6H4",CC1CC(N)C(C)(C)C1c1ccccc1,tert-RO2*,$9.90,24.8,58000.0,400.0,368.5,Amine,Electron Transfer,,157.0,4.2 Table,True,-5.49245548248291,0.1357906609773636,5.628246143460274
cyclo-[-CH(NOH)(CH2)3-CH(CH2)3],ONC1CCCCCCC1,O*,-$39.00,4.5,26000000.0,400.0,318.81,Hydroxylamine,Hydrogen Abstraction,,158.0,5.5 Table,True,-6.811834335327148,2.011218547821045,8.823052883148193
cyclo-[-CH(NOH)(CH2)2-CH(CH2)3],ONC1CCCCCC1,O*,-$35.60,5.8,17000000.0,400.0,322.2,Hydroxylamine,Hydrogen Abstraction,,159.0,5.5 Table,True,-6.722368240356445,1.8917429447174072,8.614111185073853
cyclo-[C(CH3)2C(CH3)2N=C(C6H5)N(OH)],CC(C)C(C)(C)N=C(NO)c1ccccc1,O*,-$45.60,2.1,53000000.0,400.0,312.2,Hydroxylamine,Hydrogen Abstraction,,172.0,5.5 Table,True,-5.622852802276611,-0.28293880820274353,5.339913994073868
cyclo-[C(CH3)2C(C6H5)=N(O)C(CH3)[N(CH3)OH]N(OH)],CC(C)C(c1ccccc1)=[N+]([O-])C(C)N(O)N(C)O,O*,-$47.80,1.3,68000000.0,400.0,310.0,Hydroxylamine,Hydrogen Abstraction,,173.0,5.5 Table,True,-5.463388442993164,-0.5246010422706604,4.938787400722504
"1,2-C6H3[C(C6H5)3]-cyclo-[C(CH3)=CHC(CH3)2N(OH)]",CC(=CC(C)(C)NO)c1ccc(C(c2ccccc2)(c2ccccc2)c2ccccc2)cc1,O*,-$68.30,0.0,100000000.0,400.0,289.5,Hydroxylamine,Hydrogen Abstraction,,200.0,5.5 Table,True,-5.687902927398682,-0.6558187007904053,5.032084226608276
C8H13[(CH3)3C]NOH,CC(C)(C)N(O)C1CCC=CCCC1,O*,-$23.10,11.0,3700000.0,400.0,334.7,Hydroxylamine,Hydrogen Abstraction,,201.0,5.5 Table,True,-5.863617420196533,0.6824362277984619,6.546053647994995
C6H5C(O)[(CH3)3C]NOH,CC(C)(C)N(O)C(=O)c1ccccc1,O*,-$34.80,6.2,16000000.0,400.0,323.0,Hydroxylamine,Hydrogen Abstraction,,202.0,5.5 Table,True,-6.176156997680664,-0.8748325705528259,5.301324427127838
cyclo-[(CH2)5NC(O)N(OH)C(CH3)3],CC(C)(C)N(O)C(=O)N1CCCCC1,O*,-$46.70,1.6,62000000.0,400.0,311.1,Hydroxylamine,Hydrogen Abstraction,,203.0,5.5 Table,True,-6.413592338562012,1.1760832071304321,7.589675545692444
(CH3CH2)2NOH,CCN(O)CC,O*,-$53.40,0.0,100000000.0,400.0,304.4,Hydroxylamine,Hydrogen Abstraction,,204.0,5.5 Table,True,-6.17958927154541,2.163581609725952,8.343170881271362
[(CH3)3C]2C=NOH,CC(C)(C)C(=NO)C(C)(C)C,O*,-$19.30,12.7,2200000.0,400.0,338.5,Hydroxylamine,Hydrogen Abstraction,,207.0,5.5 Table,True,-6.642525672912598,-0.44439974427223206,6.198125928640366
(CF3)2NOH,ON(C(F)(F)F)C(F)(F)F,O*,-$12.10,15.9,840000.0,400.0,345.7,Hydroxylamine,Hydrogen Abstraction,,208.0,5.5 Table,True,-7.905250072479248,0.15239666402339935,8.057646736502647
(CH3)2CHN(OH)C(CH3)3,CC(C)N(O)C(C)(C)C,O*,-$5.10,19.2,310000.0,400.0,352.7,Hydroxylamine,Hydrogen Abstraction,,209.0,5.5 Table,True,-6.321444988250732,2.060467004776001,8.381911993026733
(CH3)2CHCH2C(O)N(OH)C(CH3)3,CC(C)CC(=O)N(O)C(C)(C)C,O*,-$41.30,3.6,34000000.0,400.0,316.5,Hydroxylamine,Hydrogen Abstraction,,211.0,5.5 Table,True,-6.281436443328857,0.7341365218162537,7.015572965145111
C6H5CH=CHC(O)N(OH)C(CH3)3,CC(C)(C)N(O)C(=O)C=Cc1ccccc1,O*,-$36.40,5.5,19000000.0,400.0,321.4,Hydroxylamine,Hydrogen Abstraction,,213.0,5.5 Table,True,-6.0464301109313965,-1.6199111938476562,4.42651891708374
4-C6H5C6H4C(O)N(OH)C(CH3)3,CC(C)(C)N(O)C(=O)c1ccc(-c2ccccc2)cc1,O*,-$33.40,6.7,13000000.0,400.0,324.5,Hydroxylamine,Hydrogen Abstraction,,214.0,5.5 Table,True,-5.939280033111572,-0.9711294770240784,4.968150556087494
C6H5CH2CH2C(O)N(OH)C(CH3)3,CC(C)(C)N(O)C(=O)CCc1ccccc1,O*,-$39.20,4.4,27000000.0,400.0,318.6,Hydroxylamine,Hydrogen Abstraction,,215.0,5.5 Table,True,-5.9945807456970215,-0.03204062208533287,5.962540123611689
cyclo-[C(CH3)2CHCIC(O)CH2C(CH3)2N(OH)],CC1(C)CC(=O)C(Cl)C(C)(C)N1O,O*,-$49.90,0.0,100000000.0,400.0,307.9,Hydroxylamine,Hydrogen Abstraction,,220.0,5.5 Table,True,-6.324277400970459,-0.9559970498085022,5.368280351161957
cyclo-[C(CH3)2CH2CH(OH)CH2C(CH3)2N(OH)],CC1(C)CC(O)CC(C)(C)N1O,O*,-$55.60,0.0,100000000.0,400.0,302.2,Hydroxylamine,Hydrogen Abstraction,,221.0,5.5 Table,True,-6.1272149085998535,1.7474418878555298,7.874656796455383
cyclo-[C(CH3)2CH2C(O)CH2C(CH3)2N(OH)],CC1(C)CC(=O)CC(C)(C)N1O,O*,-$57.40,0.0,100000000.0,400.0,300.4,Hydroxylamine,Hydrogen Abstraction,,222.0,5.5 Table,True,-6.018170356750488,-0.2143220156431198,5.8038483411073685
cyclo-[C(CH3)2C(O)N(OH)C(CH3)2N(OH)],CC1(C)C(=O)N(O)C(C)(C)N(O)N1O,O*,-$51.80,0.0,100000000.0,400.0,300.9,Hydroxylamine,Hydrogen Abstraction,,227.0,5.5 Table,True,-6.156722068786621,-0.10350412130355835,6.053217947483063
cyclo-[C(CH3)2N(O)=C(CH3)CH2C(CH3)2N(OH)],CC(C)CC(N(O)C(C)C)=[N+](C)[O-],O*,-$49.00,0.8,79000000.0,400.0,308.8,Hydroxylamine,Hydrogen Abstraction,,232.0,5.5 Table,True,-5.656565189361572,0.18894647061824799,5.84551165997982
cyclo-[C(CH3)2CH2C(C6H5)=CHC(CH3)2N(OH)],CC1(C)CC(=Cc2ccccc2)CC(C)(C)N1O,O*,-$61.90,0.0,100000000.0,400.0,295.9,Hydroxylamine,Hydrogen Abstraction,,235.0,5.5 Table,True,-5.774906635284424,0.19631099700927734,5.971217632293701
"1,2-C6H3[C(C6H5)3]-cyclo-[C(CH3)(C6H5)CH2C(CH3)2N(OH)]",CC(C)(CC(C)(c1ccccc1)c1ccc(C(c2ccccc2)(c2ccccc2)c2ccccc2)cc1)NO,O*,-$65.00,0.0,100000000.0,400.0,292.8,Hydroxylamine,Hydrogen Abstraction,,237.0,5.5 Table,True,-5.506399154663086,-0.6024208664894104,4.9039782881736755
cyclo-[-CH(NOH)(CH2)3-CH(CH2)3],ONC1CCCCCCC1,Ar-O*,-$27.00,9.3,6200000.0,400.0,318.81,Hydroxylamine,Hydrogen Abstraction,,158.0,5.5 Table,True,-6.811834335327148,2.011218547821045,8.823052883148193
cyclo-[-CH(NOH)(CH2)2-CH(CH2)3],ONC1CCCCCC1,Ar-O*,-$23.60,10.8,3800000.0,400.0,322.2,Hydroxylamine,Hydrogen Abstraction,,159.0,5.5 Table,True,-6.722368240356445,1.8917429447174072,8.614111185073853
cyclo-[C(CH3)2C(CH3)2N=C(C6H5)N(OH)],CC(C)C(C)(C)N=C(NO)c1ccccc1,Ar-O*,-$33.60,6.6,14000000.0,400.0,312.2,Hydroxylamine,Hydrogen Abstraction,,172.0,5.5 Table,True,-5.622852802276611,-0.28293880820274353,5.339913994073868
cyclo-[C(CH3)2C(C6H5)=N(O)C(CH3)[N(CH3)OH]N(OH)],CC(C)C(c1ccccc1)=[N+]([O-])C(C)N(O)N(C)O,Ar-O*,-$35.80,5.8,18000000.0,400.0,310.0,Hydroxylamine,Hydrogen Abstraction,,173.0,5.5 Table,True,-5.463388442993164,-0.5246010422706604,4.938787400722504
"1,2-C6H3[C(C6H5)3]-cyclo-[C(CH3)=CHC(CH3)2N(OH)]",CC(=CC(C)(C)NO)c1ccc(C(c2ccccc2)(c2ccccc2)c2ccccc2)cc1,Ar-O*,-$56.30,0.0,100000000.0,400.0,289.5,Hydroxylamine,Hydrogen Abstraction,,200.0,5.5 Table,True,-5.687902927398682,-0.6558187007904053,5.032084226608276
C8H13[(CH3)3C]NOH,CC(C)(C)N(O)C1CCC=CCCC1,Ar-O*,-$11.10,16.4,720000.0,400.0,334.7,Hydroxylamine,Hydrogen Abstraction,,201.0,5.5 Table,True,-5.863617420196533,0.6824362277984619,6.546053647994995
C6H5C(O)[(CH3)3C]NOH,CC(C)(C)N(O)C(=O)c1ccccc1,Ar-O*,-$22.80,11.1,3400000.0,400.0,323.0,Hydroxylamine,Hydrogen Abstraction,,202.0,5.5 Table,True,-6.176156997680664,-0.8748325705528259,5.301324427127838
[(CH3)3C]2C=NOH,CC(C)(C)C(=NO)C(C)(C)C,Ar-O*,-$7.30,18.2,410000.0,400.0,338.5,Hydroxylamine,Hydrogen Abstraction,,207.0,5.5 Table,True,-6.642525672912598,-0.44439974427223206,6.198125928640366
(CF3)2NOH,ON(C(F)(F)F)C(F)(F)F,Ar-O*,-$0.10,21.7,150000.0,400.0,345.7,Hydroxylamine,Hydrogen Abstraction,,208.0,5.5 Table,True,-7.905250072479248,0.15239666402339935,8.057646736502647
(CH3)2CHN(OH)C(CH3)3,CC(C)N(O)C(C)(C)C,Ar-O*,$6.90,25.3,50000.0,400.0,352.7,Hydroxylamine,Hydrogen Abstraction,,209.0,5.5 Table,True,-6.321444988250732,2.060467004776001,8.381911993026733
(CH3)2CHCH2C(O)N(OH)C(CH3)3,CC(C)CC(=O)N(O)C(C)(C)C,Ar-O*,-$29.30,8.4,8100000.0,400.0,316.5,Hydroxylamine,Hydrogen Abstraction,,211.0,5.5 Table,True,-6.281436443328857,0.7341365218162537,7.015572965145111
C6H5CH=CHC(O)N(OH)C(CH3)3,CC(C)(C)N(O)C(=O)C=Cc1ccccc1,Ar-O*,-$24.40,10.4,4400000.0,400.0,321.4,Hydroxylamine,Hydrogen Abstraction,,213.0,5.5 Table,True,-6.0464301109313965,-1.6199111938476562,4.42651891708374
4-C6H5C6H4C(O)N(OH)C(CH3)3,CC(C)(C)N(O)C(=O)c1ccc(-c2ccccc2)cc1,Ar-O*,-$21.40,11.7,2700000.0,400.0,324.5,Hydroxylamine,Hydrogen Abstraction,,214.0,5.5 Table,True,-5.939280033111572,-0.9711294770240784,4.968150556087494
C6H5CH2CH2C(O)N(OH)C(CH3)3,CC(C)(C)N(O)C(=O)CCc1ccccc1,Ar-O*,-$27.20,9.3,6200000.0,400.0,318.6,Hydroxylamine,Hydrogen Abstraction,,215.0,5.5 Table,True,-5.9945807456970215,-0.03204062208533287,5.962540123611689
cyclo-[C(CH3)2(CH2)3C(CH3)2N(OH)],CC1(C)CCC(C)(C)N(O)C1,Ar-O*,-$54.30,0.0,100000000.0,400.0,291.2,Hydroxylamine,Hydrogen Abstraction,,217.0,5.5 Table,True,-6.268249988555908,2.1754262447357178,8.443676233291626
cyclo-[C(CH3)2CH2CH(OCOC6H5)CH2C(CH3)2N(OH)],CC1(C)CC(OC(=O)Oc2ccccc2)CC(C)(C)N1O,Ar-O*,-$45.50,2.0,55000000.0,400.0,300.3,Hydroxylamine,Hydrogen Abstraction,,218.0,5.5 Table,True,-6.0405988693237305,-0.15525944530963898,5.8853394240140915
cyclo-[C(CH3)2CHCI C(O)CH2C(CH3)2N(OH)],CC1(C)CC(=O)C(Cl)C(C)(C)N1O,Ar-O*,-$37.90,4.9,23000000.0,400.0,307.9,Hydroxylamine,Hydrogen Abstraction,,220.0,5.5 Table,True,-6.324277400970459,-0.9559970498085022,5.368280351161957
cyclo-[C(CH3)2CH2CH(OH)CH2C(CH3)2N(OH)],CC1(C)CC(O)CC(C)(C)N1O,Ar-O*,-$43.60,2.8,44000000.0,400.0,302.2,Hydroxylamine,Hydrogen Abstraction,,221.0,5.5 Table,True,-6.1272149085998535,1.7474418878555298,7.874656796455383
cyclo-[C(CH3)2CH2C(O)CH2C(CH3)2N(OH)],CC1(C)CC(=O)CC(C)(C)N1O,Ar-O*,-$45.40,2.1,53000000.0,400.0,300.4,Hydroxylamine,Hydrogen Abstraction,,222.0,5.5 Table,True,-6.018170356750488,-0.2143220156431198,5.8038483411073685
cyclo-[C(CH3)2C(O)N(OH)C(CH3)2N(OH)],CC1(C)C(=O)N(O)C(C)(C)N(O)N1O,Ar-O*,-$39.80,4.2,28000000.0,400.0,300.9,Hydroxylamine,Hydrogen Abstraction,,227.0,5.5 Table,True,-6.156722068786621,-0.10350412130355835,6.053217947483063
cyclo-[C(CH3)2N(O)=C(CH3)CH2C(CH3)2N(OH)],CC(C)CC(N(O)C(C)C)=[N+](C)[O-],Ar-O*,-$37.00,5.3,20000000.0,400.0,308.8,Hydroxylamine,Hydrogen Abstraction,,232.0,5.5 Table,True,-5.656565189361572,0.18894647061824799,5.84551165997982
cyclo-[C(CH3)2CH2C(C6H5)=CHC(CH3)2N(OH)],CC1(C)CC(=Cc2ccccc2)CC(C)(C)N1O,Ar-O*,-$49.90,0.5,100000000.0,400.0,295.9,Hydroxylamine,Hydrogen Abstraction,,235.0,5.5 Table,True,-5.774906635284424,0.19631099700927734,5.971217632293701
"1,2-C6H3[C(C6H5)3]-cyclo-[C(CH3)(C6H5)CH2C(CH3)2N(OH)]",CC(C)(CC(C)(c1ccccc1)c1ccc(C(c2ccccc2)(c2ccccc2)c2ccccc2)cc1)NO,Ar-O*,-$53.00,0.0,100000000.0,400.0,292.8,Hydroxylamine,Hydrogen Abstraction,,237.0,5.5 Table,True,-5.506399154663086,-0.6024208664894104,4.9039782881736755
2-HOC6H4O*,Oc1ccccc1O,sec-ROOH,$27.50,40.0,190.0,400.0,338.0,Phenoxyl,Radical Recombination,,3.0,3.4 Table,True,-5.696952819824219,0.11062248051166534,5.807575300335884
2-HOC6H4O*,Oc1ccccc1O,tert-ROOH,$20.60,36.1,620.0,400.0,338.0,Phenoxyl,Radical Recombination,,3.0,3.4 Table,True,-5.696952819824219,0.11062248051166534,5.807575300335884
2-HO-4-(CH3)3CC6H3O*,CC(C)(C)c1ccc(O)c(O)c1,sec-ROOH,$23.10,37.5,410.0,400.0,342.4,Phenoxyl,Radical Recombination,,4.0,3.4 Table,True,-5.485815525054932,-0.11695735156536102,5.368858173489571
2-HO-4-(CH3)3CC6H3O*,CC(C)(C)c1ccc(O)c(O)c1,tert-ROOH,$16.20,33.7,1300.0,400.0,342.4,Phenoxyl,Radical Recombination,,4.0,3.4 Table,True,-5.485815525054932,-0.11695735156536102,5.368858173489571
4-CH3C6H4O*,Cc1ccc(O)cc1,sec-ROOH,$7.70,29.1,5100.0,400.0,357.8,Phenoxyl,Radical Recombination,,9.0,3.4 Table,True,-5.932055950164795,0.274813175201416,6.206869125366211
4-CH3C6H4O*,Cc1ccc(O)cc1,tert-ROOH,$0.80,25.6,15000.0,400.0,357.8,Phenoxyl,Radical Recombination,,9.0,3.4 Table,True,-5.932055950164795,0.274813175201416,6.206869125366211
(CH3)3C6(O*)(CH2)3O,CC(C)(C)c1c([O])ccc2c1CCCCO2,sec-ROOH,$36.70,45.4,38.0,400.0,328.8,Phenoxyl,Radical Recombination,,10.0,3.4 Table,True,-5.4177937507629395,0.10347576439380646,5.521269515156746
(CH3)3C6(O*)(CH2)3O,CC(C)(C)c1c([O])ccc2c1CCCCO2,tert-ROOH,$29.80,41.3,130.0,400.0,328.8,Phenoxyl,Radical Recombination,,10.0,3.4 Table,True,-5.4177937507629395,0.10347576439380646,5.521269515156746
(CH3)3C6(O*)CH2CH(CH3)O,CC1Cc2c(ccc([O])c2C(C)(C)C)O1,sec-ROOH,$41.10,48.1,17.0,400.0,324.4,Phenoxyl,Radical Recombination,,20.0,3.4 Table,True,-5.513460159301758,-0.5250872373580933,4.9883729219436646
(CH3)3C6(O*)CH2CH(CH3)O,CC1Cc2c(ccc([O])c2C(C)(C)C)O1,tert-ROOH,$34.20,43.9,59.0,400.0,324.4,Phenoxyl,Radical Recombination,,20.0,3.4 Table,True,-5.513460159301758,-0.5250872373580933,4.9883729219436646
1-C13H9O*,[O]c1cccc2c1Cc1ccccc1-2,sec-ROOH,$29.20,41.0,140.0,400.0,336.3,Phenoxyl,Radical Recombination,,25.0,3.4 Table,True,-5.7409210205078125,-0.9647809267044067,4.776140093803406
1-C13H9O*,[O]c1cccc2c1Cc1ccccc1-2,tert-ROOH,$22.30,37.0,470.0,400.0,336.3,Phenoxyl,Radical Recombination,,25.0,3.4 Table,True,-5.7409210205078125,-0.9647809267044067,4.776140093803406
1-C10H7O*,[O]c1cccc2ccccc12,sec-ROOH,$24.10,38.0,350.0,400.0,341.4,Phenoxyl,Radical Recombination,,29.0,3.4 Table,True,-6.254216194152832,-0.9638383984565735,5.2903777956962585
1-C10H7O*,[O]c1cccc2ccccc12,tert-ROOH,$17.20,34.2,1100.0,400.0,341.4,Phenoxyl,Radical Recombination,,29.0,3.4 Table,True,-6.254216194152832,-0.9638383984565735,5.2903777956962585
2-C10H7O*,[O]c1ccc2ccccc2c1,sec-ROOH,$13.70,32.3,1900.0,400.0,351.8,Phenoxyl,Radical Recombination,,30.0,3.4 Table,True,-6.001781463623047,-1.198256492614746,4.803524971008301
2-C10H7O*,[O]c1ccc2ccccc2c1,tert-ROOH,$6.80,28.7,5700.0,400.0,351.8,Phenoxyl,Radical Recombination,,30.0,3.4 Table,True,-6.001781463623047,-1.198256492614746,4.803524971008301
1-C14H9O*,[O]c1cccc2c1ccc1ccccc12,sec-ROOH,$12.80,31.8,2300.0,400.0,352.7,Phenoxyl,Radical Recombination,,32.0,3.4 Table,True,-5.881962776184082,-1.2274848222732544,4.654477953910828
1-C14H9O*,[O]c1cccc2c1ccc1ccccc12,tert-ROOH,$5.90,28.2,6600.0,400.0,352.7,Phenoxyl,Radical Recombination,,32.0,3.4 Table,True,-5.881962776184082,-1.2274848222732544,4.654477953910828
C6H5O*,[O]c1ccccc1,sec-ROOH,-$1.50,24.4,21000.0,400.0,367.0,Phenoxyl,Radical Recombination,,36.0,3.4 Table,True,-6.224695205688477,-0.5294615626335144,5.695233643054962
C6H5O*,[O]c1ccccc1,tert-ROOH,-$8.40,21.1,56000.0,400.0,367.0,Phenoxyl,Radical Recombination,,36.0,3.4 Table,True,-6.224695205688477,-0.5294615626335144,5.695233643054962
4-CH3COC6H4O*,CC(=O)c1ccc(O)cc1,sec-ROOH,-$4.00,23.2,30000.0,400.0,369.5,Phenoxyl,Radical Recombination,,38.0,3.4 Table,True,-6.2654500007629395,-1.2383493185043335,5.027100682258606
4-CH3COC6H4O*,CC(=O)c1ccc(O)cc1,tert-ROOH,-$10.90,19.9,81000.0,400.0,369.5,Phenoxyl,Radical Recombination,,38.0,3.4 Table,True,-6.2654500007629395,-1.2383493185043335,5.027100682258606
4-NH2C6H4O*,Nc1ccc(O)cc1,sec-ROOH,$10.80,30.8,3000.0,400.0,354.7,Phenoxyl,Radical Recombination,,40.0,3.4 Table,True,-5.022120475769043,0.8767513036727905,5.8988717794418335
4-NH2C6H4O*,Nc1ccc(O)cc1,tert-ROOH,$3.90,27.2,9000.0,400.0,354.7,Phenoxyl,Radical Recombination,,40.0,3.4 Table,True,-5.022120475769043,0.8767513036727905,5.8988717794418335
4-C6H5CH2OC6H4O*,Oc1ccc(OCc2ccccc2)cc1,sec-ROOH,$18.00,34.6,970.0,400.0,347.5,Phenoxyl,Radical Recombination,,41.0,3.4 Table,True,-5.596794605255127,-0.11309798061847687,5.48369662463665
4-C6H5CH2OC6H4O*,Oc1ccc(OCc2ccccc2)cc1,tert-ROOH,$11.10,30.9,3000.0,400.0,347.5,Phenoxyl,Radical Recombination,,41.0,3.4 Table,True,-5.596794605255127,-0.11309798061847687,5.48369662463665
4-CH3(CH2)3OC6H4O*,CCCCOc1ccc(O)cc1,sec-ROOH,$19.70,35.6,720.0,400.0,345.8,Phenoxyl,Radical Recombination,,44.0,3.4 Table,True,-5.706371784210205,0.21124939620494843,5.9176211804151535
4-CH3(CH2)3OC6H4O*,CCCCOc1ccc(O)cc1,tert-ROOH,$12.80,31.8,2300.0,400.0,345.8,Phenoxyl,Radical Recombination,,44.0,3.4 Table,True,-5.706371784210205,0.21124939620494843,5.9176211804151535
4-(CH3)3CC6H4O*,CC(C)(C)c1ccc(O)cc1,sec-ROOH,$8.60,29.6,4400.0,400.0,356.9,Phenoxyl,Radical Recombination,,46.0,3.4 Table,True,-5.867645740509033,0.04890638217329979,5.916552122682333
4-(CH3)3CC6H4O*,CC(C)(C)c1ccc(O)cc1,tert-ROOH,$1.70,26.0,13000.0,400.0,356.9,Phenoxyl,Radical Recombination,,46.0,3.4 Table,True,-5.867645740509033,0.04890638217329979,5.916552122682333
"2,4-[(CH3)3C]2C6H3O*",CC(C)(C)c1ccc(O)c(C(C)(C)C)c1,sec-ROOH,$8.00,29.3,4800.0,400.0,357.5,Phenoxyl,Radical Recombination,,47.0,3.4 Table,True,-5.704798221588135,-0.03940916433930397,5.665389057248831
"2,4-[(CH3)3C]2C6H3O*",CC(C)(C)c1ccc(O)c(C(C)(C)C)c1,tert-ROOH,$1.10,25.7,14000.0,400.0,357.5,Phenoxyl,Radical Recombination,,47.0,3.4 Table,True,-5.704798221588135,-0.03940916433930397,5.665389057248831
"2-(CH3)3C-4,6-(CH3)2C6H2O*",Cc1cc(C)c(O)c(C(C)(C)C)c1,sec-ROOH,$11.70,31.2,2700.0,400.0,353.8,Phenoxyl,Radical Recombination,,74.0,3.4 Table,True,-5.526060104370117,0.34881892800331116,5.874879032373428
"2-(CH3)3C-4,6-(CH3)2C6H2O*",Cc1cc(C)c(O)c(C(C)(C)C)c1,tert-ROOH,$4.80,27.6,8000.0,400.0,353.8,Phenoxyl,Radical Recombination,,74.0,3.4 Table,True,-5.526060104370117,0.34881892800331116,5.874879032373428
2-(CH3)3C-4-CH3OC6H2O*,COc1ccc(O)c(C(C)(C)C)c1,sec-ROOH,$24.10,38.0,350.0,400.0,341.4,Phenoxyl,Radical Recombination,,75.0,3.4 Table,True,-5.413139820098877,0.1772654503583908,5.590405270457268
2-(CH3)3C-4-CH3OC6H2O*,COc1ccc(O)c(C(C)(C)C)c1,tert-ROOH,$17.20,34.2,1100.0,400.0,341.4,Phenoxyl,Radical Recombination,,75.0,3.4 Table,True,-5.413139820098877,0.1772654503583908,5.590405270457268
4-CH3OC6H4O*,COc1ccc(O)cc1,sec-ROOH,$16.50,33.8,1200.0,400.0,349.0,Phenoxyl,Radical Recombination,,78.0,3.4 Table,True,-5.547805309295654,0.39801016449928284,5.945815473794937
4-CH3OC6H4O*,COc1ccc(O)cc1,tert-ROOH,$9.60,30.1,3800.0,400.0,349.0,Phenoxyl,Radical Recombination,,78.0,3.4 Table,True,-5.547805309295654,0.39801016449928284,5.945815473794937
"2,3-(CH3)2C6H3O*",Cc1cccc(O)c1C,sec-ROOH,$12.00,31.4,2500.0,400.0,353.5,Phenoxyl,Radical Recombination,,79.0,3.4 Table,True,-5.651112079620361,-0.019930493086576462,5.631181586533785
"2,3-(CH3)2C6H3O*",Cc1cccc(O)c1C,tert-ROOH,$5.10,27.8,7500.0,400.0,353.5,Phenoxyl,Radical Recombination,,79.0,3.4 Table,True,-5.651112079620361,-0.019930493086576462,5.631181586533785
"3,4-(CH3)2C6H3O*",Cc1ccc(O)cc1C,sec-ROOH,$12.90,31.9,2200.0,400.0,352.6,Phenoxyl,Radical Recombination,,80.0,3.4 Table,True,-5.924914836883545,0.2915519177913666,6.2164667546749115
"3,4-(CH3)2C6H3O*",Cc1ccc(O)cc1C,tert-ROOH,$6.00,28.2,6600.0,400.0,352.6,Phenoxyl,Radical Recombination,,80.0,3.4 Table,True,-5.924914836883545,0.2915519177913666,6.2164667546749115
"3,5-(CH3)2C6H3O*",Cc1cc(C)cc(O)c1,sec-ROOH,$11.50,31.1,2800.0,400.0,354.0,Phenoxyl,Radical Recombination,,81.0,3.4 Table,True,-5.712029457092285,0.5152607560157776,6.227290213108063
"3,5-(CH3)2C6H3O*",Cc1cc(C)cc(O)c1,tert-ROOH,$4.60,27.5,8200.0,400.0,354.0,Phenoxyl,Radical Recombination,,81.0,3.4 Table,True,-5.712029457092285,0.5152607560157776,6.227290213108063
"2,4-(CH3)2C6H3O*",Cc1ccc(O)c(C)c1,sec-ROOH,$7.00,28.8,5600.0,400.0,358.5,Phenoxyl,Radical Recombination,,82.0,3.4 Table,True,-5.714666366577148,0.1741000860929489,5.888766452670097
"2,4-(CH3)2C6H3O*",Cc1ccc(O)c(C)c1,tert-ROOH,$0.10,25.3,16000.0,400.0,358.5,Phenoxyl,Radical Recombination,,82.0,3.4 Table,True,-5.714666366577148,0.1741000860929489,5.888766452670097
"2,6-(CH3)2C6H3O*",Cc1cccc(C)c1O,sec-ROOH,$10.60,30.6,3200.0,400.0,354.9,Phenoxyl,Radical Recombination,,83.0,3.4 Table,True,-5.77760124206543,-0.04856269434094429,5.729038547724485
"2,6-(CH3)2C6H3O*",Cc1cccc(C)c1O,tert-ROOH,$3.70,27.0,9600.0,400.0,354.9,Phenoxyl,Radical Recombination,,83.0,3.4 Table,True,-5.77760124206543,-0.04856269434094429,5.729038547724485
4-(CH3)2NC6H4O*,CN(C)c1ccc(O)cc1,sec-ROOH,$38.70,46.6,26.0,400.0,326.8,Phenoxyl,Radical Recombination,,85.0,3.4 Table,True,-5.471068859100342,-0.0561252199113369,5.414943639189005
4-(CH3)2NC6H4O*,CN(C)c1ccc(O)cc1,tert-ROOH,$31.80,42.5,90.0,400.0,326.8,Phenoxyl,Radical Recombination,,85.0,3.4 Table,True,-5.471068859100342,-0.0561252199113369,5.414943639189005
"2,4,6-(CH3)3C6H2O*",Cc1cc(C)c(O)c(C)c1,sec-ROOH,$18.70,35.0,860.0,400.0,346.8,Phenoxyl,Radical Recombination,,110.0,3.4 Table,True,-5.477290630340576,0.483749657869339,5.961040288209915
"2,4,6-(CH3)3C6H2O*",Cc1cc(C)c(O)c(C)c1,tert-ROOH,$11.80,31.3,2600.0,400.0,346.8,Phenoxyl,Radical Recombination,,110.0,3.4 Table,True,-5.477290630340576,0.483749657869339,5.961040288209915
"2,6-(CH3)2-4-COOHCH2-C6H2OH",Cc1cc(CC(=O)O)cc(C)c1O,sec-ROOH,$17.50,34.4,1000.0,400.0,348.0,Phenoxyl,Radical Recombination,,113.0,3.4 Table,True,-5.71437406539917,-0.12468428909778595,5.589689776301384
"2,6-(CH3)2-4-COOHCH2-C6H2OH",Cc1cc(CC(=O)O)cc(C)c1O,tert-ROOH,$10.60,30.6,3200.0,400.0,348.0,Phenoxyl,Radical Recombination,,113.0,3.4 Table,True,-5.71437406539917,-0.12468428909778595,5.589689776301384
3-HOC6H4OH,Oc1cccc(O)c1,sec-ROOH,-$0.30,25.0,34000.0,400.0,365.8,Phenoxyl,Radical Recombination,,121.0,3.4 Table,True,-5.375467300415039,-0.0492837019264698,5.326183598488569
3-HOC6H4OH,Oc1cccc(O)c1,tert-ROOH,-$7.20,21.7,94000.0,400.0,365.8,Phenoxyl,Radical Recombination,,121.0,3.4 Table,True,-5.375467300415039,-0.0492837019264698,5.326183598488569
?-Tocopheroxyl,Cc1c(C)c2c(c(C)c1[O])CCC(C)(CCCC(C)CCCC(C)CCCC(C)C)O2,sec-ROOH,$37.80,46.0,31.0,400.0,327.7,Phenoxyl,Radical Recombination,,130.0,3.4 Table,True,-5.270751953125,0.04825105145573616,5.319003004580736
?-Tocopheroxyl,Cc1c(C)c2c(c(C)c1[O])CCC(C)(CCCC(C)CCCC(C)CCCC(C)C)O2,tert-ROOH,$30.90,41.9,110.0,400.0,327.7,Phenoxyl,Radical Recombination,,130.0,3.4 Table,True,-5.270751953125,0.04825105145573616,5.319003004580736
?-Tocopheroxyl,Cc1cc([O])c(C)c2c1O[C@](C)(CCC[C@H](C)CCC[C@H](C)CCCC(C)C)CC2,sec-ROOH,$33.10,43.3,71.0,400.0,332.4,Phenoxyl,Radical Recombination,,131.0,3.4 Table,True,-5.320306301116943,0.14684636890888214,5.4671526700258255
?-Tocopheroxyl,Cc1cc([O])c(C)c2c1O[C@](C)(CCC[C@H](C)CCC[C@H](C)CCCC(C)C)CC2,tert-ROOH,$26.20,39.2,240.0,400.0,332.4,Phenoxyl,Radical Recombination,,131.0,3.4 Table,True,-5.320306301116943,0.14684636890888214,5.4671526700258255
?-Tocopheroxyl,Cc1cc([O])cc2c1OC(C)(CCCC(C)CCCC(C)CCCC(C)C)CC2,sec-ROOH,$48.50,52.7,4.2,400.0,317.0,Phenoxyl,Radical Recombination,,133.0,3.4 Table,True,-5.560486316680908,-0.030913617461919785,5.529572699218988
?-Tocopheroxyl,Cc1cc([O])cc2c1OC(C)(CCCC(C)CCCC(C)CCCC(C)C)CC2,tert-ROOH,$41.60,48.4,15.0,400.0,317.0,Phenoxyl,Radical Recombination,,133.0,3.4 Table,True,-5.560486316680908,-0.030913617461919785,5.529572699218988
"1-[3',5'-[(CH3)2C]2-4'-(*O-C6H2CH2)]-3,5-[[(CH3)2C]2-4'-HOC6H2CH2]2-C6H3",CC(C)c1cc(O)c(C(C)C)c(Cc2cc(Cc3cc(C(C)C)cc(O)c3C(C)C)cc(Cc3cc(C(C)C)cc(O)c3C(C)C)c2)c1,sec-ROOH,$20.60,42.6,1100.0,400.0,,Phenoxyl,Radical Recombination,,1.0,3.5 Table,True,-5.379616737365723,-0.3588104248046875,5.020806312561035
"1-[3',5'-[(CH3)2C]2-4'-(*O-C6H2CH2)]-3,5-[[(CH3)2C]2-4'-HOC6H2CH2]2-C6H3",CC(C)c1cc(O)c(C(C)C)c(Cc2cc(Cc3cc(C(C)C)cc(O)c3C(C)C)cc(Cc3cc(C(C)C)cc(O)c3C(C)C)c2)c1,tert-ROOH,$13.70,38.8,2800.0,400.0,,Phenoxyl,Radical Recombination,,1.0,3.5 Table,True,-5.379616737365723,-0.3588104248046875,5.020806312561035
"[4,6-[(CH3)3C]2C6H2O*]-CH2-2-[4,6-[(CH3)3C]2C6H2OH",CC(C)(C)c1cc(Cc2cc(C(C)(C)C)cc(C(C)(C)C)c2O)c(O)c(C(C)(C)C)c1,sec-ROOH,$24.60,44.8,670.0,400.0,340.9,Phenoxyl,Radical Recombination,,24.0,3.5 Table,True,-5.39336633682251,-0.29362690448760986,5.0997394323349
"[4,6-[(CH3)3C]2C6H2O*]-CH2-2-[4,6-[(CH3)3C]2C6H2OH",CC(C)(C)c1cc(Cc2cc(C(C)(C)C)cc(C(C)(C)C)c2O)c(O)c(C(C)(C)C)c1,tert-ROOH,$17.70,41.0,1700.0,400.0,340.9,Phenoxyl,Radical Recombination,,24.0,3.5 Table,True,-5.39336633682251,-0.29362690448760986,5.0997394323349
"C-[4-(CH2)2COOCH2-2,6-[(CH3)3C]2C6H2O*][4-(CH2)2COOCH2-2,6-[(CH3)3C]2C6H2OH]3",CC(C)(C)c1cc(CCC(=O)OCC(COC(=O)CCc2cc(C(C)(C)C)c(O)c(C(C)(C)C)c2)(COC(=O)CCc2cc(C(C)(C)C)c(O)c(C(C)(C)C)c2)COC(=O)CCc2cc(C(C)(C)C)c(O)c(C(C)(C)C)c2)cc(C(C)(C)C)c1[O],sec-ROOH,$24.50,44.7,680.0,400.0,341.0,Phenoxyl,Radical Recombination,,31.0,3.5 Table,True,-5.708029270172119,-0.7033704519271851,5.004658818244934
"C-[4-(CH2)2COOCH2-2,6-[(CH3)3C]2C6H2O*][4-(CH2)2COOCH2-2,6-[(CH3)3C]2C6H2OH]3",CC(C)(C)c1cc(CCC(=O)OCC(COC(=O)CCc2cc(C(C)(C)C)c(O)c(C(C)(C)C)c2)(COC(=O)CCc2cc(C(C)(C)C)c(O)c(C(C)(C)C)c2)COC(=O)CCc2cc(C(C)(C)C)c(O)c(C(C)(C)C)c2)cc(C(C)(C)C)c1[O],tert-ROOH,$17.60,40.9,1700.0,400.0,341.0,Phenoxyl,Radical Recombination,,31.0,3.5 Table,True,-5.708029270172119,-0.7033704519271851,5.004658818244934
"2,4-[(CH3)3C]2-6-CH3-C6H2O*",Cc1cc(C(C)(C)C)cc(C(C)(C)C)c1O,sec-ROOH,$11.60,37.7,3700.0,400.0,353.9,Phenoxyl,Radical Recombination,,49.0,3.5 Table,True,-5.58491849899292,0.04483092203736305,5.629749421030283
"2,4-[(CH3)3C]2-6-CH3-C6H2O*",Cc1cc(C(C)(C)C)cc(C(C)(C)C)c1O,tert-ROOH,$4.70,34.1,8800.0,400.0,353.9,Phenoxyl,Radical Recombination,,49.0,3.5 Table,True,-5.58491849899292,0.04483092203736305,5.629749421030283
"[2,6-[(CH3)3C]2C6H2O*]-4'-[2,6-[(CH3)3C]2C6H2OH]",CC(C)(C)c1cc(-c2cc(C(C)(C)C)c(O)c(C(C)(C)C)c2)cc(C(C)(C)C)c1O,sec-ROOH,$22.90,43.8,850.0,400.0,342.6,Phenoxyl,Radical Recombination,,50.0,3.5 Table,True,-5.280860424041748,-0.8149426579475403,4.465917766094208
"[2,6-[(CH3)3C]2C6H2O*]-4'-[2,6-[(CH3)3C]2C6H2OH]",CC(C)(C)c1cc(-c2cc(C(C)(C)C)c(O)c(C(C)(C)C)c2)cc(C(C)(C)C)c1O,tert-ROOH,$16.00,40.0,2100.0,400.0,342.6,Phenoxyl,Radical Recombination,,50.0,3.5 Table,True,-5.280860424041748,-0.8149426579475403,4.465917766094208
"2,6-[(CH3)3C]2C6H3O*",CC(C)(C)c1cccc(C(C)(C)C)c1O,sec-ROOH,$18.80,41.6,1400.0,400.0,346.7,Phenoxyl,Radical Recombination,,51.0,3.5 Table,True,-5.668120861053467,-0.23425625264644623,5.433864608407021
"2,6-[(CH3)3C]2C6H3O*",CC(C)(C)c1cccc(C(C)(C)C)c1O,tert-ROOH,$11.90,37.9,3500.0,400.0,346.7,Phenoxyl,Radical Recombination,,51.0,3.5 Table,True,-5.668120861053467,-0.23425625264644623,5.433864608407021
"2,6-[(CH3)3C]2-4-CH3CONHC6H2O*",CC(=O)Nc1cc(C(C)(C)C)c(O)c(C(C)(C)C)c1,sec-ROOH,$38.80,53.0,93.0,400.0,339.0,Phenoxyl,Radical Recombination,,52.0,3.5 Table,True,-5.482661724090576,-0.04921674355864525,5.433444980531931
"2,6-[(CH3)3C]2-4-CH3CONHC6H2O*",CC(=O)Nc1cc(C(C)(C)C)c(O)c(C(C)(C)C)c1,tert-ROOH,$31.90,48.9,250.0,400.0,339.0,Phenoxyl,Radical Recombination,,52.0,3.5 Table,True,-5.482661724090576,-0.04921674355864525,5.433444980531931
"2,6-[(CH3)3C]2-4-CH3COC6H2O*",CC(=O)c1cc(C(C)(C)C)c(O)c(C(C)(C)C)c1,sec-ROOH,$20.00,42.2,1200.0,400.0,345.5,Phenoxyl,Radical Recombination,,53.0,3.5 Table,True,-5.756746768951416,-0.9889815449714661,4.76776522397995
"2,6-[(CH3)3C]2-4-CH3COC6H2O*",CC(=O)c1cc(C(C)(C)C)c(O)c(C(C)(C)C)c1,tert-ROOH,$13.10,38.5,3000.0,400.0,345.5,Phenoxyl,Radical Recombination,,53.0,3.5 Table,True,-5.756746768951416,-0.9889815449714661,4.76776522397995
"2,6-[(CH3)3C]2-4-C6H5CH2C6H2O*",CC(C)(C)c1cc(Cc2ccccc2)cc(C(C)(C)C)c1O,sec-ROOH,$25.80,45.4,580.0,400.0,339.7,Phenoxyl,Radical Recombination,,54.0,3.5 Table,True,-5.574779987335205,-0.2910800576210022,5.283699929714203
"2,6-[(CH3)3C]2-4-C6H5CH2C6H2O*",CC(C)(C)c1cc(Cc2ccccc2)cc(C(C)(C)C)c1O,tert-ROOH,$18.90,41.6,1400.0,400.0,339.7,Phenoxyl,Radical Recombination,,54.0,3.5 Table,True,-5.574779987335205,-0.2910800576210022,5.283699929714203
"2,6-[(CH3)3C]2-4-(CH3)3COC6H2O*",CC(C)(C)Oc1cc(C(C)(C)C)c(O)c(C(C)(C)C)c1,sec-ROOH,$34.20,50.3,180.0,400.0,331.3,Phenoxyl,Radical Recombination,,55.0,3.5 Table,True,-5.481039524078369,0.06326915323734283,5.544308677315712
"2,6-[(CH3)3C]2-4-(CH3)3COC6H2O*",CC(C)(C)Oc1cc(C(C)(C)C)c(O)c(C(C)(C)C)c1,tert-ROOH,$27.30,46.3,470.0,400.0,331.3,Phenoxyl,Radical Recombination,,55.0,3.5 Table,True,-5.481039524078369,0.06326915323734283,5.544308677315712
"2,6-[(CH3)3C]2-4-(CH3)3COC(O)C6H2O*",CC(C)(C)OC(=O)c1cc(C(C)(C)C)c(O)c(C(C)(C)C)c1,sec-ROOH,$17.80,41.0,1700.0,400.0,347.7,Phenoxyl,Radical Recombination,,56.0,3.5 Table,True,-5.734348297119141,-0.721964418888092,5.012383878231049
"2,6-[(CH3)3C]2-4-(CH3)3COC(O)C6H2O*",CC(C)(C)OC(=O)c1cc(C(C)(C)C)c(O)c(C(C)(C)C)c1,tert-ROOH,$10.90,37.3,4100.0,400.0,347.7,Phenoxyl,Radical Recombination,,56.0,3.5 Table,True,-5.734348297119141,-0.721964418888092,5.012383878231049
"2,6-[(CH3)3C]2-4-HOOCC6H2O*",CC(C)(C)c1cc(COO)cc(C(C)(C)C)c1O,sec-ROOH,$16.70,40.4,1900.0,400.0,348.8,Phenoxyl,Radical Recombination,,57.0,3.5 Table,True,-5.531170845031738,-0.00014779344201087952,5.531023051589727
"2,6-[(CH3)3C]2-4-HOOCC6H2O*",CC(C)(C)c1cc(COO)cc(C(C)(C)C)c1O,tert-ROOH,$9.80,36.8,4600.0,400.0,348.8,Phenoxyl,Radical Recombination,,57.0,3.5 Table,True,-5.531170845031738,-0.00014779344201087952,5.531023051589727
"2,6-[(CH3)3C]2-4-ClC6H2O*",CC(C)(C)c1cc(Cl)cc(C(C)(C)C)c1O,sec-ROOH,$21.00,42.8,1100.0,400.0,344.5,Phenoxyl,Radical Recombination,,58.0,3.5 Table,True,-5.753632545471191,-0.48944687843322754,5.264185667037964
"2,6-[(CH3)3C]2-4-ClC6H2O*",CC(C)(C)c1cc(Cl)cc(C(C)(C)C)c1O,tert-ROOH,$14.10,39.0,2700.0,400.0,344.5,Phenoxyl,Radical Recombination,,58.0,3.5 Table,True,-5.753632545471191,-0.48944687843322754,5.264185667037964
"2,6-[(CH3)3C]2-4-NCC6H2O*",[C-]#[N+]c1cc(C(C)(C)C)c(O)c(C(C)(C)C)c1,sec-ROOH,$13.10,38.5,3000.0,400.0,352.4,Phenoxyl,Radical Recombination,,60.0,3.5 Table,True,-5.1800312995910645,-1.1846555471420288,3.9953757524490356
"2,6-[(CH3)3C]2-4-NCC6H2O*",[C-]#[N+]c1cc(C(C)(C)C)c(O)c(C(C)(C)C)c1,tert-ROOH,$6.20,34.9,7200.0,400.0,352.4,Phenoxyl,Radical Recombination,,60.0,3.5 Table,True,-5.1800312995910645,-1.1846555471420288,3.9953757524490356
"2,6-[(CH3)3C]2-4-H(O)CC6H2O*",CC(C)(C)c1cc(CO)cc(C(C)(C)C)c1O,sec-ROOH,$17.70,41.0,1700.0,400.0,347.8,Phenoxyl,Radical Recombination,,61.0,3.5 Table,True,-5.581869602203369,-0.15444962680339813,5.427419975399971
"2,6-[(CH3)3C]2-4-H(O)CC6H2O*",CC(C)(C)c1cc(CO)cc(C(C)(C)C)c1O,tert-ROOH,$10.80,37.3,4100.0,400.0,347.8,Phenoxyl,Radical Recombination,,61.0,3.5 Table,True,-5.581869602203369,-0.15444962680339813,5.427419975399971
"2,6-[(CH3)3C]2-4-CH3OC6H2O*",COc1cc(C(C)(C)C)c(O)c(C(C)(C)C)c1,sec-ROOH,$34.80,50.6,170.0,400.0,330.7,Phenoxyl,Radical Recombination,,62.0,3.5 Table,True,-5.397151470184326,0.2712005376815796,5.668352007865906
"2,6-[(CH3)3C]2-4-CH3OC6H2O*",COc1cc(C(C)(C)C)c(O)c(C(C)(C)C)c1,tert-ROOH,$27.90,46.6,430.0,400.0,330.7,Phenoxyl,Radical Recombination,,62.0,3.5 Table,True,-5.397151470184326,0.2712005376815796,5.668352007865906
"2,6-[(CH3)3C]2-4-CH3C6H2O*",Cc1cc(C(C)(C)C)c(O)c(C(C)(C)C)c1,sec-ROOH,$26.50,45.8,520.0,400.0,339.0,Phenoxyl,Radical Recombination,,64.0,3.5 Table,True,-5.553175449371338,0.1680631786584854,5.721238628029823
"2,6-[(CH3)3C]2-4-CH3C6H2O*",Cc1cc(C(C)(C)C)c(O)c(C(C)(C)C)c1,tert-ROOH,$19.60,42.0,1300.0,400.0,339.0,Phenoxyl,Radical Recombination,,64.0,3.5 Table,True,-5.553175449371338,0.1680631786584854,5.721238628029823
"2,6-[(CH3)3C]2-4-NO2C6H2O*",CC(C)(C)c1cc([N+](=O)[O-])cc(C(C)(C)C)c1O,sec-ROOH,$7.50,35.6,6100.0,400.0,358.0,Phenoxyl,Radical Recombination,,68.0,3.5 Table,True,-6.095340728759766,-1.7287217378616333,4.366618990898132
"2,6-[(CH3)3C]2-4-NO2C6H2O*",CC(C)(C)c1cc([N+](=O)[O-])cc(C(C)(C)C)c1O,tert-ROOH,$0.60,32.0,15000.0,400.0,358.0,Phenoxyl,Radical Recombination,,68.0,3.5 Table,True,-6.095340728759766,-1.7287217378616333,4.366618990898132
"2,6-[(CH3)3C]2-4-C6H5C6H2O*",CC(C)(C)c1cc(-c2ccccc2)cc(C(C)(C)C)c1O,sec-ROOH,$27.80,46.6,430.0,400.0,337.7,Phenoxyl,Radical Recombination,,70.0,3.5 Table,True,-5.412005424499512,-0.6111592650413513,4.80084615945816
"2,6-[(CH3)3C]2-4-C6H5C6H2O*",CC(C)(C)c1cc(-c2ccccc2)cc(C(C)(C)C)c1O,tert-ROOH,$20.90,42.7,1100.0,400.0,337.7,Phenoxyl,Radical Recombination,,70.0,3.5 Table,True,-5.412005424499512,-0.6111592650413513,4.80084615945816
"2,6-[(CH3)3C]2-4-C6H5SC6H2O*",CC(C)(C)c1cc(Sc2ccccc2)cc(C(C)(C)C)c1O,sec-ROOH,$19.10,41.7,1400.0,400.0,346.4,Phenoxyl,Radical Recombination,,73.0,3.5 Table,True,-5.361265659332275,-0.31310707330703735,5.048158586025238
"2,6-[(CH3)3C]2-4-C6H5SC6H2O*",CC(C)(C)c1cc(Sc2ccccc2)cc(C(C)(C)C)c1O,tert-ROOH,$12.20,38.0,3400.0,400.0,346.4,Phenoxyl,Radical Recombination,,73.0,3.5 Table,True,-5.361265659332275,-0.31310707330703735,5.048158586025238
"2,6-(C6H5)2-4-NH2CH2C6H2O*",NCc1cc(-c2ccccc2)c(O)c(-c2ccccc2)c1,sec-ROOH,$42.60,55.2,55.0,400.0,322.9,Phenoxyl,Radical Recombination,,89.0,3.5 Table,True,-5.20679235458374,-0.6224339008331299,4.58435845375061
"2,6-(C6H5)2-4-NH2CH2C6H2O*",NCc1cc(-c2ccccc2)c(O)c(-c2ccccc2)c1,tert-ROOH,$35.70,51.1,150.0,400.0,322.9,Phenoxyl,Radical Recombination,,89.0,3.5 Table,True,-5.20679235458374,-0.6224339008331299,4.58435845375061
"2,6-(C6H5)2-4-CNCH2C6H2O*",N#CCc1cc(-c2ccccc2)c(O)c(-c2ccccc2)c1,sec-ROOH,$54.40,62.6,9.2,400.0,311.1,Phenoxyl,Radical Recombination,,90.0,3.5 Table,True,-5.657772064208984,-0.9345166683197021,4.723255395889282
"2,6-(C6H5)2-4-CNCH2C6H2O*",N#CCc1cc(-c2ccccc2)c(O)c(-c2ccccc2)c1,tert-ROOH,$47.50,58.2,27.0,400.0,311.1,Phenoxyl,Radical Recombination,,90.0,3.5 Table,True,-5.657772064208984,-0.9345166683197021,4.723255395889282
"2,6-(C6H5)2-4-HOOCCH2C6H2O*",O=C(O)Cc1cc(-c2ccccc2)c(O)c(-c2ccccc2)c1,sec-ROOH,$39.60,53.4,84.0,400.0,325.9,Phenoxyl,Radical Recombination,,91.0,3.5 Table,True,-5.57826042175293,-1.0325182676315308,4.545742154121399
"2,6-(C6H5)2-4-HOOCCH2C6H2O*",O=C(O)Cc1cc(-c2ccccc2)c(O)c(-c2ccccc2)c1,tert-ROOH,$32.70,49.5,220.0,400.0,325.9,Phenoxyl,Radical Recombination,,91.0,3.5 Table,True,-5.57826042175293,-1.0325182676315308,4.545742154121399
"2,6-(C6H5)2-4-HSC6H2O*",Oc1c(-c2ccccc2)cc(S)cc1-c1ccccc1,sec-ROOH,$25.50,45.3,590.0,400.0,340.0,Phenoxyl,Radical Recombination,,92.0,3.5 Table,True,-5.72395658493042,-0.9433725476264954,4.780584037303925
"2,6-(C6H5)2-4-HSC6H2O*",Oc1c(-c2ccccc2)cc(S)cc1-c1ccccc1,tert-ROOH,$18.60,41.5,1500.0,400.0,340.0,Phenoxyl,Radical Recombination,,92.0,3.5 Table,True,-5.72395658493042,-0.9433725476264954,4.780584037303925
"2,6-(C6H5)2-4-CH3SC6H2O*",CSc1cc(-c2ccccc2)c(O)c(-c2ccccc2)c1,sec-ROOH,$25.10,45.0,640.0,400.0,340.4,Phenoxyl,Radical Recombination,,94.0,3.5 Table,True,-5.3427348136901855,-0.8781824707984924,4.464552342891693
"2,6-(C6H5)2-4-CH3SC6H2O*",CSc1cc(-c2ccccc2)c(O)c(-c2ccccc2)c1,tert-ROOH,$18.20,41.2,1600.0,400.0,340.4,Phenoxyl,Radical Recombination,,94.0,3.5 Table,True,-5.3427348136901855,-0.8781824707984924,4.464552342891693
"2,6-(C6H5)2-4-CH3OC6H2O*",COc1cc(-c2ccccc2)c(O)c(-c2ccccc2)c1,sec-ROOH,$37.50,52.2,110.0,400.0,328.0,Phenoxyl,Radical Recombination,,95.0,3.5 Table,True,-5.139733791351318,-0.5166687369346619,4.6230650544166565
"2,6-(C6H5)2-4-CH3OC6H2O*",COc1cc(-c2ccccc2)c(O)c(-c2ccccc2)c1,tert-ROOH,$30.60,48.2,290.0,400.0,328.0,Phenoxyl,Radical Recombination,,95.0,3.5 Table,True,-5.139733791351318,-0.5166687369346619,4.6230650544166565
"2,6-(C6H5)2-4-C18H37C6H2O*",CCCCCCCCCCCCCCCCCCc1cc(-c2ccccc2)c(O)c(-c2ccccc2)c1,sec-ROOH,$36.90,51.8,120.0,400.0,328.6,Phenoxyl,Radical Recombination,,96.0,3.5 Table,True,-5.294878959655762,-0.45616263151168823,4.8387163281440735
"2,6-(C6H5)2-4-C18H37C6H2O*",CCCCCCCCCCCCCCCCCCc1cc(-c2ccccc2)c(O)c(-c2ccccc2)c1,tert-ROOH,$30.00,47.8,320.0,400.0,328.6,Phenoxyl,Radical Recombination,,96.0,3.5 Table,True,-5.294878959655762,-0.45616263151168823,4.8387163281440735
"2,6-(C6H5)2-4-C24H49OC6H2O*",CCCCCCCCCCCCCCCCCCCCCCCCOc1cc(-c2ccccc2)c(O)c(-c2ccccc2)c1,sec-ROOH,$36.30,51.5,130.0,400.0,329.2,Phenoxyl,Radical Recombination,,97.0,3.5 Table,True,-5.2600274085998535,-0.5321520566940308,4.727875351905823
"2,6-(C6H5)2-4-C24H49OC6H2O*",CCCCCCCCCCCCCCCCCCCCCCCCOc1cc(-c2ccccc2)c(O)c(-c2ccccc2)c1,tert-ROOH,$29.40,47.5,350.0,400.0,329.2,Phenoxyl,Radical Recombination,,97.0,3.5 Table,True,-5.2600274085998535,-0.5321520566940308,4.727875351905823
"Si[2,6-[(CH3)3C]2-4-OCH2CH2C6H2OH]3 [[(CH3)3C]2-4-CH2CH2OC6H2O*]",CC(C)(C)c1cc(CCO[Si](OCCc2cc(C(C)(C)C)cc(C(C)(C)C)c2O)(OCCc2cc(C(C)(C)C)cc(C(C)(C)C)c2O)OCCc2cc(C(C)(C)C)cc(C(C)(C)C)c2O)c([O])c(C(C)(C)C)c1,sec-ROOH,$24.60,44.8,670.0,400.0,340.9,Phenoxyl,Radical Recombination,,122.0,3.5 Table,True,-5.084479331970215,-0.18958182632923126,4.894897505640984
"Si[2,6-[(CH3)3C]2-4-OCH2CH2C6H2OH]3[[(CH3)3C]2-4-CH2CH2OC6H2O*]",CC(C)(C)c1cc(CCO[Si](OCCc2cc(C(C)(C)C)cc(C(C)(C)C)c2O)(OCCc2cc(C(C)(C)C)cc(C(C)(C)C)c2O)OCCc2cc(C(C)(C)C)cc(C(C)(C)C)c2O)c([O])c(C(C)(C)C)c1,tert-ROOH,$17.70,41.0,1700.0,400.0,340.9,Phenoxyl,Radical Recombination,,122.0,3.5 Table,True,-5.084479331970215,-0.18958182632923126,4.894897505640984
"4-[2,6-[(CH3)3C]2C6H2OH]-CH2SCH2-4'-[2,6-[(CH3)3C]2C6H2O*]",CC(C)(C)c1cc(CSCc2cc(C(C)(C)C)c(O)c(C(C)(C)C)c2)cc(C(C)(C)C)c1O,sec-ROOH,$25.60,45.3,590.0,400.0,339.9,Phenoxyl,Radical Recombination,,123.0,3.5 Table,True,-5.264400005340576,-0.6439104676246643,4.620489537715912
"4-[2,6-[(CH3)3C]2C6H2OH]-CH2SCH2-4'-[2,6-[(CH3)3C]2C6H2O*]",CC(C)(C)c1cc(CSCc2cc(C(C)(C)C)c(O)c(C(C)(C)C)c2)cc(C(C)(C)C)c1O,tert-ROOH,$18.70,41.5,1500.0,400.0,339.9,Phenoxyl,Radical Recombination,,123.0,3.5 Table,True,-5.264400005340576,-0.6439104676246643,4.620489537715912
"1,3,5-[3',5'-[(CH3)2C]2-4'-HO-C6H2CH2]3C6H3",CC(C)c1cc(O)c(C(C)C)c(Cc2cc(Cc3cc(C(C)C)cc(O)c3C(C)C)cc(Cc3cc(C(C)C)cc(O)c3C(C)C)c2)c1,HO2*,-$24.10,20.4,210000.0,400.0,344.9,Phenol,Hydrogen Abstraction,,1.0,3.3 Table,True,-5.379616737365723,-0.3588104248046875,5.020806312561035
"1,3,5-[3',5'-[(CH3)2C]2-4'-HO-C6H2CH2]3C6H3",CC(C)c1cc(O)c(C(C)C)c(Cc2cc(Cc3cc(C(C)C)cc(O)c3C(C)C)cc(Cc3cc(C(C)C)cc(O)c3C(C)C)c2)c1,sec-RO2*,-$20.60,22.0,130000.0,400.0,344.9,Phenol,Hydrogen Abstraction,,1.0,3.3 Table,True,-5.379616737365723,-0.3588104248046875,5.020806312561035
"1,3,5-[3',5'-[(CH3)2C]2-4'-HO-C6H2CH2]3C6H3",CC(C)c1cc(O)c(C(C)C)c(Cc2cc(Cc3cc(C(C)C)cc(O)c3C(C)C)cc(Cc3cc(C(C)C)cc(O)c3C(C)C)c2)c1,tert-RO2*,-$13.70,25.1,51000.0,400.0,344.9,Phenol,Hydrogen Abstraction,,1.0,3.3 Table,True,-5.379616737365723,-0.3588104248046875,5.020806312561035
"2,2'-CH2-[4,6-[(CH3)3C]2C6H2OH]2",CC(C)(C)c1cc(Cc2cc(C(C)(C)C)cc(C(C)(C)C)c2O)c(O)c(C(C)(C)C)c1,HO2*,-$28.10,18.6,240000.0,400.0,340.9,Phenol,Hydrogen Abstraction,,24.0,3.3 Table,True,-5.39336633682251,-0.29362690448760986,5.0997394323349
"2,2'-CH2-[4,6-[(CH3)3C]2C6H2OH]2",CC(C)(C)c1cc(Cc2cc(C(C)(C)C)cc(C(C)(C)C)c2O)c(O)c(C(C)(C)C)c1,sec-RO2*,-$24.60,20.2,150000.0,400.0,340.9,Phenol,Hydrogen Abstraction,,24.0,3.3 Table,True,-5.39336633682251,-0.29362690448760986,5.0997394323349
"2,2'-CH2-[4,6-[(CH3)3C]2C6H2OH]2",CC(C)(C)c1cc(Cc2cc(C(C)(C)C)cc(C(C)(C)C)c2O)c(O)c(C(C)(C)C)c1,tert-RO2*,-$17.70,23.3,58000.0,400.0,340.9,Phenol,Hydrogen Abstraction,,24.0,3.3 Table,True,-5.39336633682251,-0.29362690448760986,5.0997394323349
"C-[4-(CH2)2COOCH2-2,6-[(CH3)3C]2C6H2OH]",CC(C)(C)c1cc(CCC(=O)OCC(COC(=O)CCc2cc(C(C)(C)C)c(O)c(C(C)(C)C)c2)(COC(=O)CCc2cc(C(C)(C)C)c(O)c(C(C)(C)C)c2)COC(=O)CCc2cc(C(C)(C)C)c(O)c(C(C)(C)C)c2)cc(C(C)(C)C)c1O,HO2*,-$28.00,18.7,120000.0,400.0,341.0,Phenol,Hydrogen Abstraction,,31.0,3.3 Table,True,-5.708029270172119,-0.7033704519271851,5.004658818244934
"C-[4-(CH2)2COOCH2-2,6-[(CH3)3C]2C6H2OH]",CC(C)(C)c1cc(CCC(=O)OCC(COC(=O)CCc2cc(C(C)(C)C)c(O)c(C(C)(C)C)c2)(COC(=O)CCc2cc(C(C)(C)C)c(O)c(C(C)(C)C)c2)COC(=O)CCc2cc(C(C)(C)C)c(O)c(C(C)(C)C)c2)cc(C(C)(C)C)c1O,sec-RO2*,-$24.50,20.2,74000.0,400.0,341.0,Phenol,Hydrogen Abstraction,,31.0,3.3 Table,True,-5.708029270172119,-0.7033704519271851,5.004658818244934
"C-[4-(CH2)2COOCH2-2,6-[(CH3)3C]2C6H2OH]",CC(C)(C)c1cc(CCC(=O)OCC(COC(=O)CCc2cc(C(C)(C)C)c(O)c(C(C)(C)C)c2)(COC(=O)CCc2cc(C(C)(C)C)c(O)c(C(C)(C)C)c2)COC(=O)CCc2cc(C(C)(C)C)c(O)c(C(C)(C)C)c2)cc(C(C)(C)C)c1O,tert-RO2*,-$17.60,23.3,29000.0,400.0,341.0,Phenol,Hydrogen Abstraction,,31.0,3.3 Table,True,-5.708029270172119,-0.7033704519271851,5.004658818244934
"2,4-[(CH3)3C]2-6-CH3-C6H2OH",Cc1cc(C(C)(C)C)cc(C(C)(C)C)c1O,HO2*,-$15.10,24.5,20000.0,400.0,353.9,Phenol,Hydrogen Abstraction,,49.0,3.3 Table,True,-5.58491849899292,0.04483092203736305,5.629749421030283
"2,4-[(CH3)3C]2-6-CH3-C6H2OH",Cc1cc(C(C)(C)C)cc(C(C)(C)C)c1O,sec-RO2*,-$11.60,26.1,12000.0,400.0,353.9,Phenol,Hydrogen Abstraction,,49.0,3.3 Table,True,-5.58491849899292,0.04483092203736305,5.629749421030283
"2,4-[(CH3)3C]2-6-CH3-C6H2OH",Cc1cc(C(C)(C)C)cc(C(C)(C)C)c1O,tert-RO2*,-$4.70,29.4,4600.0,400.0,353.9,Phenol,Hydrogen Abstraction,,49.0,3.3 Table,True,-5.58491849899292,0.04483092203736305,5.629749421030283
"4,4'-[2,6-[(CH3)3C]2C6H2OH]2",CC(C)(C)c1cc(-c2cc(C(C)(C)C)c(O)c(C(C)(C)C)c2)cc(C(C)(C)C)c1O,HO2*,-$26.40,19.4,190000.0,400.0,342.6,Phenol,Hydrogen Abstraction,,50.0,3.3 Table,True,-5.280860424041748,-0.8149426579475403,4.465917766094208
"4,4'-[2,6-[(CH3)3C]2C6H2OH]2",CC(C)(C)c1cc(-c2cc(C(C)(C)C)c(O)c(C(C)(C)C)c2)cc(C(C)(C)C)c1O,sec-RO2*,-$22.90,20.9,120000.0,400.0,342.6,Phenol,Hydrogen Abstraction,,50.0,3.3 Table,True,-5.280860424041748,-0.8149426579475403,4.465917766094208
"4,4'-[2,6-[(CH3)3C]2C6H2OH]2",CC(C)(C)c1cc(-c2cc(C(C)(C)C)c(O)c(C(C)(C)C)c2)cc(C(C)(C)C)c1O,tert-RO2*,-$16.00,24.0,48000.0,400.0,342.6,Phenol,Hydrogen Abstraction,,50.0,3.3 Table,True,-5.280860424041748,-0.8149426579475403,4.465917766094208
"2,6-[(CH3)3C]2C6H3OH",CC(C)(C)c1cccc(C(C)(C)C)c1O,HO2*,-$22.30,21.2,55000.0,400.0,346.7,Phenol,Hydrogen Abstraction,,51.0,3.3 Table,True,-5.668120861053467,-0.23425625264644623,5.433864608407021
"2,6-[(CH3)3C]2C6H3OH",CC(C)(C)c1cccc(C(C)(C)C)c1O,sec-RO2*,-$18.80,22.8,34000.0,400.0,346.7,Phenol,Hydrogen Abstraction,,51.0,3.3 Table,True,-5.668120861053467,-0.23425625264644623,5.433864608407021
"2,6-[(CH3)3C]2C6H3OH",CC(C)(C)c1cccc(C(C)(C)C)c1O,tert-RO2*,-$11.90,26.0,13000.0,400.0,346.7,Phenol,Hydrogen Abstraction,,51.0,3.3 Table,True,-5.668120861053467,-0.23425625264644623,5.433864608407021
"2,6-[(CH3)3C]2-4-CH3CONHC6H2OH",CC(=O)Nc1cc(C(C)(C)C)c(O)c(C(C)(C)C)c1,HO2*,-$42.30,12.7,700000.0,400.0,339.0,Phenol,Hydrogen Abstraction,,52.0,3.3 Table,True,-5.482661724090576,-0.04921674355864525,5.433444980531931
"2,6-[(CH3)3C]2-4-CH3CONHC6H2OH",CC(=O)Nc1cc(C(C)(C)C)c(O)c(C(C)(C)C)c1,sec-RO2*,-$38.80,14.2,450000.0,400.0,339.0,Phenol,Hydrogen Abstraction,,52.0,3.3 Table,True,-5.482661724090576,-0.04921674355864525,5.433444980531931
"2,6-[(CH3)3C]2-4-CH3CONHC6H2OH",CC(=O)Nc1cc(C(C)(C)C)c(O)c(C(C)(C)C)c1,tert-RO2*,-$31.90,17.0,190000.0,400.0,339.0,Phenol,Hydrogen Abstraction,,52.0,3.3 Table,True,-5.482661724090576,-0.04921674355864525,5.433444980531931
"2,6-[(CH3)3C]2-4-CH3COC6H2OH",CC(=O)c1cc(C(C)(C)C)c(O)c(C(C)(C)C)c1,HO2*,-$23.50,20.7,63000.0,400.0,345.5,Phenol,Hydrogen Abstraction,,53.0,3.3 Table,True,-5.756746768951416,-0.9889815449714661,4.76776522397995
"2,6-[(CH3)3C]2-4-CH3COC6H2OH",CC(=O)c1cc(C(C)(C)C)c(O)c(C(C)(C)C)c1,sec-RO2*,-$20.00,22.2,40000.0,400.0,345.5,Phenol,Hydrogen Abstraction,,53.0,3.3 Table,True,-5.756747245788574,-0.9889811873435974,4.767766058444977
"2,6-[(CH3)3C]2-4-CH3COC6H2OH",CC(=O)c1cc(C(C)(C)C)c(O)c(C(C)(C)C)c1,tert-RO2*,-$13.10,25.4,15000.0,400.0,345.5,Phenol,Hydrogen Abstraction,,53.0,3.3 Table,True,-5.756747245788574,-0.9889811873435974,4.767766058444977
"2,6-[(CH3)3C]2-4-C6H5CH2C6H2OH",CC(C)(C)c1cc(Cc2ccccc2)cc(C(C)(C)C)c1O,HO2*,-$29.30,18.1,140000.0,400.0,339.7,Phenol,Hydrogen Abstraction,,54.0,3.3 Table,True,-5.574779987335205,-0.291080117225647,5.283699870109558
"2,6-[(CH3)3C]2-4-C6H5CH2C6H2OH",CC(C)(C)c1cc(Cc2ccccc2)cc(C(C)(C)C)c1O,sec-RO2*,-$25.80,19.6,88000.0,400.0,339.7,Phenol,Hydrogen Abstraction,,54.0,3.3 Table,True,-5.574779987335205,-0.291080117225647,5.283699870109558
"2,6-[(CH3)3C]2-4-C6H5CH2C6H2OH",CC(C)(C)c1cc(Cc2ccccc2)cc(C(C)(C)C)c1O,tert-RO2*,-$18.90,22.7,35000.0,400.0,339.7,Phenol,Hydrogen Abstraction,,54.0,3.3 Table,True,-5.574779987335205,-0.291080117225647,5.283699870109558
"2,6-[(CH3)3C]2-4-(CH3)3COC6H2OH",CC(C)(C)Oc1cc(C(C)(C)C)c(O)c(C(C)(C)C)c1,HO2*,-$37.70,14.6,400000.0,400.0,331.3,Phenol,Hydrogen Abstraction,,55.0,3.3 Table,True,-5.481039524078369,0.06326916813850403,5.544308692216873
"2,6-[(CH3)3C]2-4-(CH3)3COC6H2OH",CC(C)(C)Oc1cc(C(C)(C)C)c(O)c(C(C)(C)C)c1,sec-RO2*,-$34.20,16.1,250000.0,400.0,331.3,Phenol,Hydrogen Abstraction,,55.0,3.3 Table,True,-5.481039524078369,0.06326916813850403,5.544308692216873
"2,6-[(CH3)3C]2-4-(CH3)3COC6H2OH",CC(C)(C)Oc1cc(C(C)(C)C)c(O)c(C(C)(C)C)c1,tert-RO2*,-$27.30,19.0,110000.0,400.0,331.3,Phenol,Hydrogen Abstraction,,55.0,3.3 Table,True,-5.481039524078369,0.06326916813850403,5.544308692216873
"2,6-[(CH3)3C]2-4-CH3OC6H2OH",COc1cc(C(C)(C)C)c(O)c(C(C)(C)C)c1,HO2*,-$38.30,14.4,420000.0,400.0,330.7,Phenol,Hydrogen Abstraction,,62.0,3.3 Table,True,-5.39715051651001,0.2712004780769348,5.668350994586945
"2,6-[(CH3)3C]2-4-CH3OC6H2OH",COc1cc(C(C)(C)C)c(O)c(C(C)(C)C)c1,sec-RO2*,-$34.80,15.8,280000.0,400.0,330.7,Phenol,Hydrogen Abstraction,,62.0,3.3 Table,True,-5.39715051651001,0.2712004780769348,5.668350994586945
"2,6-[(CH3)3C]2-4-CH3OC6H2OH",COc1cc(C(C)(C)C)c(O)c(C(C)(C)C)c1,tert-RO2*,-$27.90,18.7,120000.0,400.0,330.7,Phenol,Hydrogen Abstraction,,62.0,3.3 Table,True,-5.39715051651001,0.2712004780769348,5.668350994586945
"2,6-[(CH3)3C]2-4-CH3C6H2OH",Cc1cc(C(C)(C)C)c(O)c(C(C)(C)C)c1,HO2*,-$30.00,17.8,150000.0,400.0,339.0,Phenol,Hydrogen Abstraction,,64.0,3.3 Table,True,-5.553175926208496,0.16806331276893616,5.721239238977432
"2,6-[(CH3)3C]2-4-CH3C6H2OH",Cc1cc(C(C)(C)C)c(O)c(C(C)(C)C)c1,sec-RO2*,-$26.50,19.3,97000.0,400.0,339.0,Phenol,Hydrogen Abstraction,,64.0,3.3 Table,True,-5.553175926208496,0.16806331276893616,5.721239238977432
"2,6-[(CH3)3C]2-4-CH3C6H2OH",Cc1cc(C(C)(C)C)c(O)c(C(C)(C)C)c1,tert-RO2*,-$19.60,22.4,38000.0,400.0,339.0,Phenol,Hydrogen Abstraction,,64.0,3.3 Table,True,-5.553175926208496,0.16806331276893616,5.721239238977432
"2,6-[(CH3)3C]2-4-NO2C6H2OH",CC(C)(C)c1cc([N+](=O)[O-])cc(C(C)(C)C)c1O,HO2*,-$11.00,26.4,11000.0,400.0,358.0,Phenol,Hydrogen Abstraction,,68.0,3.3 Table,True,-6.095341205596924,-1.7287214994430542,4.36661970615387
"2,6-[(CH3)3C]2-4-NO2C6H2OH",CC(C)(C)c1cc([N+](=O)[O-])cc(C(C)(C)C)c1O,sec-RO2*,-$7.50,28.1,6800.0,400.0,358.0,Phenol,Hydrogen Abstraction,,68.0,3.3 Table,True,-6.095341205596924,-1.7287214994430542,4.36661970615387
"2,6-[(CH3)3C]2-4-NO2C6H2OH",CC(C)(C)c1cc([N+](=O)[O-])cc(C(C)(C)C)c1O,tert-RO2*,-$0.60,31.4,2500.0,400.0,358.0,Phenol,Hydrogen Abstraction,,68.0,3.3 Table,True,-6.095341205596924,-1.7287214994430542,4.36661970615387
"2,6-[(CH3)3C]2-4-C6H5C6H2OH",CC(C)(C)c1cc(-c2ccccc2)cc(C(C)(C)C)c1O,HO2*,-$31.30,17.3,180000.0,400.0,337.7,Phenol,Hydrogen Abstraction,,70.0,3.3 Table,True,-5.4120049476623535,-0.6111591458320618,4.800845801830292
"2,6-[(CH3)3C]2-4-C6H5C6H2OH",CC(C)(C)c1cc(-c2ccccc2)cc(C(C)(C)C)c1O,sec-RO2*,-$27.80,18.8,110000.0,400.0,337.7,Phenol,Hydrogen Abstraction,,70.0,3.3 Table,True,-5.4120049476623535,-0.6111591458320618,4.800845801830292
"2,6-[(CH3)3C]2-4-C6H5C6H2OH",CC(C)(C)c1cc(-c2ccccc2)cc(C(C)(C)C)c1O,tert-RO2*,-$20.90,21.8,46000.0,400.0,337.7,Phenol,Hydrogen Abstraction,,70.0,3.3 Table,True,-5.4120049476623535,-0.6111591458320618,4.800845801830292
"2,6-[(CH3)3C]2-4-C6H5SC6H2OH",CC(C)(C)c1cc(Sc2ccccc2)cc(C(C)(C)C)c1O,HO2*,-$22.60,21.1,56000.0,400.0,346.4,Phenol,Hydrogen Abstraction,,73.0,3.3 Table,True,-5.361265182495117,-0.31310686469078064,5.0481583178043365
"2,6-[(CH3)3C]2-4-C6H5SC6H2OH",CC(C)(C)c1cc(Sc2ccccc2)cc(C(C)(C)C)c1O,sec-RO2*,-$19.10,22.6,36000.0,400.0,346.4,Phenol,Hydrogen Abstraction,,73.0,3.3 Table,True,-5.361265182495117,-0.31310686469078064,5.0481583178043365
"2,6-[(CH3)3C]2-4-C6H5SC6H2OH",CC(C)(C)c1cc(Sc2ccccc2)cc(C(C)(C)C)c1O,tert-RO2*,-$12.20,25.8,14000.0,400.0,346.4,Phenol,Hydrogen Abstraction,,73.0,3.3 Table,True,-5.361265182495117,-0.31310686469078064,5.0481583178043365
"2,6-(C6H5)2-4-NH2CH2C6H2OH",NCc1cc(-c2ccccc2)c(O)c(-c2ccccc2)c1,HO2*,-$46.10,11.3,1100.0,400.0,322.9,Phenol,Hydrogen Abstraction,,89.0,3.3 Table,True,-5.206792831420898,-0.6224338412284851,4.584358990192413
"2,6-(C6H5)2-4-NH2CH2C6H2OH",NCc1cc(-c2ccccc2)c(O)c(-c2ccccc2)c1,sec-RO2*,-$42.60,12.6,720000.0,400.0,322.9,Phenol,Hydrogen Abstraction,,89.0,3.3 Table,True,-5.206792831420898,-0.6224338412284851,4.584358990192413
"2,6-(C6H5)2-4-NH2CH2C6H2OH",NCc1cc(-c2ccccc2)c(O)c(-c2ccccc2)c1,tert-RO2*,-$35.70,15.4,310000.0,400.0,322.9,Phenol,Hydrogen Abstraction,,89.0,3.3 Table,True,-5.206792831420898,-0.6224338412284851,4.584358990192413
"2,6-(C6H5)2-4-HOOCCH2C6H2OH",O=C(O)Cc1cc(-c2ccccc2)c(O)c(-c2ccccc2)c1,HO2*,-$43.10,12.4,770000.0,400.0,325.9,Phenol,Hydrogen Abstraction,,91.0,3.3 Table,True,-5.578260898590088,-1.0325182676315308,4.545742630958557
"2,6-(C6H5)2-4-HOOCCH2C6H2OH",O=C(O)Cc1cc(-c2ccccc2)c(O)c(-c2ccccc2)c1,sec-RO2*,-$39.60,13.8,500000.0,400.0,325.9,Phenol,Hydrogen Abstraction,,91.0,3.3 Table,True,-5.578260898590088,-1.0325182676315308,4.545742630958557
"2,6-(C6H5)2-4-HOOCCH2C6H2OH",O=C(O)Cc1cc(-c2ccccc2)c(O)c(-c2ccccc2)c1,tert-RO2*,-$32.70,16.8,200000.0,400.0,325.9,Phenol,Hydrogen Abstraction,,91.0,3.3 Table,True,-5.578260898590088,-1.0325182676315308,4.545742630958557
"2,6-(C6H5)2-4-CH3SC6H2OH",CSc1cc(-c2ccccc2)c(O)c(-c2ccccc2)c1,HO2*,-$28.60,18.4,130000.0,400.0,340.4,Phenol,Hydrogen Abstraction,,94.0,3.3 Table,True,-5.342735767364502,-0.8781827092170715,4.46455305814743
"2,6-(C6H5)2-4-CH3SC6H2OH",CSc1cc(-c2ccccc2)c(O)c(-c2ccccc2)c1,sec-RO2*,-$25.10,19.9,81000.0,400.0,340.4,Phenol,Hydrogen Abstraction,,94.0,3.3 Table,True,-5.342735767364502,-0.8781827092170715,4.46455305814743
"2,6-(C6H5)2-4-CH3SC6H2OH",CSc1cc(-c2ccccc2)c(O)c(-c2ccccc2)c1,tert-RO2*,-$18.20,23.0,32000.0,400.0,340.4,Phenol,Hydrogen Abstraction,,94.0,3.3 Table,True,-5.342735767364502,-0.8781827092170715,4.46455305814743
"2,6-(C6H5)2-4-CH3OC6H2OH",COc1cc(-c2ccccc2)c(O)c(-c2ccccc2)c1,HO2*,-$41.00,13.3,590000.0,400.0,328.0,Phenol,Hydrogen Abstraction,,95.0,3.3 Table,True,-5.139733791351318,-0.516668438911438,4.62306535243988
"2,6-(C6H5)2-4-CH3OC6H2OH",COc1cc(-c2ccccc2)c(O)c(-c2ccccc2)c1,sec-RO2*,-$37.50,14.7,380000.0,400.0,328.0,Phenol,Hydrogen Abstraction,,95.0,3.3 Table,True,-5.139733791351318,-0.516668438911438,4.62306535243988
"2,6-(C6H5)2-4-CH3OC6H2OH",COc1cc(-c2ccccc2)c(O)c(-c2ccccc2)c1,tert-RO2*,-$30.60,17.6,160000.0,400.0,328.0,Phenol,Hydrogen Abstraction,,95.0,3.3 Table,True,-5.139733791351318,-0.516668438911438,4.62306535243988
"Si[2,6-[(CH3)3C]2-4-CH2CH2OC6H2OH]4",CC(C)(C)c1cc(CCO[Si](OCCc2cc(C(C)(C)C)cc(C(C)(C)C)c2O)(OCCc2cc(C(C)(C)C)cc(C(C)(C)C)c2O)OCCc2cc(C(C)(C)C)cc(C(C)(C)C)c2O)c(O)c(C(C)(C)C)c1,HO2*,-$28.10,18.6,480000.0,400.0,340.9,Phenol,Hydrogen Abstraction,,122.0,3.3 Table,True,-5.1082763671875,-0.17757128179073334,4.930705085396767
"Si[2,6-[(CH3)3C]2-4-CH2CH2OC6H2OH]4",CC(C)(C)c1cc(CCO[Si](OCCc2cc(C(C)(C)C)cc(C(C)(C)C)c2O)(OCCc2cc(C(C)(C)C)cc(C(C)(C)C)c2O)OCCc2cc(C(C)(C)C)cc(C(C)(C)C)c2O)c(O)c(C(C)(C)C)c1,sec-RO2*,-$24.60,20.2,300000.0,400.0,340.9,Phenol,Hydrogen Abstraction,,122.0,3.3 Table,True,-5.1082763671875,-0.17757128179073334,4.930705085396767
"Si[2,6-[(CH3)3C]2-4-CH2CH2OC6H2OH]4",CC(C)(C)c1cc(CCO[Si](OCCc2cc(C(C)(C)C)cc(C(C)(C)C)c2O)(OCCc2cc(C(C)(C)C)cc(C(C)(C)C)c2O)OCCc2cc(C(C)(C)C)cc(C(C)(C)C)c2O)c(O)c(C(C)(C)C)c1,tert-RO2*,-$17.70,23.3,120000.0,400.0,340.9,Phenol,Hydrogen Abstraction,,122.0,3.3 Table,True,-5.1082763671875,-0.17757128179073334,4.930705085396767
"4,4'-CH2SCH2-[2,6-[(CH3)3C]2C6H2OH",CC(C)(C)c1cc(CSCc2cc(C(C)(C)C)c(O)c(C(C)(C)C)c2)cc(C(C)(C)C)c1O,HO2*,-$29.10,18.2,260000.0,400.0,339.9,Phenol,Hydrogen Abstraction,,123.0,3.3 Table,True,-5.264400005340576,-0.6439103484153748,4.620489656925201
"4,4'-CH2SCH2-[2,6-[(CH3)3C]2C6H2OH",CC(C)(C)c1cc(CSCc2cc(C(C)(C)C)c(O)c(C(C)(C)C)c2)cc(C(C)(C)C)c1O,sec-RO2*,-$25.60,19.7,170000.0,400.0,339.9,Phenol,Hydrogen Abstraction,,123.0,3.3 Table,True,-5.264400005340576,-0.6439103484153748,4.620489656925201
"4,4'-CH2SCH2-[2,6-[(CH3)3C]2C6H2OH",CC(C)(C)c1cc(CSCc2cc(C(C)(C)C)c(O)c(C(C)(C)C)c2)cc(C(C)(C)C)c1O,tert-RO2*,-$18.70,22.8,72000.0,400.0,339.9,Phenol,Hydrogen Abstraction,,123.0,3.3 Table,True,-5.264400005340576,-0.6439103484153748,4.620489656925201
"2,2'-SS-[4-CH3-6-CH3(C6H5)CHC6H2OH]2",Cc1cc(SSc2cc(C)cc(C(C)c3ccccc3)c2O)c(O)c(C(C)c2ccccc2)c1,HO2*,-$33.80,16.2,250000.0,400.0,335.2,Phenol,Hydrogen Abstraction,,124.0,3.3 Table,True,-5.350435256958008,-0.6987190842628479,4.65171617269516
"2,2'-SS-[4-CH3-6-CH3(C6H5)CHC6H2OH]2",Cc1cc(SSc2cc(C)cc(C(C)c3ccccc3)c2O)c(O)c(C(C)c2ccccc2)c1,sec-RO2*,-$30.30,17.7,160000.0,400.0,335.2,Phenol,Hydrogen Abstraction,,124.0,3.3 Table,True,-5.350435256958008,-0.6987190842628479,4.65171617269516
"2,2'-SS-[4-CH3-6-CH3(C6H5)CHC6H2OH]2",Cc1cc(SSc2cc(C)cc(C(C)c3ccccc3)c2O)c(O)c(C(C)c2ccccc2)c1,tert-RO2*,-$23.40,20.7,63000.0,400.0,335.2,Phenol,Hydrogen Abstraction,,124.0,3.3 Table,True,-5.350435256958008,-0.6987190842628479,4.65171617269516
Indophenol,O=C1C=CC=CC1=Nc1ccc(O)cc1,HO2*,-$42.00,12.9,660000.0,400.0,327.0,Phenol,Hydrogen Abstraction,,126.0,3.3 Table,True,-5.847517013549805,-2.996629476547241,2.8508875370025635
Indophenol,O=C1C=CC=CC1=Nc1ccc(O)cc1,sec-RO2*,-$38.50,14.3,430000.0,400.0,327.0,Phenol,Hydrogen Abstraction,,126.0,3.3 Table,True,-5.847517013549805,-2.996629476547241,2.8508875370025635
Indophenol,O=C1C=CC=CC1=Nc1ccc(O)cc1,tert-RO2*,-$31.60,17.1,190000.0,400.0,327.0,Phenol,Hydrogen Abstraction,,126.0,3.3 Table,True,-5.847517013549805,-2.996629476547241,2.8508875370025635
2-HOC6H4OH,Oc1ccccc1O,HO2*,-$31.00,11.0,1200000.0,400.0,338.0,Phenol,Hydrogen Abstraction,,3.0,3.2 Table,True,-5.696952819824219,0.11062255501747131,5.80757537484169
2-HOC6H4OH,Oc1ccccc1O,sec-RO2*,-$27.50,12.5,750000.0,400.0,338.0,Phenol,Hydrogen Abstraction,,3.0,3.2 Table,True,-5.696952819824219,0.11062255501747131,5.80757537484169
2-HOC6H4OH,Oc1ccccc1O,tert-RO2*,-$20.60,15.5,300000.0,400.0,338.0,Phenol,Hydrogen Abstraction,,3.0,3.2 Table,True,-5.696952819824219,0.11062255501747131,5.80757537484169
2-HO-4-(CH3)3CC6H3OH,CC(C)(C)c1ccc(O)c(O)c1,HO2*,-$26.60,12.9,660000.0,400.0,342.4,Phenol,Hydrogen Abstraction,,4.0,3.2 Table,True,-5.485815525054932,-0.11695742607116699,5.368858098983765
2-HO-4-(CH3)3CC6H3OH,CC(C)(C)c1ccc(O)c(O)c1,sec-RO2*,-$23.10,14.4,420000.0,400.0,342.4,Phenol,Hydrogen Abstraction,,4.0,3.2 Table,True,-5.485815525054932,-0.11695742607116699,5.368858098983765
2-HO-4-(CH3)3CC6H3OH,CC(C)(C)c1ccc(O)c(O)c1,tert-RO2*,-$16.20,17.5,170000.0,400.0,342.4,Phenol,Hydrogen Abstraction,,4.0,3.2 Table,True,-5.485815525054932,-0.11695742607116699,5.368858098983765
4-CH3C6H4OH,Cc1ccc(O)cc1,HO2*,-$11.20,19.8,83000.0,400.0,357.8,Phenol,Hydrogen Abstraction,,9.0,3.2 Table,True,-5.932056903839111,0.27481329441070557,6.206870198249817
4-CH3C6H4OH,Cc1ccc(O)cc1,sec-RO2*,-$7.70,21.4,51000.0,400.0,357.8,Phenol,Hydrogen Abstraction,,9.0,3.2 Table,True,-5.932056903839111,0.27481329441070557,6.206870198249817
4-CH3C6H4OH,Cc1ccc(O)cc1,tert-RO2*,-$0.80,24.8,18000.0,400.0,357.8,Phenol,Hydrogen Abstraction,,9.0,3.2 Table,True,-5.932056903839111,0.27481329441070557,6.206870198249817
(CH3)3C6(OH)(CH2)3O,CC(C)(C)c1c(O)ccc2c1CCCCO2,HO2*,-$40.20,7.3,3600000.0,400.0,328.8,Phenol,Hydrogen Abstraction,,10.0,3.2 Table,True,-5.4910502433776855,0.052043329924345016,5.543093573302031
(CH3)3C6(OH)(CH2)3O,CC(C)(C)c1c(O)ccc2c1CCCCO2,sec-RO2*,-$36.70,8.7,2300000.0,400.0,328.8,Phenol,Hydrogen Abstraction,,10.0,3.2 Table,True,-5.4910502433776855,0.052043329924345016,5.543093573302031
(CH3)3C6(OH)(CH2)3O,CC(C)(C)c1c(O)ccc2c1CCCCO2,tert-RO2*,-$29.80,11.5,1000000.0,400.0,328.8,Phenol,Hydrogen Abstraction,,10.0,3.2 Table,True,-5.4910502433776855,0.052043329924345016,5.543093573302031
(CH3)3C6(OH)CH2CH(CH3)O,CC1Cc2c(ccc(O)c2C(C)(C)C)O1,HO2*,-$44.60,5.6,5900000.0,400.0,324.4,Phenol,Hydrogen Abstraction,,20.0,3.2 Table,True,-5.672629356384277,-0.202104389667511,5.470524966716766
(CH3)3C6(OH)CH2CH(CH3)O,CC1Cc2c(ccc(O)c2C(C)(C)C)O1,sec-RO2*,-$41.10,7.0,3900000.0,400.0,324.4,Phenol,Hydrogen Abstraction,,20.0,3.2 Table,True,-5.672629356384277,-0.202104389667511,5.470524966716766
(CH3)3C6(OH)CH2CH(CH3)O,CC1Cc2c(ccc(O)c2C(C)(C)C)O1,tert-RO2*,-$34.20,9.7,1700000.0,400.0,324.4,Phenol,Hydrogen Abstraction,,20.0,3.2 Table,True,-5.672629356384277,-0.202104389667511,5.470524966716766
1-HOC13H9,Oc1cccc2c1Cc1ccccc1-2,HO2*,-$32.70,10.3,1400000.0,400.0,336.3,Phenol,Hydrogen Abstraction,,25.0,3.2 Table,True,-5.546776294708252,-0.47319841384887695,5.073577880859375
1-HOC13H9,Oc1cccc2c1Cc1ccccc1-2,sec-RO2*,-$29.20,11.8,920000.0,400.0,336.3,Phenol,Hydrogen Abstraction,,25.0,3.2 Table,True,-5.546776294708252,-0.47319841384887695,5.073577880859375
1-HOC13H9,Oc1cccc2c1Cc1ccccc1-2,tert-RO2*,-$22.30,14.7,380000.0,400.0,336.3,Phenol,Hydrogen Abstraction,,25.0,3.2 Table,True,-5.546777725219727,-0.4731982350349426,5.073579490184784
1-HOC10H7,Oc1cccc2ccccc12,HO2*,-$27.60,12.4,770000.0,400.0,341.4,Phenol,Hydrogen Abstraction,,29.0,3.2 Table,True,-5.9294962882995605,-0.3881396949291229,5.541356593370438
1-HOC10H7,Oc1cccc2ccccc12,sec-RO2*,-$24.10,13.9,490000.0,400.0,341.4,Phenol,Hydrogen Abstraction,,29.0,3.2 Table,True,-5.9294962882995605,-0.3881396949291229,5.541356593370438
1-HOC10H7,Oc1cccc2ccccc12,tert-RO2*,-$17.20,17.0,190000.0,400.0,341.4,Phenol,Hydrogen Abstraction,,29.0,3.2 Table,True,-5.9294962882995605,-0.3881396949291229,5.541356593370438
2-HOC10H7,Oc1ccc2ccccc2c1,HO2*,-$17.20,17.0,190000.0,400.0,351.8,Phenol,Hydrogen Abstraction,,30.0,3.2 Table,True,-5.694347381591797,-0.6924676299095154,5.0018797516822815
2-HOC10H7,Oc1ccc2ccccc2c1,sec-RO2*,-$13.70,18.6,120000.0,400.0,351.8,Phenol,Hydrogen Abstraction,,30.0,3.2 Table,True,-5.694347381591797,-0.6924676299095154,5.0018797516822815
2-HOC10H7,Oc1ccc2ccccc2c1,tert-RO2*,-$6.80,21.9,44000.0,400.0,351.8,Phenol,Hydrogen Abstraction,,30.0,3.2 Table,True,-5.694347381591797,-0.6924676299095154,5.0018797516822815
1-HOC14H9,Oc1cccc2c1ccc1ccccc12,HO2*,-$16.30,17.4,170000.0,400.0,352.7,Phenol,Hydrogen Abstraction,,32.0,3.2 Table,True,-5.597823619842529,-0.8352842330932617,4.762539386749268
1-HOC14H9,Oc1cccc2c1ccc1ccccc12,sec-RO2*,-$12.80,19.0,110000.0,400.0,352.7,Phenol,Hydrogen Abstraction,,32.0,3.2 Table,True,-5.597823619842529,-0.8352842330932617,4.762539386749268
1-HOC14H9,Oc1cccc2c1ccc1ccccc12,tert-RO2*,-$5.90,22.3,39000.0,400.0,352.7,Phenol,Hydrogen Abstraction,,32.0,3.2 Table,True,-5.597823619842529,-0.8352842330932617,4.762539386749268
C6H5OH,Oc1ccccc1,HO2*,-$2.00,24.2,22000.0,400.0,367.0,Phenol,Hydrogen Abstraction,,36.0,3.2 Table,True,-6.048270225524902,0.22345995903015137,6.271730184555054
C6H5OH,Oc1ccccc1,sec-RO2*,$1.50,25.9,13000.0,400.0,367.0,Phenol,Hydrogen Abstraction,,36.0,3.2 Table,True,-6.048270225524902,0.22345995903015137,6.271730184555054
C6H5OH,Oc1ccccc1,tert-RO2*,$8.40,29.5,4500.0,400.0,367.0,Phenol,Hydrogen Abstraction,,36.0,3.2 Table,True,-6.048270225524902,0.22345995903015137,6.271730184555054
4-CH3COC6H4OH,CC(=O)c1ccc(O)cc1,HO2*,$0.50,25.4,15000.0,400.0,369.5,Phenol,Hydrogen Abstraction,,38.0,3.2 Table,True,-6.2654500007629395,-1.2383493185043335,5.027100682258606
4-CH3COC6H4OH,CC(=O)c1ccc(O)cc1,sec-RO2*,$4.00,27.2,9000.0,400.0,369.5,Phenol,Hydrogen Abstraction,,38.0,3.2 Table,True,-6.2654500007629395,-1.2383493185043335,5.027100682258606
4-CH3COC6H4OH,CC(=O)c1ccc(O)cc1,tert-RO2*,$10.90,30.8,3000.0,400.0,369.5,Phenol,Hydrogen Abstraction,,38.0,3.2 Table,True,-6.2654500007629395,-1.2383493185043335,5.027100682258606
4-NH2C6H4OH,Nc1ccc(O)cc1,HO2*,-$14.30,18.3,130000.0,400.0,354.7,Phenol,Hydrogen Abstraction,,40.0,3.2 Table,True,-5.022120475769043,0.8767513036727905,5.8988717794418335
4-NH2C6H4OH,Nc1ccc(O)cc1,sec-RO2*,-$10.80,20.0,78000.0,400.0,354.7,Phenol,Hydrogen Abstraction,,40.0,3.2 Table,True,-5.022120475769043,0.8767513036727905,5.8988717794418335
4-NH2C6H4OH,Nc1ccc(O)cc1,tert-RO2*,-$3.90,23.3,29000.0,400.0,354.7,Phenol,Hydrogen Abstraction,,40.0,3.2 Table,True,-5.022120475769043,0.8767513036727905,5.8988717794418335
4-C6H5CH2OC6H4OH,Oc1ccc(OCc2ccccc2)cc1,HO2*,-$21.50,15.1,340000.0,400.0,347.5,Phenol,Hydrogen Abstraction,,41.0,3.2 Table,True,-5.596794605255127,-0.11309798061847687,5.48369662463665
4-C6H5CH2OC6H4OH,Oc1ccc(OCc2ccccc2)cc1,sec-RO2*,-$18.00,16.6,220000.0,400.0,347.5,Phenol,Hydrogen Abstraction,,41.0,3.2 Table,True,-5.596794605255127,-0.11309798061847687,5.48369662463665
4-C6H5CH2OC6H4OH,Oc1ccc(OCc2ccccc2)cc1,tert-RO2*,-$11.10,19.8,83000.0,400.0,347.5,Phenol,Hydrogen Abstraction,,41.0,3.2 Table,True,-5.596794605255127,-0.11309798061847687,5.48369662463665
4-CH3(CH2)3OC6H4OH,CCCCOc1ccc(O)cc1,HO2*,-$23.20,14.3,430000.0,400.0,345.8,Phenol,Hydrogen Abstraction,,44.0,3.2 Table,True,-5.706371784210205,0.21124939620494843,5.9176211804151535
4-CH3(CH2)3OC6H4OH,CCCCOc1ccc(O)cc1,sec-RO2*,-$19.70,15.9,270000.0,400.0,345.8,Phenol,Hydrogen Abstraction,,44.0,3.2 Table,True,-5.706371784210205,0.21124939620494843,5.9176211804151535
4-CH3(CH2)3OC6H4OH,CCCCOc1ccc(O)cc1,tert-RO2*,-$12.80,19.0,110000.0,400.0,345.8,Phenol,Hydrogen Abstraction,,44.0,3.2 Table,True,-5.706371784210205,0.21124939620494843,5.9176211804151535
4-(CH3)3CC6H4OH,CC(C)(C)c1ccc(O)cc1,HO2*,-$12.10,19.3,97000.0,400.0,356.9,Phenol,Hydrogen Abstraction,,46.0,3.2 Table,True,-5.867645740509033,0.04890638217329979,5.916552122682333
4-(CH3)3CC6H4OH,CC(C)(C)c1ccc(O)cc1,sec-RO2*,-$8.60,21.0,58000.0,400.0,356.9,Phenol,Hydrogen Abstraction,,46.0,3.2 Table,True,-5.867645740509033,0.04890638217329979,5.916552122682333
4-(CH3)3CC6H4OH,CC(C)(C)c1ccc(O)cc1,tert-RO2*,-$1.70,24.3,21000.0,400.0,356.9,Phenol,Hydrogen Abstraction,,46.0,3.2 Table,True,-5.867645740509033,0.04890638217329979,5.916552122682333
"2,4-[(CH3)3C]2C6H3OH",CC(C)(C)c1ccc(O)c(C(C)(C)C)c1,HO2*,-$11.50,19.6,88000.0,400.0,357.5,Phenol,Hydrogen Abstraction,,47.0,3.2 Table,True,-5.704798221588135,-0.03940916433930397,5.665389057248831
"2,4-[(CH3)3C]2C6H3OH",CC(C)(C)c1ccc(O)c(C(C)(C)C)c1,sec-RO2*,-$8.00,21.3,53000.0,400.0,357.5,Phenol,Hydrogen Abstraction,,47.0,3.2 Table,True,-5.704798221588135,-0.03940916433930397,5.665389057248831
"2,4-[(CH3)3C]2C6H3OH",CC(C)(C)c1ccc(O)c(C(C)(C)C)c1,tert-RO2*,-$1.10,24.6,20000.0,400.0,357.5,Phenol,Hydrogen Abstraction,,47.0,3.2 Table,True,-5.704798221588135,-0.03940916433930397,5.665389057248831
"2-(CH3)3C-4,6-(CH3)2C6H2OH",Cc1cc(C)c(O)c(C(C)(C)C)c1,HO2*,-$15.20,17.9,150000.0,400.0,353.8,Phenol,Hydrogen Abstraction,,74.0,3.2 Table,True,-5.526060104370117,0.34881892800331116,5.874879032373428
"2-(CH3)3C-4,6-(CH3)2C6H2OH",Cc1cc(C)c(O)c(C(C)(C)C)c1,sec-RO2*,-$11.70,19.5,91000.0,400.0,353.8,Phenol,Hydrogen Abstraction,,74.0,3.2 Table,True,-5.526059627532959,0.34881889820098877,5.874878525733948
"2-(CH3)3C-4,6-(CH3)2C6H2OH",Cc1cc(C)c(O)c(C(C)(C)C)c1,tert-RO2*,-$4.80,22.8,34000.0,400.0,353.8,Phenol,Hydrogen Abstraction,,74.0,3.2 Table,True,-5.526059627532959,0.34881889820098877,5.874878525733948
2-(CH3)3C-4-CH3OC6H3OH,COc1ccc(O)c(C(C)(C)C)c1,HO2*,-$27.60,12.4,770000.0,400.0,341.4,Phenol,Hydrogen Abstraction,,75.0,3.2 Table,True,-5.413139343261719,0.17726528644561768,5.590404629707336
2-(CH3)3C-4-CH3OC6H3OH,COc1ccc(O)c(C(C)(C)C)c1,sec-RO2*,-$24.10,13.9,490000.0,400.0,341.4,Phenol,Hydrogen Abstraction,,75.0,3.2 Table,True,-5.413139343261719,0.17726528644561768,5.590404629707336
2-(CH3)3C-4-CH3OC6H3OH,COc1ccc(O)c(C(C)(C)C)c1,tert-RO2*,-$17.20,17.0,190000.0,400.0,341.4,Phenol,Hydrogen Abstraction,,75.0,3.2 Table,True,-5.413139343261719,0.17726528644561768,5.590404629707336
4-CH3OC6H4OH,COc1ccc(O)cc1,HO2*,-$20.00,15.7,290000.0,400.0,349.0,Phenol,Hydrogen Abstraction,,78.0,3.2 Table,True,-5.547805309295654,0.39801025390625,5.945815563201904
4-CH3OC6H4OH,COc1ccc(O)cc1,sec-RO2*,-$16.50,17.3,180000.0,400.0,349.0,Phenol,Hydrogen Abstraction,,78.0,3.2 Table,True,-5.547805309295654,0.39801025390625,5.945815563201904
4-CH3OC6H4OH,COc1ccc(O)cc1,tert-RO2*,-$9.60,20.5,67000.0,400.0,349.0,Phenol,Hydrogen Abstraction,,78.0,3.2 Table,True,-5.547805309295654,0.39801025390625,5.945815563201904
"2,3-(CH3)2C6H3OH",Cc1cccc(O)c1C,HO2*,-$15.50,17.8,150000.0,400.0,353.5,Phenol,Hydrogen Abstraction,,79.0,3.2 Table,True,-5.651112079620361,-0.01993047073483467,5.631181608885527
"2,3-(CH3)2C6H3OH",Cc1cccc(O)c1C,sec-RO2*,-$12.00,19.4,94000.0,400.0,353.5,Phenol,Hydrogen Abstraction,,79.0,3.2 Table,True,-5.651112079620361,-0.01993047073483467,5.631181608885527
"2,3-(CH3)2C6H3OH",Cc1cccc(O)c1C,tert-RO2*,-$5.10,22.7,35000.0,400.0,353.5,Phenol,Hydrogen Abstraction,,79.0,3.2 Table,True,-5.651112079620361,-0.01993047073483467,5.631181608885527
"3,4-(CH3)2C6H3OH",Cc1ccc(O)cc1C,HO2*,-$16.40,17.4,170000.0,400.0,352.6,Phenol,Hydrogen Abstraction,,80.0,3.2 Table,True,-5.924914836883545,0.29155194759368896,6.216466784477234
"3,4-(CH3)2C6H3OH",Cc1ccc(O)cc1C,sec-RO2*,-$12.90,19.0,110000.0,400.0,352.6,Phenol,Hydrogen Abstraction,,80.0,3.2 Table,True,-5.924914836883545,0.29155194759368896,6.216466784477234
"3,4-(CH3)2C6H3OH",Cc1ccc(O)cc1C,tert-RO2*,-$6.00,22.2,40000.0,400.0,352.6,Phenol,Hydrogen Abstraction,,80.0,3.2 Table,True,-5.924914836883545,0.29155194759368896,6.216466784477234
"3,5-(CH3)2C6H3OH",Cc1cc(C)cc(O)c1,HO2*,-$15.00,18.0,140000.0,400.0,354.0,Phenol,Hydrogen Abstraction,,81.0,3.2 Table,True,-5.712029457092285,0.515260636806488,6.227290093898773
"3,5-(CH3)2C6H3OH",Cc1cc(C)cc(O)c1,sec-RO2*,-$11.50,19.6,88000.0,400.0,354.0,Phenol,Hydrogen Abstraction,,81.0,3.2 Table,True,-5.712029457092285,0.515260636806488,6.227290093898773
"3,5-(CH3)2C6H3OH",Cc1cc(C)cc(O)c1,tert-RO2*,-$4.60,22.9,33000.0,400.0,354.0,Phenol,Hydrogen Abstraction,,81.0,3.2 Table,True,-5.712029457092285,0.515260636806488,6.227290093898773
"2,4-(CH3)2C6H3OH",Cc1ccc(O)c(C)c1,HO2*,-$10.50,20.0,78000.0,400.0,358.5,Phenol,Hydrogen Abstraction,,82.0,3.2 Table,True,-5.714666366577148,0.17410019040107727,5.888766556978226
"2,4-(CH3)2C6H3OH",Cc1ccc(O)c(C)c1,sec-RO2*,-$7.00,21.8,46000.0,400.0,358.5,Phenol,Hydrogen Abstraction,,82.0,3.2 Table,True,-5.714666366577148,0.17410019040107727,5.888766556978226
"2,4-(CH3)2C6H3OH",Cc1ccc(O)c(C)c1,tert-RO2*,-$0.10,25.2,16000.0,400.0,358.5,Phenol,Hydrogen Abstraction,,82.0,3.2 Table,True,-5.714666366577148,0.17410019040107727,5.888766556978226
"2,6-(CH3)2C6H3OH",Cc1cccc(C)c1O,HO2*,-$14.10,18.4,130000.0,400.0,354.9,Phenol,Hydrogen Abstraction,,83.0,3.2 Table,True,-5.777601718902588,-0.04856270179152489,5.729039017111063
"2,6-(CH3)2C6H3OH",Cc1cccc(C)c1O,sec-RO2*,-$10.60,20.0,78000.0,400.0,354.9,Phenol,Hydrogen Abstraction,,83.0,3.2 Table,True,-5.777601718902588,-0.04856270179152489,5.729039017111063
"2,6-(CH3)2C6H3OH",Cc1cccc(C)c1O,tert-RO2*,-$3.70,23.3,29000.0,400.0,354.9,Phenol,Hydrogen Abstraction,,83.0,3.2 Table,True,-5.777601718902588,-0.04856270179152489,5.729039017111063
4-(CH3)2NC6H4OH,CN(C)c1ccc(O)cc1,HO2*,-$42.20,6.6,4400000.0,400.0,326.8,Phenol,Hydrogen Abstraction,,85.0,3.2 Table,True,-5.471067905426025,-0.05612524226307869,5.414942663162947
4-(CH3)2NC6H4OH,CN(C)c1ccc(O)cc1,sec-RO2*,-$38.70,7.9,3000000.0,400.0,326.8,Phenol,Hydrogen Abstraction,,85.0,3.2 Table,True,-5.471067905426025,-0.05612524226307869,5.414942663162947
4-(CH3)2NC6H4OH,CN(C)c1ccc(O)cc1,tert-RO2*,-$31.80,10.7,1300000.0,400.0,326.8,Phenol,Hydrogen Abstraction,,85.0,3.2 Table,True,-5.471067905426025,-0.05612524226307869,5.414942663162947
"2,4,6-(CH3)3C6H2OH",Cc1cc(C)c(O)c(C)c1,HO2*,-$22.20,14.8,380000.0,400.0,346.8,Phenol,Hydrogen Abstraction,,110.0,3.2 Table,True,-5.477290630340576,0.4837495982646942,5.96104022860527
"2,4,6-(CH3)3C6H2OH",Cc1cc(C)c(O)c(C)c1,sec-RO2*,-$18.70,16.3,240000.0,400.0,346.8,Phenol,Hydrogen Abstraction,,110.0,3.2 Table,True,-5.477290630340576,0.4837495982646942,5.96104022860527
"2,4,6-(CH3)3C6H2OH",Cc1cc(C)c(O)c(C)c1,tert-RO2*,-$11.80,19.5,91000.0,400.0,346.8,Phenol,Hydrogen Abstraction,,110.0,3.2 Table,True,-5.477290630340576,0.4837495982646942,5.96104022860527
alpha-Tocopherol,Cc1c(C)c2c(c(C)c1O)CCC(C)(CCCC(C)CCCC(C)CCCC(C)C)O2,HO2*,-$41.30,6.9,4000000.0,400.0,327.7,Phenol,Hydrogen Abstraction,,130.0,3.2 Table,True,-5.149246692657471,0.08438117802143097,5.233627870678902
alpha-Tocopherol,Cc1c(C)c2c(c(C)c1O)CCC(C)(CCCC(C)CCCC(C)CCCC(C)C)O2,sec-RO2*,-$37.80,8.2,2700000.0,400.0,327.7,Phenol,Hydrogen Abstraction,,130.0,3.2 Table,True,-5.149246692657471,0.08438117802143097,5.233627870678902
alpha-Tocopherol,Cc1c(C)c2c(c(C)c1O)CCC(C)(CCCC(C)CCCC(C)CCCC(C)C)O2,tert-RO2*,-$30.90,11.0,1200000.0,400.0,327.7,Phenol,Hydrogen Abstraction,,130.0,3.2 Table,True,-5.149246692657471,0.08438117802143097,5.233627870678902
beta-Tocopherol,Cc1cc(O)c(C)c2c1O[C@](C)(CCC[C@H](C)CCC[C@H](C)CCCC(C)C)CC2,HO2*,-$36.60,8.7,2300000.0,400.0,332.4,Phenol,Hydrogen Abstraction,,131.0,3.2 Table,True,-5.359154224395752,0.42040693759918213,5.779561161994934
beta-Tocopherol,Cc1cc(O)c(C)c2c1O[C@](C)(CCC[C@H](C)CCC[C@H](C)CCCC(C)C)CC2,sec-RO2*,-$33.10,10.2,1500000.0,400.0,332.4,Phenol,Hydrogen Abstraction,,131.0,3.2 Table,True,-5.359154224395752,0.42040693759918213,5.779561161994934
beta-Tocopherol,Cc1cc(O)c(C)c2c1O[C@](C)(CCC[C@H](C)CCC[C@H](C)CCCC(C)C)CC2,tert-RO2*,-$26.20,13.0,640000.0,400.0,332.4,Phenol,Hydrogen Abstraction,,131.0,3.2 Table,True,-5.359154224395752,0.42040693759918213,5.779561161994934
delta-Tocopherol,Cc1cc(O)cc2c1OC(C)(CCCC(C)CCCC(C)CCCC(C)C)CC2,HO2*,-$52.00,2.9,13000000.0,400.0,317.0,Phenol,Hydrogen Abstraction,,133.0,3.2 Table,True,-5.551511287689209,0.30757179856300354,5.8590830862522125
delta-Tocopherol,Cc1cc(O)cc2c1OC(C)(CCCC(C)CCCC(C)CCCC(C)C)CC2,sec-RO2*,-$48.50,4.2,9000000.0,400.0,317.0,Phenol,Hydrogen Abstraction,,133.0,3.2 Table,True,-5.551511287689209,0.30757179856300354,5.8590830862522125
delta-Tocopherol,Cc1cc(O)cc2c1OC(C)(CCCC(C)CCCC(C)CCCC(C)C)CC2,tert-RO2*,-$41.60,6.8,4100000.0,400.0,317.0,Phenol,Hydrogen Abstraction,,133.0,3.2 Table,True,-5.551511287689209,0.30757179856300354,5.8590830862522125
2-HOC6H4O*,Oc1ccccc1O,sec-ROOH,$27.50,40.0,17.0,333.0,338.0,Phenoxyl,Radical Recombination,,3.0,3.4 Table,True,-5.6969523429870605,0.1106223315000534,5.807574674487114
2-HOC6H4O*,Oc1ccccc1O,tert-ROOH,$20.60,36.1,70.0,333.0,338.0,Phenoxyl,Radical Recombination,,3.0,3.4 Table,True,-5.6969523429870605,0.1106223315000534,5.807574674487114
2-HO-4-(CH3)3CC6H3O*,CC(C)(C)c1ccc(O)c(O)c1,sec-ROOH,$23.10,37.5,42.0,333.0,342.4,Phenoxyl,Radical Recombination,,4.0,3.4 Table,True,-5.485815525054932,-0.11695724725723267,5.368858277797699
2-HO-4-(CH3)3CC6H3O*,CC(C)(C)c1ccc(O)c(O)c1,tert-ROOH,$16.20,33.7,170.0,333.0,342.4,Phenoxyl,Radical Recombination,,4.0,3.4 Table,True,-5.485815525054932,-0.11695724725723267,5.368858277797699
4-CH3C6H4O*,Cc1ccc(O)cc1,sec-ROOH,$7.70,29.1,870.0,333.0,357.8,Phenoxyl,Radical Recombination,,9.0,3.4 Table,True,-5.932056903839111,0.2748132348060608,6.206870138645172
4-CH3C6H4O*,Cc1ccc(O)cc1,tert-ROOH,$0.80,25.6,3100.0,333.0,357.8,Phenoxyl,Radical Recombination,,9.0,3.4 Table,True,-5.932056903839111,0.2748132348060608,6.206870138645172
(CH3)3C6(O*)(CH2)3O,CC(C)(C)c1c([O])ccc2c1CCCCO2,sec-ROOH,$36.70,45.4,2.4,333.0,328.8,Phenoxyl,Radical Recombination,,10.0,3.4 Table,True,-5.417792797088623,0.10347577929496765,5.521268576383591
(CH3)3C6(O*)(CH2)3O,CC(C)(C)c1c([O])ccc2c1CCCCO2,tert-ROOH,$29.80,41.3,11.0,333.0,328.8,Phenoxyl,Radical Recombination,,10.0,3.4 Table,True,-5.417792797088623,0.10347577929496765,5.521268576383591
(CH3)3C6(O*)CH2CH(CH3)O,CC1Cc2c(ccc([O])c2C(C)(C)C)O1,sec-ROOH,$41.10,48.1,0.9,333.0,324.4,Phenoxyl,Radical Recombination,,20.0,3.4 Table,True,-5.5134596824646,-0.5250875353813171,4.9883721470832825
(CH3)3C6(O*)CH2CH(CH3)O,CC1Cc2c(ccc([O])c2C(C)(C)C)O1,tert-ROOH,$34.20,43.9,4.2,333.0,324.4,Phenoxyl,Radical Recombination,,20.0,3.4 Table,True,-5.5134596824646,-0.5250875353813171,4.9883721470832825
1-C13H9O*,[O]c1cccc2c1Cc1ccccc1-2,sec-ROOH,$29.20,41.0,12.0,333.0,336.3,Phenoxyl,Radical Recombination,,25.0,3.4 Table,True,-5.7409210205078125,-0.964780867099762,4.7761401534080505
1-C13H9O*,[O]c1cccc2c1Cc1ccccc1-2,tert-ROOH,$22.30,37.0,50.0,333.0,336.3,Phenoxyl,Radical Recombination,,25.0,3.4 Table,True,-5.7409210205078125,-0.964780867099762,4.7761401534080505
1-C10H7O*,[O]c1cccc2ccccc12,sec-ROOH,$24.10,38.0,35.0,333.0,341.4,Phenoxyl,Radical Recombination,,29.0,3.4 Table,True,-6.254216194152832,-0.9638381600379944,5.290378034114838
1-C10H7O*,[O]c1cccc2ccccc12,tert-ROOH,$17.20,34.2,140.0,333.0,341.4,Phenoxyl,Radical Recombination,,29.0,3.4 Table,True,-6.254216194152832,-0.9638381600379944,5.290378034114838
2-C10H7O*,[O]c1ccc2ccccc2c1,sec-ROOH,$13.70,32.3,280.0,333.0,351.8,Phenoxyl,Radical Recombination,,30.0,3.4 Table,True,-6.001780986785889,-1.198256492614746,4.803524494171143
2-C10H7O*,[O]c1ccc2ccccc2c1,tert-ROOH,$6.80,28.7,1000.0,333.0,351.8,Phenoxyl,Radical Recombination,,30.0,3.4 Table,True,-6.001780986785889,-1.198256492614746,4.803524494171143
1-C14H9O*,[O]c1cccc2c1ccc1ccccc12,sec-ROOH,$12.80,31.8,330.0,333.0,352.7,Phenoxyl,Radical Recombination,,32.0,3.4 Table,True,-5.881963729858398,-1.2274850606918335,4.654478669166565
1-C14H9O*,[O]c1cccc2c1ccc1ccccc12,tert-ROOH,$5.90,28.2,1200.0,333.0,352.7,Phenoxyl,Radical Recombination,,32.0,3.4 Table,True,-5.881963729858398,-1.2274850606918335,4.654478669166565
C6H5O*,[O]c1ccccc1,sec-ROOH,-$1.50,24.4,4800.0,333.0,367.0,Phenoxyl,Radical Recombination,,36.0,3.4 Table,True,-6.224695205688477,-0.5294616222381592,5.695233583450317
C6H5O*,[O]c1ccccc1,tert-ROOH,-$8.40,21.1,16000.0,333.0,367.0,Phenoxyl,Radical Recombination,,36.0,3.4 Table,True,-6.224695205688477,-0.5294616222381592,5.695233583450317
4-CH3COC6H4O*,CC(=O)c1ccc(O)cc1,sec-ROOH,-$4.00,23.2,7300.0,333.0,369.5,Phenoxyl,Radical Recombination,,38.0,3.4 Table,True,-6.2654500007629395,-1.2383493185043335,5.027100682258606
4-CH3COC6H4O*,CC(=O)c1ccc(O)cc1,tert-ROOH,-$10.90,19.9,24000.0,333.0,369.5,Phenoxyl,Radical Recombination,,38.0,3.4 Table,True,-6.2654500007629395,-1.2383493185043335,5.027100682258606
4-NH2C6H4O*,Nc1ccc(O)cc1,sec-ROOH,$10.80,30.8,470.0,333.0,354.7,Phenoxyl,Radical Recombination,,40.0,3.4 Table,True,-5.022119998931885,0.8767513632774353,5.89887136220932
4-NH2C6H4O*,Nc1ccc(O)cc1,tert-ROOH,$3.90,27.2,1700.0,333.0,354.7,Phenoxyl,Radical Recombination,,40.0,3.4 Table,True,-5.022119998931885,0.8767513632774353,5.89887136220932
4-C6H5CH2OC6H4O*,Oc1ccc(OCc2ccccc2)cc1,sec-ROOH,$18.00,34.6,120.0,333.0,347.5,Phenoxyl,Radical Recombination,,41.0,3.4 Table,True,-5.596794605255127,-0.11309799551963806,5.483696609735489
4-C6H5CH2OC6H4O*,Oc1ccc(OCc2ccccc2)cc1,tert-ROOH,$11.10,30.9,460.0,333.0,347.5,Phenoxyl,Radical Recombination,,41.0,3.4 Table,True,-5.596794605255127,-0.11309799551963806,5.483696609735489
4-CH3(CH2)3OC6H4O*,CCCCOc1ccc(O)cc1,sec-ROOH,$19.70,35.6,83.0,333.0,345.8,Phenoxyl,Radical Recombination,,44.0,3.4 Table,True,-5.706371784210205,0.21124929189682007,5.917621076107025
4-CH3(CH2)3OC6H4O*,CCCCOc1ccc(O)cc1,tert-ROOH,$12.80,31.8,330.0,333.0,345.8,Phenoxyl,Radical Recombination,,44.0,3.4 Table,True,-5.706371784210205,0.21124929189682007,5.917621076107025
4-(CH3)3CC6H4O*,CC(C)(C)c1ccc(O)cc1,sec-ROOH,$8.60,29.6,730.0,333.0,356.9,Phenoxyl,Radical Recombination,,46.0,3.4 Table,True,-5.867645740509033,0.04890645667910576,5.916552197188139
4-(CH3)3CC6H4O*,CC(C)(C)c1ccc(O)cc1,tert-ROOH,$1.70,26.0,2700.0,333.0,356.9,Phenoxyl,Radical Recombination,,46.0,3.4 Table,True,-5.867645740509033,0.04890645667910576,5.916552197188139
"2,4-[(CH3)3C]2C6H3O*",CC(C)(C)c1ccc(O)c(C(C)(C)C)c1,sec-ROOH,$8.00,29.3,810.0,333.0,357.5,Phenoxyl,Radical Recombination,,47.0,3.4 Table,True,-5.704797267913818,-0.03940923139452934,5.665388036519289
"2,4-[(CH3)3C]2C6H3O*",CC(C)(C)c1ccc(O)c(C(C)(C)C)c1,tert-ROOH,$1.10,25.7,3000.0,333.0,357.5,Phenoxyl,Radical Recombination,,47.0,3.4 Table,True,-5.704797267913818,-0.03940923139452934,5.665388036519289
"2-(CH3)3C-4,6-(CH3)2C6H2O*",Cc1cc(C)c(O)c(C(C)(C)C)c1,sec-ROOH,$11.70,31.2,410.0,333.0,353.8,Phenoxyl,Radical Recombination,,74.0,3.4 Table,True,-5.526060104370117,0.3488187789916992,5.874878883361816
"2-(CH3)3C-4,6-(CH3)2C6H2O*",Cc1cc(C)c(O)c(C(C)(C)C)c1,tert-ROOH,$4.80,27.6,1500.0,333.0,353.8,Phenoxyl,Radical Recombination,,74.0,3.4 Table,True,-5.526060104370117,0.3488187789916992,5.874878883361816
2-(CH3)3C-4-CH3OC6H2O*,COc1ccc(O)c(C(C)(C)C)c1,sec-ROOH,$24.10,38.0,35.0,333.0,341.4,Phenoxyl,Radical Recombination,,75.0,3.4 Table,True,-5.413139343261719,0.17726533114910126,5.59040467441082
2-(CH3)3C-4-CH3OC6H2O*,COc1ccc(O)c(C(C)(C)C)c1,tert-ROOH,$17.20,34.2,140.0,333.0,341.4,Phenoxyl,Radical Recombination,,75.0,3.4 Table,True,-5.413139343261719,0.17726533114910126,5.59040467441082
4-CH3OC6H4O*,COc1ccc(O)cc1,sec-ROOH,$16.50,33.8,160.0,333.0,349.0,Phenoxyl,Radical Recombination,,78.0,3.4 Table,True,-5.547805309295654,0.39801034331321716,5.9458156526088715
4-CH3OC6H4O*,COc1ccc(O)cc1,tert-ROOH,$9.60,30.1,610.0,333.0,349.0,Phenoxyl,Radical Recombination,,78.0,3.4 Table,True,-5.547805309295654,0.39801034331321716,5.9458156526088715
"2,3-(CH3)2C6H3O*",Cc1cccc(O)c1C,sec-ROOH,$12.00,31.4,380.0,333.0,353.5,Phenoxyl,Radical Recombination,,79.0,3.4 Table,True,-5.651112079620361,-0.019930485635995865,5.6311815939843655
"2,3-(CH3)2C6H3O*",Cc1cccc(O)c1C,tert-ROOH,$5.10,27.8,1400.0,333.0,353.5,Phenoxyl,Radical Recombination,,79.0,3.4 Table,True,-5.651112079620361,-0.019930485635995865,5.6311815939843655
"3,4-(CH3)2C6H3O*",Cc1ccc(O)cc1C,sec-ROOH,$12.90,31.9,320.0,333.0,352.6,Phenoxyl,Radical Recombination,,80.0,3.4 Table,True,-5.924914836883545,0.29155194759368896,6.216466784477234
"3,4-(CH3)2C6H3O*",Cc1ccc(O)cc1C,tert-ROOH,$6.00,28.2,1200.0,333.0,352.6,Phenoxyl,Radical Recombination,,80.0,3.4 Table,True,-5.924914836883545,0.29155194759368896,6.216466784477234
"3,5-(CH3)2C6H3O*",Cc1cc(C)cc(O)c1,sec-ROOH,$11.50,31.1,420.0,333.0,354.0,Phenoxyl,Radical Recombination,,81.0,3.4 Table,True,-5.71203088760376,0.515260636806488,6.227291524410248
"3,5-(CH3)2C6H3O*",Cc1cc(C)cc(O)c1,tert-ROOH,$4.60,27.5,1600.0,333.0,354.0,Phenoxyl,Radical Recombination,,81.0,3.4 Table,True,-5.71203088760376,0.515260636806488,6.227291524410248
"2,4-(CH3)2C6H3O*",Cc1ccc(O)c(C)c1,sec-ROOH,$7.00,28.8,970.0,333.0,358.5,Phenoxyl,Radical Recombination,,82.0,3.4 Table,True,-5.714667320251465,0.17409999668598175,5.888767316937447
"2,4-(CH3)2C6H3O*",Cc1ccc(O)c(C)c1,tert-ROOH,$0.10,25.3,3400.0,333.0,358.5,Phenoxyl,Radical Recombination,,82.0,3.4 Table,True,-5.714667320251465,0.17409999668598175,5.888767316937447
"2,6-(CH3)2C6H3O*",Cc1cccc(C)c1O,sec-ROOH,$10.60,30.6,510.0,333.0,354.9,Phenoxyl,Radical Recombination,,83.0,3.4 Table,True,-5.7776007652282715,-0.04856262728571892,5.729038137942553
"2,6-(CH3)2C6H3O*",Cc1cccc(C)c1O,tert-ROOH,$3.70,27.0,1900.0,333.0,354.9,Phenoxyl,Radical Recombination,,83.0,3.4 Table,True,-5.7776007652282715,-0.04856262728571892,5.729038137942553
4-(CH3)2NC6H4O*,CN(C)c1ccc(O)cc1,sec-ROOH,$38.70,46.6,1.6,333.0,326.8,Phenoxyl,Radical Recombination,,85.0,3.4 Table,True,-5.471067905426025,-0.056125421077013016,5.414942484349012
4-(CH3)2NC6H4O*,CN(C)c1ccc(O)cc1,tert-ROOH,$31.80,42.5,6.9,333.0,326.8,Phenoxyl,Radical Recombination,,85.0,3.4 Table,True,-5.471067905426025,-0.056125421077013016,5.414942484349012
"2,4,6-(CH3)3C6H2O*",Cc1cc(C)c(O)c(C)c1,sec-ROOH,$18.70,35.0,100.0,333.0,346.8,Phenoxyl,Radical Recombination,,110.0,3.4 Table,True,-5.477290630340576,0.4837494492530823,5.9610400795936584
"2,4,6-(CH3)3C6H2O*",Cc1cc(C)c(O)c(C)c1,tert-ROOH,$11.80,31.3,390.0,333.0,346.8,Phenoxyl,Radical Recombination,,110.0,3.4 Table,True,-5.477290630340576,0.4837494492530823,5.9610400795936584
"2,6-(CH3)2-4-COOHCH2-C6H2OH",Cc1cc(CC(=O)O)cc(C)c1O,sec-ROOH,$17.50,34.4,130.0,333.0,348.0,Phenoxyl,Radical Recombination,,113.0,3.4 Table,True,-5.71437406539917,-0.12468411028385162,5.589689955115318
"2,6-(CH3)2-4-COOHCH2-C6H2OH",Cc1cc(CC(=O)O)cc(C)c1O,tert-ROOH,$10.60,30.6,510.0,333.0,348.0,Phenoxyl,Radical Recombination,,113.0,3.4 Table,True,-5.71437406539917,-0.12468411028385162,5.589689955115318
3-HOC6H4OH,Oc1cccc(O)c1,sec-ROOH,-$0.30,25.0,7600.0,333.0,365.8,Phenoxyl,Radical Recombination,,121.0,3.4 Table,True,-5.375467300415039,-0.04928350821137428,5.326183792203665
3-HOC6H4OH,Oc1cccc(O)c1,tert-ROOH,-$7.20,21.7,26000.0,333.0,365.8,Phenoxyl,Radical Recombination,,121.0,3.4 Table,True,-5.375467300415039,-0.04928350821137428,5.326183792203665
?-Tocopheroxyl,Cc1c(C)c2c(c(C)c1[O])CCC(C)(CCCC(C)CCCC(C)CCCC(C)C)O2,sec-ROOH,$37.80,46.0,1.9,333.0,327.7,Phenoxyl,Radical Recombination,,130.0,3.4 Table,True,-5.270752429962158,0.04825121536850929,5.3190036453306675
?-Tocopheroxyl,Cc1c(C)c2c(c(C)c1[O])CCC(C)(CCCC(C)CCCC(C)CCCC(C)C)O2,tert-ROOH,$30.90,41.9,8.6,333.0,327.7,Phenoxyl,Radical Recombination,,130.0,3.4 Table,True,-5.270752429962158,0.04825121536850929,5.3190036453306675
?-Tocopheroxyl,Cc1cc([O])c(C)c2c1O[C@](C)(CCC[C@H](C)CCC[C@H](C)CCCC(C)C)CC2,sec-ROOH,$33.10,43.3,5.2,333.0,332.4,Phenoxyl,Radical Recombination,,131.0,3.4 Table,True,-5.320306301116943,0.14684636890888214,5.4671526700258255
?-Tocopheroxyl,Cc1cc([O])c(C)c2c1O[C@](C)(CCC[C@H](C)CCC[C@H](C)CCCC(C)C)CC2,tert-ROOH,$26.20,39.2,23.0,333.0,332.4,Phenoxyl,Radical Recombination,,131.0,3.4 Table,True,-5.320306301116943,0.14684636890888214,5.4671526700258255
?-Tocopheroxyl,Cc1cc([O])cc2c1OC(C)(CCCC(C)CCCC(C)CCCC(C)C)CC2,sec-ROOH,$48.50,52.7,0.2,333.0,317.0,Phenoxyl,Radical Recombination,,133.0,3.4 Table,True,-5.560486316680908,-0.030913617461919785,5.529572699218988
?-Tocopheroxyl,Cc1cc([O])cc2c1OC(C)(CCCC(C)CCCC(C)CCCC(C)C)CC2,tert-ROOH,$41.60,48.4,0.8,333.0,317.0,Phenoxyl,Radical Recombination,,133.0,3.4 Table,True,-5.560486316680908,-0.030913617461919785,5.529572699218988
"1-[3',5'-[(CH3)2C]2-4'-(*O-C6H2CH2)]-3,5-[[(CH3)2C]2-4'-HOC6H2CH2]2-C6H3",CC(C)c1cc(O)c(C(C)C)c(Cc2cc(Cc3cc(C(C)C)cc(O)c3C(C)C)cc(Cc3cc(C(C)C)cc(O)c3C(C)C)c2)c1,sec-ROOH,$20.60,42.6,88.0,333.0,,Phenoxyl,Radical Recombination,,1.0,3.5 Table,True,-5.379616737365723,-0.3588104248046875,5.020806312561035
"1-[3',5'-[(CH3)2C]2-4'-(*O-C6H2CH2)]-3,5-[[(CH3)2C]2-4'-HOC6H2CH2]2-C6H3",CC(C)c1cc(O)c(C(C)C)c(Cc2cc(Cc3cc(C(C)C)cc(O)c3C(C)C)cc(Cc3cc(C(C)C)cc(O)c3C(C)C)c2)c1,tert-ROOH,$13.70,38.8,270.0,333.0,,Phenoxyl,Radical Recombination,,1.0,3.5 Table,True,-5.379616737365723,-0.3588104248046875,5.020806312561035
"[4,6-[(CH3)3C]2C6H2O*]-CH2-2-[4,6-[(CH3)3C]2C6H2OH",CC(C)(C)c1cc(Cc2cc(C(C)(C)C)cc(C(C)(C)C)c2O)c(O)c(C(C)(C)C)c1,sec-ROOH,$24.60,44.8,45.0,333.0,340.9,Phenoxyl,Radical Recombination,,24.0,3.5 Table,True,-5.39336633682251,-0.29362690448760986,5.0997394323349
"[4,6-[(CH3)3C]2C6H2O*]-CH2-2-[4,6-[(CH3)3C]2C6H2OH",CC(C)(C)c1cc(Cc2cc(C(C)(C)C)cc(C(C)(C)C)c2O)c(O)c(C(C)(C)C)c1,tert-ROOH,$17.70,41.0,140.0,333.0,340.9,Phenoxyl,Radical Recombination,,24.0,3.5 Table,True,-5.39336633682251,-0.29362690448760986,5.0997394323349
"C-[4-(CH2)2COOCH2-2,6-[(CH3)3C]2C6H2O*][4-(CH2)2COOCH2-2,6-[(CH3)3C]2C6H2OH]3",CC(C)(C)c1cc(CCC(=O)OCC(COC(=O)CCc2cc(C(C)(C)C)c(O)c(C(C)(C)C)c2)(COC(=O)CCc2cc(C(C)(C)C)c(O)c(C(C)(C)C)c2)COC(=O)CCc2cc(C(C)(C)C)c(O)c(C(C)(C)C)c2)cc(C(C)(C)C)c1[O],sec-ROOH,$24.50,44.7,47.0,333.0,341.0,Phenoxyl,Radical Recombination,,31.0,3.5 Table,True,-5.708029270172119,-0.7033704519271851,5.004658818244934
"C-[4-(CH2)2COOCH2-2,6-[(CH3)3C]2C6H2O*][4-(CH2)2COOCH2-2,6-[(CH3)3C]2C6H2OH]3",CC(C)(C)c1cc(CCC(=O)OCC(COC(=O)CCc2cc(C(C)(C)C)c(O)c(C(C)(C)C)c2)(COC(=O)CCc2cc(C(C)(C)C)c(O)c(C(C)(C)C)c2)COC(=O)CCc2cc(C(C)(C)C)c(O)c(C(C)(C)C)c2)cc(C(C)(C)C)c1[O],tert-ROOH,$17.60,40.9,150.0,333.0,341.0,Phenoxyl,Radical Recombination,,31.0,3.5 Table,True,-5.708029270172119,-0.7033704519271851,5.004658818244934
"2,4-[(CH3)3C]2-6-CH3-C6H2O*",Cc1cc(C(C)(C)C)cc(C(C)(C)C)c1O,sec-ROOH,$11.60,37.7,380.0,333.0,353.9,Phenoxyl,Radical Recombination,,49.0,3.5 Table,True,-5.58491849899292,0.04483092203736305,5.629749421030283
"2,4-[(CH3)3C]2-6-CH3-C6H2O*",Cc1cc(C(C)(C)C)cc(C(C)(C)C)c1O,tert-ROOH,$4.70,34.1,1100.0,333.0,353.9,Phenoxyl,Radical Recombination,,49.0,3.5 Table,True,-5.58491849899292,0.04483092203736305,5.629749421030283
"[2,6-[(CH3)3C]2C6H2O*]-4'-[2,6-[(CH3)3C]2C6H2OH]",CC(C)(C)c1cc(-c2cc(C(C)(C)C)c(O)c(C(C)(C)C)c2)cc(C(C)(C)C)c1O,sec-ROOH,$22.90,43.8,61.0,333.0,342.6,Phenoxyl,Radical Recombination,,50.0,3.5 Table,True,-5.280860424041748,-0.8149426579475403,4.465917766094208
"[2,6-[(CH3)3C]2C6H2O*]-4'-[2,6-[(CH3)3C]2C6H2OH]",CC(C)(C)c1cc(-c2cc(C(C)(C)C)c(O)c(C(C)(C)C)c2)cc(C(C)(C)C)c1O,tert-ROOH,$16.00,40.0,190.0,333.0,342.6,Phenoxyl,Radical Recombination,,50.0,3.5 Table,True,-5.280860424041748,-0.8149426579475403,4.465917766094208
"2,6-[(CH3)3C]2C6H3O*",CC(C)(C)c1cccc(C(C)(C)C)c1O,sec-ROOH,$18.80,41.6,120.0,333.0,346.7,Phenoxyl,Radical Recombination,,51.0,3.5 Table,True,-5.668120861053467,-0.23425625264644623,5.433864608407021
"2,6-[(CH3)3C]2C6H3O*",CC(C)(C)c1cccc(C(C)(C)C)c1O,tert-ROOH,$11.90,37.9,360.0,333.0,346.7,Phenoxyl,Radical Recombination,,51.0,3.5 Table,True,-5.668120861053467,-0.23425625264644623,5.433864608407021
"2,6-[(CH3)3C]2-4-CH3CONHC6H2O*",CC(=O)Nc1cc(C(C)(C)C)c(O)c(C(C)(C)C)c1,sec-ROOH,$38.80,53.0,3.8,333.0,339.0,Phenoxyl,Radical Recombination,,52.0,3.5 Table,True,-5.482661724090576,-0.04921674355864525,5.433444980531931
"2,6-[(CH3)3C]2-4-CH3CONHC6H2O*",CC(=O)Nc1cc(C(C)(C)C)c(O)c(C(C)(C)C)c1,tert-ROOH,$31.90,48.9,13.0,333.0,339.0,Phenoxyl,Radical Recombination,,52.0,3.5 Table,True,-5.482661724090576,-0.04921674355864525,5.433444980531931
"2,6-[(CH3)3C]2-4-CH3COC6H2O*",CC(=O)c1cc(C(C)(C)C)c(O)c(C(C)(C)C)c1,sec-ROOH,$20.00,42.2,99.0,333.0,345.5,Phenoxyl,Radical Recombination,,53.0,3.5 Table,True,-5.756746768951416,-0.9889815449714661,4.76776522397995
"2,6-[(CH3)3C]2-4-CH3COC6H2O*",CC(=O)c1cc(C(C)(C)C)c(O)c(C(C)(C)C)c1,tert-ROOH,$13.10,38.5,300.0,333.0,345.5,Phenoxyl,Radical Recombination,,53.0,3.5 Table,True,-5.756746768951416,-0.9889815449714661,4.76776522397995
"2,6-[(CH3)3C]2-4-C6H5CH2C6H2O*",CC(C)(C)c1cc(Cc2ccccc2)cc(C(C)(C)C)c1O,sec-ROOH,$25.80,45.4,38.0,333.0,339.7,Phenoxyl,Radical Recombination,,54.0,3.5 Table,True,-5.574779987335205,-0.2910800576210022,5.283699929714203
"2,6-[(CH3)3C]2-4-C6H5CH2C6H2O*",CC(C)(C)c1cc(Cc2ccccc2)cc(C(C)(C)C)c1O,tert-ROOH,$18.90,41.6,120.0,333.0,339.7,Phenoxyl,Radical Recombination,,54.0,3.5 Table,True,-5.574779987335205,-0.2910800576210022,5.283699929714203
"2,6-[(CH3)3C]2-4-(CH3)3COC6H2O*",CC(C)(C)Oc1cc(C(C)(C)C)c(O)c(C(C)(C)C)c1,sec-ROOH,$34.20,50.3,8.6,333.0,331.3,Phenoxyl,Radical Recombination,,55.0,3.5 Table,True,-5.4810404777526855,0.06326909363269806,5.544309571385384
"2,6-[(CH3)3C]2-4-(CH3)3COC6H2O*",CC(C)(C)Oc1cc(C(C)(C)C)c(O)c(C(C)(C)C)c1,tert-ROOH,$27.30,46.3,29.0,333.0,331.3,Phenoxyl,Radical Recombination,,55.0,3.5 Table,True,-5.4810404777526855,0.06326909363269806,5.544309571385384
"2,6-[(CH3)3C]2-4-(CH3)3COC(O)C6H2O*",CC(C)(C)OC(=O)c1cc(C(C)(C)C)c(O)c(C(C)(C)C)c1,sec-ROOH,$17.80,41.0,140.0,333.0,347.7,Phenoxyl,Radical Recombination,,56.0,3.5 Table,True,-5.734349250793457,-0.7219642996788025,5.0123849511146545
"2,6-[(CH3)3C]2-4-(CH3)3COC(O)C6H2O*",CC(C)(C)OC(=O)c1cc(C(C)(C)C)c(O)c(C(C)(C)C)c1,tert-ROOH,$10.90,37.3,430.0,333.0,347.7,Phenoxyl,Radical Recombination,,56.0,3.5 Table,True,-5.734349250793457,-0.7219642996788025,5.0123849511146545
"2,6-[(CH3)3C]2-4-HOOCC6H2O*",CC(C)(C)c1cc(COO)cc(C(C)(C)C)c1O,sec-ROOH,$16.70,40.4,170.0,333.0,348.8,Phenoxyl,Radical Recombination,,57.0,3.5 Table,True,-5.531171798706055,-0.00014776363968849182,5.531024035066366
"2,6-[(CH3)3C]2-4-HOOCC6H2O*",CC(C)(C)c1cc(COO)cc(C(C)(C)C)c1O,tert-ROOH,$9.80,36.8,500.0,333.0,348.8,Phenoxyl,Radical Recombination,,57.0,3.5 Table,True,-5.531171798706055,-0.00014776363968849182,5.531024035066366
"2,6-[(CH3)3C]2-4-ClC6H2O*",CC(C)(C)c1cc(Cl)cc(C(C)(C)C)c1O,sec-ROOH,$21.00,42.8,82.0,333.0,344.5,Phenoxyl,Radical Recombination,,58.0,3.5 Table,True,-5.753632068634033,-0.48944687843322754,5.264185190200806
"2,6-[(CH3)3C]2-4-ClC6H2O*",CC(C)(C)c1cc(Cl)cc(C(C)(C)C)c1O,tert-ROOH,$14.10,39.0,260.0,333.0,344.5,Phenoxyl,Radical Recombination,,58.0,3.5 Table,True,-5.753632068634033,-0.48944687843322754,5.264185190200806
"2,6-[(CH3)3C]2-4-NCC6H2O*",[C-]#[N+]c1cc(C(C)(C)C)c(O)c(C(C)(C)C)c1,sec-ROOH,$13.10,38.5,300.0,333.0,352.4,Phenoxyl,Radical Recombination,,60.0,3.5 Table,True,-5.1800312995910645,-1.1846553087234497,3.9953759908676147
"2,6-[(CH3)3C]2-4-NCC6H2O*",[C-]#[N+]c1cc(C(C)(C)C)c(O)c(C(C)(C)C)c1,tert-ROOH,$6.20,34.9,890.0,333.0,352.4,Phenoxyl,Radical Recombination,,60.0,3.5 Table,True,-5.1800312995910645,-1.1846553087234497,3.9953759908676147
"2,6-[(CH3)3C]2-4-H(O)CC6H2O*",CC(C)(C)c1cc(CO)cc(C(C)(C)C)c1O,sec-ROOH,$17.70,41.0,140.0,333.0,347.8,Phenoxyl,Radical Recombination,,61.0,3.5 Table,True,-5.581869602203369,-0.154449924826622,5.427419677376747
"2,6-[(CH3)3C]2-4-H(O)CC6H2O*",CC(C)(C)c1cc(CO)cc(C(C)(C)C)c1O,tert-ROOH,$10.80,37.3,430.0,333.0,347.8,Phenoxyl,Radical Recombination,,61.0,3.5 Table,True,-5.581869602203369,-0.154449924826622,5.427419677376747
"2,6-[(CH3)3C]2-4-CH3OC6H2O*",COc1cc(C(C)(C)C)c(O)c(C(C)(C)C)c1,sec-ROOH,$34.80,50.6,7.9,333.0,330.7,Phenoxyl,Radical Recombination,,62.0,3.5 Table,True,-5.397151470184326,0.2712005376815796,5.668352007865906
"2,6-[(CH3)3C]2-4-CH3OC6H2O*",COc1cc(C(C)(C)C)c(O)c(C(C)(C)C)c1,tert-ROOH,$27.90,46.6,26.0,333.0,330.7,Phenoxyl,Radical Recombination,,62.0,3.5 Table,True,-5.397151470184326,0.2712005376815796,5.668352007865906
"2,6-[(CH3)3C]2-4-CH3C6H2O*",Cc1cc(C(C)(C)C)c(O)c(C(C)(C)C)c1,sec-ROOH,$26.50,45.8,33.0,333.0,339.0,Phenoxyl,Radical Recombination,,64.0,3.5 Table,True,-5.553175926208496,0.16806338727474213,5.721239313483238
"2,6-[(CH3)3C]2-4-CH3C6H2O*",Cc1cc(C(C)(C)C)c(O)c(C(C)(C)C)c1,tert-ROOH,$19.60,42.0,100.0,333.0,339.0,Phenoxyl,Radical Recombination,,64.0,3.5 Table,True,-5.553175926208496,0.16806338727474213,5.721239313483238
"2,6-[(CH3)3C]2-4-NO2C6H2O*",CC(C)(C)c1cc([N+](=O)[O-])cc(C(C)(C)C)c1O,sec-ROOH,$7.50,35.6,720.0,333.0,358.0,Phenoxyl,Radical Recombination,,68.0,3.5 Table,True,-6.095341205596924,-1.7287217378616333,4.3666194677352905
"2,6-[(CH3)3C]2-4-NO2C6H2O*",CC(C)(C)c1cc([N+](=O)[O-])cc(C(C)(C)C)c1O,tert-ROOH,$0.60,32.0,2100.0,333.0,358.0,Phenoxyl,Radical Recombination,,68.0,3.5 Table,True,-6.095341205596924,-1.7287217378616333,4.3666194677352905
"2,6-[(CH3)3C]2-4-C6H5C6H2O*",CC(C)(C)c1cc(-c2ccccc2)cc(C(C)(C)C)c1O,sec-ROOH,$27.80,46.6,26.0,333.0,337.7,Phenoxyl,Radical Recombination,,70.0,3.5 Table,True,-5.412005424499512,-0.611159086227417,4.800846338272095
"2,6-[(CH3)3C]2-4-C6H5C6H2O*",CC(C)(C)c1cc(-c2ccccc2)cc(C(C)(C)C)c1O,tert-ROOH,$20.90,42.7,85.0,333.0,337.7,Phenoxyl,Radical Recombination,,70.0,3.5 Table,True,-5.412005424499512,-0.611159086227417,4.800846338272095
"2,6-[(CH3)3C]2-4-C6H5SC6H2O*",CC(C)(C)c1cc(Sc2ccccc2)cc(C(C)(C)C)c1O,sec-ROOH,$19.10,41.7,110.0,333.0,346.4,Phenoxyl,Radical Recombination,,73.0,3.5 Table,True,-5.361265182495117,-0.313106894493103,5.048158288002014
"2,6-[(CH3)3C]2-4-C6H5SC6H2O*",CC(C)(C)c1cc(Sc2ccccc2)cc(C(C)(C)C)c1O,tert-ROOH,$12.20,38.0,350.0,333.0,346.4,Phenoxyl,Radical Recombination,,73.0,3.5 Table,True,-5.361265182495117,-0.313106894493103,5.048158288002014
"2,6-(C6H5)2-4-NH2CH2C6H2O*",NCc1cc(-c2ccccc2)c(O)c(-c2ccccc2)c1,sec-ROOH,$42.60,55.2,2.0,333.0,322.9,Phenoxyl,Radical Recombination,,89.0,3.5 Table,True,-5.206792831420898,-0.6224339008331299,4.5843589305877686
"2,6-(C6H5)2-4-NH2CH2C6H2O*",NCc1cc(-c2ccccc2)c(O)c(-c2ccccc2)c1,tert-ROOH,$35.70,51.1,6.8,333.0,322.9,Phenoxyl,Radical Recombination,,89.0,3.5 Table,True,-5.206792831420898,-0.6224339008331299,4.5843589305877686
"2,6-(C6H5)2-4-CNCH2C6H2O*",N#CCc1cc(-c2ccccc2)c(O)c(-c2ccccc2)c1,sec-ROOH,$54.40,62.6,0.21,333.0,311.1,Phenoxyl,Radical Recombination,,90.0,3.5 Table,True,-5.657771587371826,-0.9345169067382812,4.723254680633545
"2,6-(C6H5)2-4-CNCH2C6H2O*",N#CCc1cc(-c2ccccc2)c(O)c(-c2ccccc2)c1,tert-ROOH,$47.50,58.2,0.8,333.0,311.1,Phenoxyl,Radical Recombination,,90.0,3.5 Table,True,-5.657771587371826,-0.9345169067382812,4.723254680633545
"2,6-(C6H5)2-4-HOOCCH2C6H2O*",O=C(O)Cc1cc(-c2ccccc2)c(O)c(-c2ccccc2)c1,sec-ROOH,$39.60,53.4,3.4,333.0,325.9,Phenoxyl,Radical Recombination,,91.0,3.5 Table,True,-5.578260898590088,-1.0325182676315308,4.545742630958557
"2,6-(C6H5)2-4-HOOCCH2C6H2O*",O=C(O)Cc1cc(-c2ccccc2)c(O)c(-c2ccccc2)c1,tert-ROOH,$32.70,49.5,11.0,333.0,325.9,Phenoxyl,Radical Recombination,,91.0,3.5 Table,True,-5.578260898590088,-1.0325182676315308,4.545742630958557
"2,6-(C6H5)2-4-HSC6H2O*",Oc1c(-c2ccccc2)cc(S)cc1-c1ccccc1,sec-ROOH,$25.50,45.3,39.0,333.0,340.0,Phenoxyl,Radical Recombination,,92.0,3.5 Table,True,-5.72395658493042,-0.9433725476264954,4.780584037303925
"2,6-(C6H5)2-4-HSC6H2O*",Oc1c(-c2ccccc2)cc(S)cc1-c1ccccc1,tert-ROOH,$18.60,41.5,120.0,333.0,340.0,Phenoxyl,Radical Recombination,,92.0,3.5 Table,True,-5.72395658493042,-0.9433725476264954,4.780584037303925
"2,6-(C6H5)2-4-CH3SC6H2O*",CSc1cc(-c2ccccc2)c(O)c(-c2ccccc2)c1,sec-ROOH,$25.10,45.0,43.0,333.0,340.4,Phenoxyl,Radical Recombination,,94.0,3.5 Table,True,-5.342735767364502,-0.8781824707984924,4.4645532965660095
"2,6-(C6H5)2-4-CH3SC6H2O*",CSc1cc(-c2ccccc2)c(O)c(-c2ccccc2)c1,tert-ROOH,$18.20,41.2,130.0,333.0,340.4,Phenoxyl,Radical Recombination,,94.0,3.5 Table,True,-5.342735767364502,-0.8781824707984924,4.4645532965660095
"2,6-(C6H5)2-4-CH3OC6H2O*",COc1cc(-c2ccccc2)c(O)c(-c2ccccc2)c1,sec-ROOH,$37.50,52.2,4.9,333.0,328.0,Phenoxyl,Radical Recombination,,95.0,3.5 Table,True,-5.139733791351318,-0.516668438911438,4.62306535243988
"2,6-(C6H5)2-4-CH3OC6H2O*",COc1cc(-c2ccccc2)c(O)c(-c2ccccc2)c1,tert-ROOH,$30.60,48.2,16.0,333.0,328.0,Phenoxyl,Radical Recombination,,95.0,3.5 Table,True,-5.139733791351318,-0.516668438911438,4.62306535243988
"2,6-(C6H5)2-4-C18H37C6H2O*",CCCCCCCCCCCCCCCCCCc1cc(-c2ccccc2)c(O)c(-c2ccccc2)c1,sec-ROOH,$36.90,51.8,5.5,333.0,328.6,Phenoxyl,Radical Recombination,,96.0,3.5 Table,True,-5.29487943649292,-0.456162691116333,4.838716745376587
"2,6-(C6H5)2-4-C18H37C6H2O*",CCCCCCCCCCCCCCCCCCc1cc(-c2ccccc2)c(O)c(-c2ccccc2)c1,tert-ROOH,$30.00,47.8,18.0,333.0,328.6,Phenoxyl,Radical Recombination,,96.0,3.5 Table,True,-5.29487943649292,-0.456162691116333,4.838716745376587
"2,6-(C6H5)2-4-C24H49OC6H2O*",CCCCCCCCCCCCCCCCCCCCCCCCOc1cc(-c2ccccc2)c(O)c(-c2ccccc2)c1,sec-ROOH,$36.30,51.5,6.0,333.0,329.2,Phenoxyl,Radical Recombination,,97.0,3.5 Table,True,-5.2600274085998535,-0.5321518778800964,4.727875530719757
"2,6-(C6H5)2-4-C24H49OC6H2O*",CCCCCCCCCCCCCCCCCCCCCCCCOc1cc(-c2ccccc2)c(O)c(-c2ccccc2)c1,tert-ROOH,$29.40,47.5,20.0,333.0,329.2,Phenoxyl,Radical Recombination,,97.0,3.5 Table,True,-5.2600274085998535,-0.5321518778800964,4.727875530719757
"Si[2,6-[(CH3)3C]2-4-OCH2CH2C6H2OH]3 [[(CH3)3C]2-4-CH2CH2OC6H2O*]",CC(C)(C)c1cc(CCO[Si](OCCc2cc(C(C)(C)C)cc(C(C)(C)C)c2O)(OCCc2cc(C(C)(C)C)cc(C(C)(C)C)c2O)OCCc2cc(C(C)(C)C)cc(C(C)(C)C)c2O)c([O])c(C(C)(C)C)c1,sec-ROOH,$24.60,44.8,45.0,333.0,340.9,Phenoxyl,Radical Recombination,,122.0,3.5 Table,True,-5.084479808807373,-0.1895817667245865,4.894898042082787
"Si[2,6-[(CH3)3C]2-4-OCH2CH2C6H2OH]3[[(CH3)3C]2-4-CH2CH2OC6H2O*]",CC(C)(C)c1cc(CCO[Si](OCCc2cc(C(C)(C)C)cc(C(C)(C)C)c2O)(OCCc2cc(C(C)(C)C)cc(C(C)(C)C)c2O)OCCc2cc(C(C)(C)C)cc(C(C)(C)C)c2O)c([O])c(C(C)(C)C)c1,tert-ROOH,$17.70,41.0,140.0,333.0,340.9,Phenoxyl,Radical Recombination,,122.0,3.5 Table,True,-5.084479808807373,-0.1895817667245865,4.894898042082787
"4-[2,6-[(CH3)3C]2C6H2OH]-CH2SCH2-4'-[2,6-[(CH3)3C]2C6H2O*]",CC(C)(C)c1cc(CSCc2cc(C(C)(C)C)c(O)c(C(C)(C)C)c2)cc(C(C)(C)C)c1O,sec-ROOH,$25.60,45.3,39.0,333.0,339.9,Phenoxyl,Radical Recombination,,123.0,3.5 Table,True,-5.264400005340576,-0.6439103484153748,4.620489656925201
"4-[2,6-[(CH3)3C]2C6H2OH]-CH2SCH2-4'-[2,6-[(CH3)3C]2C6H2O*]",CC(C)(C)c1cc(CSCc2cc(C(C)(C)C)c(O)c(C(C)(C)C)c2)cc(C(C)(C)C)c1O,tert-ROOH,$18.70,41.5,120.0,333.0,339.9,Phenoxyl,Radical Recombination,,123.0,3.5 Table,True,-5.264400005340576,-0.6439103484153748,4.620489656925201
(2-C10H7)2NH,c1ccc2cc(Nc3ccc4ccccc4c3)ccc2c1,HO2*,-$8.80,15.7,340000.0,333.0,360.2,Amine,Electron Transfer,,135.0,4.2 Table,True,-4.9010844230651855,-0.8967124819755554,4.00437194108963
(2-C10H7)2NH,c1ccc2cc(Nc3ccc4ccccc4c3)ccc2c1,sec-RO2*,-$5.30,17.3,190000.0,333.0,360.2,Amine,Electron Transfer,,135.0,4.2 Table,True,-4.9010844230651855,-0.8967124819755554,4.00437194108963
(2-C10H7)2NH,c1ccc2cc(Nc3ccc4ccccc4c3)ccc2c1,tert-RO2*,$1.60,20.6,59000.0,333.0,360.2,Amine,Electron Transfer,,135.0,4.2 Table,True,-4.9010844230651855,-0.8967124819755554,4.00437194108963
(C6H5)2NH,c1ccc(Nc2ccccc2)cc1,HO2*,-$4.30,17.8,160000.0,333.0,364.7,Amine,Electron Transfer,,136.0,4.2 Table,True,-5.04032564163208,0.006143286824226379,5.0464689284563065
(C6H5)2NH,c1ccc(Nc2ccccc2)cc1,sec-RO2*,-$0.80,19.5,87000.0,333.0,364.7,Amine,Electron Transfer,,136.0,4.2 Table,True,-5.04032564163208,0.006143286824226379,5.0464689284563065
(C6H5)2NH,c1ccc(Nc2ccccc2)cc1,tert-RO2*,$6.10,22.8,26000.0,333.0,364.7,Amine,Electron Transfer,,136.0,4.2 Table,True,-5.04032564163208,0.006143286824226379,5.0464689284563065
(4-BrC6H4)2NH,Brc1ccc(Nc2ccc(Br)cc2)cc1,HO2*,-$4.80,17.6,170000.0,333.0,364.2,Amine,Electron Transfer,,137.0,4.2 Table,True,-5.576973915100098,-0.6506631970405579,4.92631071805954
(4-BrC6H4)2NH,Brc1ccc(Nc2ccc(Br)cc2)cc1,sec-RO2*,-$1.30,19.2,97000.0,333.0,364.2,Amine,Electron Transfer,,137.0,4.2 Table,True,-5.576973915100098,-0.6506631970405579,4.92631071805954
(4-BrC6H4)2NH,Brc1ccc(Nc2ccc(Br)cc2)cc1,tert-RO2*,-$5.60,17.2,200000.0,333.0,364.2,Amine,Electron Transfer,,137.0,4.2 Table,True,-5.576973915100098,-0.6506631970405579,4.92631071805954
(4-CH3OC6H4)2NH,COc1ccc(Nc2ccc(OC)cc2)cc1,HO2*,-$0.40,10.7,2100000.0,333.0,348.6,Amine,Electron Transfer,,138.0,4.2 Table,True,-4.95249605178833,0.31774741411209106,5.270243465900421
(4-CH3OC6H4)2NH,COc1ccc(Nc2ccc(OC)cc2)cc1,sec-RO2*,-$16.90,12.1,1300000.0,333.0,348.6,Amine,Electron Transfer,,138.0,4.2 Table,True,-4.95249605178833,0.31774741411209106,5.270243465900421
(4-CH3OC6H4)2NH,COc1ccc(Nc2ccc(OC)cc2)cc1,tert-RO2*,-$10.00,15.2,410000.0,333.0,348.6,Amine,Electron Transfer,,138.0,4.2 Table,True,-4.95249605178833,0.31774741411209106,5.270243465900421
(4-CH3C6H4)2NH,Cc1ccc(Nc2ccc(C)cc2)cc1,HO2*,-$11.50,14.5,530000.0,333.0,357.5,Amine,Electron Transfer,,139.0,4.2 Table,True,-5.2277302742004395,0.17780931293964386,5.405539587140083
(4-CH3C6H4)2NH,Cc1ccc(Nc2ccc(C)cc2)cc1,sec-RO2*,-$8.00,16.1,300000.0,333.0,357.5,Amine,Electron Transfer,,139.0,4.2 Table,True,-5.2277302742004395,0.17780931293964386,5.405539587140083
(4-CH3C6H4)2NH,Cc1ccc(Nc2ccc(C)cc2)cc1,tert-RO2*,-$1.10,19.3,94000.0,333.0,357.5,Amine,Electron Transfer,,139.0,4.2 Table,True,-5.2277302742004395,0.17780931293964386,5.405539587140083
(4-(CH3)3CC6H4)2NH,CC(C)(C)c1ccc(Nc2ccc(C(C)(C)C)cc2)cc1,HO2*,-$10.20,15.1,430000.0,333.0,358.8,Amine,Electron Transfer,,140.0,4.2 Table,True,-5.134474754333496,-0.05458078160881996,5.079893972724676
(4-(CH3)3CC6H4)2NH,CC(C)(C)c1ccc(Nc2ccc(C(C)(C)C)cc2)cc1,sec-RO2*,-$6.70,16.7,240000.0,333.0,358.8,Amine,Electron Transfer,,140.0,4.2 Table,True,-5.134474754333496,-0.05458078160881996,5.079893972724676
(4-(CH3)3CC6H4)2NH,CC(C)(C)c1ccc(Nc2ccc(C(C)(C)C)cc2)cc1,tert-RO2*,$0.20,19.9,76000.0,333.0,358.8,Amine,Electron Transfer,,140.0,4.2 Table,True,-5.134474754333496,-0.05458078160881996,5.079893972724676
4-CH3OC6H4NHC6H5,COc1ccc(Nc2ccccc2)cc1,HO2*,-$13.10,13.8,680000.0,333.0,355.9,Amine,Electron Transfer,,141.0,4.2 Table,True,-4.938449859619141,0.19842258095741272,5.136872440576553
4-CH3OC6H4NHC6H5,COc1ccc(Nc2ccccc2)cc1,sec-RO2*,-$9.60,15.4,380000.0,333.0,355.9,Amine,Electron Transfer,,141.0,4.2 Table,True,-4.938449859619141,0.19842258095741272,5.136872440576553
4-CH3OC6H4NHC6H5,COc1ccc(Nc2ccccc2)cc1,tert-RO2*,-$2.70,18.6,120000.0,333.0,355.9,Amine,Electron Transfer,,141.0,4.2 Table,True,-4.938449859619141,0.19842258095741272,5.136872440576553
4-NO2C6H4NHC6H4,O=[N+]([O-])c1ccc(Nc2ccccc2)cc1,HO2*,$3.90,21.8,38000.0,333.0,372.9,Amine,Electron Transfer,,142.0,4.2 Table,True,-5.321139812469482,-1.403283715248108,3.9178560972213745
4-NO2C6H4NHC6H4,O=[N+]([O-])c1ccc(Nc2ccccc2)cc1,sec-RO2*,$7.40,23.5,21000.0,333.0,372.9,Amine,Electron Transfer,,142.0,4.2 Table,True,-5.321139812469482,-1.403283715248108,3.9178560972213745
4-NO2C6H4NHC6H4,O=[N+]([O-])c1ccc(Nc2ccccc2)cc1,tert-RO2*,$14.30,27.0,5800.0,333.0,372.9,Amine,Electron Transfer,,142.0,4.2 Table,True,-5.321139812469482,-1.403283715248108,3.9178560972213745
4-(CH3)3CC6H4NHC6H5,CC(C)(C)c1ccc(Nc2ccccc2)cc1,HO2*,-$8.70,15.8,330000.0,333.0,360.3,Amine,Electron Transfer,,143.0,4.2 Table,True,-4.994101524353027,0.014230061322450638,5.008331585675478
4-(CH3)3CC6H4NHC6H5,CC(C)(C)c1ccc(Nc2ccccc2)cc1,sec-RO2*,-$5.20,17.4,190000.0,333.0,360.3,Amine,Electron Transfer,,143.0,4.2 Table,True,-4.994101524353027,0.014230061322450638,5.008331585675478
4-(CH3)3CC6H4NHC6H5,CC(C)(C)c1ccc(Nc2ccccc2)cc1,tert-RO2*,$1.70,20.7,57000.0,333.0,360.3,Amine,Electron Transfer,,143.0,4.2 Table,True,-4.994101524353027,0.014230061322450638,5.008331585675478
1-C10H7NH2,Nc1cccc2ccccc12,HO2*,$5.70,22.6,57000.0,333.0,374.7,Amine,Electron Transfer,,144.0,4.2 Table,True,-5.335491180419922,-0.14620675146579742,5.1892844289541245
1-C10H7NH2,Nc1cccc2ccccc12,sec-RO2*,$9.20,24.4,30000.0,333.0,374.7,Amine,Electron Transfer,,144.0,4.2 Table,True,-5.335491180419922,-0.14620675146579742,5.1892844289541245
1-C10H7NH2,Nc1cccc2ccccc12,tert-RO2*,$16.10,28.0,8100.0,333.0,374.7,Amine,Electron Transfer,,144.0,4.2 Table,True,-5.335491180419922,-0.14620675146579742,5.1892844289541245
2-C10H7NH2,Nc1ccc2ccccc2c1,HO2*,$10.50,25.1,23000.0,333.0,379.5,Amine,Electron Transfer,,145.0,4.2 Table,True,-5.086105823516846,-0.4508858621120453,4.6352199614048
2-C10H7NH2,Nc1ccc2ccccc2c1,sec-RO2*,$14.00,26.9,12000.0,333.0,379.5,Amine,Electron Transfer,,145.0,4.2 Table,True,-5.086105823516846,-0.4508858621120453,4.6352199614048
2-C10H7NH2,Nc1ccc2ccccc2c1,tert-RO2*,$20.90,30.6,3200.0,333.0,379.5,Amine,Electron Transfer,,145.0,4.2 Table,True,-5.086105823516846,-0.4508856534957886,4.635220170021057
2-C10H7NHC6H4NH-2'-C10H7,c1ccc2cc(Nc3ccc(Nc4ccc5ccccc5c4)cc3)ccc2c1,HO2*,-$22.40,9.8,5800000.0,333.0,346.6,Amine,Electron Transfer,,146.0,4.2 Table,True,-4.787252426147461,-0.8573363423347473,3.9299160838127136
2-C10H7NHC6H4NH-2'-C10H7,c1ccc2cc(Nc3ccc(Nc4ccc5ccccc5c4)cc3)ccc2c1,sec-RO2*,-$18.90,11.3,3400000.0,333.0,346.6,Amine,Electron Transfer,,146.0,4.2 Table,True,-4.787252426147461,-0.8573363423347473,3.9299160838127136
2-C10H7NHC6H4NH-2'-C10H7,c1ccc2cc(Nc3ccc(Nc4ccc5ccccc5c4)cc3)ccc2c1,tert-RO2*,-$12.00,14.3,1100000.0,333.0,346.6,Amine,Electron Transfer,,146.0,4.2 Table,True,-4.787252426147461,-0.8573363423347473,3.9299160838127136
4-C8H17NHC6H4NHC8H17,CCCCCCCCNc1ccc(NCCCCCCCC)cc1,HO2*,-$22.10,10.0,5400000.0,333.0,346.9,Amine,Electron Transfer,,147.0,4.2 Table,True,-5.0502800941467285,0.7228522300720215,5.77313232421875
4-C8H17NHC6H4NHC8H17,CCCCCCCCNc1ccc(NCCCCCCCC)cc1,sec-RO2*,-$18.60,11.4,3300000.0,333.0,346.9,Amine,Electron Transfer,,147.0,4.2 Table,True,-5.0502800941467285,0.7228522300720215,5.77313232421875
4-C8H17NHC6H4NHC8H17,CCCCCCCCNc1ccc(NCCCCCCCC)cc1,tert-RO2*,-$11.70,14.4,1100000.0,333.0,346.9,Amine,Electron Transfer,,147.0,4.2 Table,True,-5.0502800941467285,0.7228522300720215,5.77313232421875
4-C6H5NHC6H4NHC6H5,c1ccc(Nc2ccc(Nc3ccccc3)cc2)cc1,HO2*,-$13.10,13.8,1400000.0,333.0,355.9,Amine,Electron Transfer,,148.0,4.2 Table,True,-4.886590480804443,-0.04270848259329796,4.843881998211145
4-C6H5NHC6H4NHC6H5,c1ccc(Nc2ccc(Nc3ccccc3)cc2)cc1,sec-RO2*,-$9.60,15.4,770000.0,333.0,355.9,Amine,Electron Transfer,,148.0,4.2 Table,True,-4.886590480804443,-0.04270848259329796,4.843881998211145
4-C6H5NHC6H4NHC6H5,c1ccc(Nc2ccc(Nc3ccccc3)cc2)cc1,tert-RO2*,-$2.70,18.6,240000.0,333.0,355.9,Amine,Electron Transfer,,148.0,4.2 Table,True,-4.886590480804443,-0.04270848259329796,4.843881998211145
4-(CH3)2CHNH-4-C6H4NHC6H4CH(CH3)2,CC(C)c1ccc(Nc2ccc(Nc3ccc(C(C)C)cc3)cc2)cc1,HO2*,-$35.40,4.7,37000000.0,333.0,333.6,Amine,Electron Transfer,,149.0,4.2 Table,True,-4.963828086853027,0.014773089438676834,4.978601176291704
4-(CH3)2CHNH-4-C6H4NHC6H4CH(CH3)2,CC(C)c1ccc(Nc2ccc(Nc3ccc(C(C)C)cc3)cc2)cc1,sec-RO2*,-$31.90,6.0,23000000.0,333.0,333.6,Amine,Electron Transfer,,149.0,4.2 Table,True,-4.963828086853027,0.014773089438676834,4.978601176291704
4-(CH3)2CHNH-4-C6H4NHC6H4CH(CH3)2,CC(C)c1ccc(Nc2ccc(Nc3ccc(C(C)C)cc3)cc2)cc1,tert-RO2*,-$25.00,8.8,8300000.0,333.0,333.6,Amine,Electron Transfer,,149.0,4.2 Table,True,-4.963828086853027,0.014773089438676834,4.978601176291704
4-C6H5NHC6H4NHCH(CH3)2,CC(C)Nc1ccc(Nc2ccccc2)cc1,HO2*,-$19.80,10.9,3900000.0,333.0,349.2,Amine,Electron Transfer,,150.0,4.2 Table,True,-4.766127109527588,0.2567934989929199,5.022920608520508
4-C6H5NHC6H4NHCH(CH3)2,CC(C)Nc1ccc(Nc2ccccc2)cc1,sec-RO2*,-$16.30,12.4,2300000.0,333.0,349.2,Amine,Electron Transfer,,150.0,4.2 Table,True,-4.766127109527588,0.2567934989929199,5.022920608520508
4-C6H5NHC6H4NHCH(CH3)2,CC(C)Nc1ccc(Nc2ccccc2)cc1,tert-RO2*,-$9.40,15.5,740000.0,333.0,349.2,Amine,Electron Transfer,,150.0,4.2 Table,True,-4.766127109527588,0.2567934989929199,5.022920608520508
"C6H5NH-1-3,7-[(CH3)3C]2C10H5",CC(C)(C)c1ccc2cc(Nc3ccccc3C(C)(C)C)ccc2c1,HO2*,-$24.10,9.1,3700000.0,333.0,344.9,Amine,Electron Transfer,,151.0,4.2 Table,True,-4.958456039428711,-0.5062457919120789,4.452210247516632
"C6H5NH-1-3,7-[(CH3)3C]2C10H5",CC(C)(C)c1ccc2cc(Nc3ccccc3C(C)(C)C)ccc2c1,sec-RO2*,-$20.60,10.6,2200000.0,333.0,344.9,Amine,Electron Transfer,,151.0,4.2 Table,True,-4.958456039428711,-0.5062457919120789,4.452210247516632
"C6H5NH-1-3,7-[(CH3)3C]2C10H5",CC(C)(C)c1ccc2cc(Nc3ccccc3C(C)(C)C)ccc2c1,tert-RO2*,-$13.70,13.5,760000.0,333.0,344.9,Amine,Electron Transfer,,151.0,4.2 Table,True,-4.958456039428711,-0.5062457919120789,4.452210247516632
1-C10H7NHC6H5,c1ccc(Nc2cccc3ccccc23)cc1,HO2*,-$11.90,14.3,570000.0,333.0,357.1,Amine,Electron Transfer,,152.0,4.2 Table,True,-5.158389091491699,-0.41579627990722656,4.742592811584473
1-C10H7NHC6H5,c1ccc(Nc2cccc3ccccc23)cc1,sec-RO2*,-$8.40,15.9,320000.0,333.0,357.1,Amine,Electron Transfer,,152.0,4.2 Table,True,-5.158389091491699,-0.41579627990722656,4.742592811584473
1-C10H7NHC6H5,c1ccc(Nc2cccc3ccccc23)cc1,tert-RO2*,-$1.50,19.1,100000.0,333.0,357.1,Amine,Electron Transfer,,152.0,4.2 Table,True,-5.158389091491699,-0.41579627990722656,4.742592811584473
2-C10H7NHC6H5,c1ccc(Nc2ccc3ccccc3c2)cc1,HO2*,-$6.10,17.0,220000.0,333.0,362.9,Amine,Electron Transfer,,153.0,4.2 Table,True,-4.94294548034668,-0.5914633870124817,4.351482093334198
2-C10H7NHC6H5,c1ccc(Nc2ccc3ccccc3c2)cc1,sec-RO2*,-$2.60,18.6,120000.0,333.0,362.9,Amine,Electron Transfer,,153.0,4.2 Table,True,-4.94294548034668,-0.5914633870124817,4.351482093334198
2-C10H7NHC6H5,c1ccc(Nc2ccc3ccccc3c2)cc1,tert-RO2*,$4.30,17.8,160000.0,333.0,362.9,Amine,Electron Transfer,,153.0,4.2 Table,True,-4.94294548034668,-0.5914633870124817,4.351482093334198
2-C10H7NH(4'-C6H5O)C6H4,c1ccc(Oc2ccc(Nc3ccc4ccccc4c3)cc2)cc1,HO2*,-$19.50,11.0,1200000.0,333.0,349.5,Amine,Electron Transfer,,154.0,4.2 Table,True,-4.99066686630249,-0.7268566489219666,4.263810217380524
2-C10H7NH(4'-C6H5O)C6H4,c1ccc(Oc2ccc(Nc3ccc4ccccc4c3)cc2)cc1,sec-RO2*,-$16.00,12.5,1100000.0,333.0,349.5,Amine,Electron Transfer,,154.0,4.2 Table,True,-4.99066686630249,-0.7268566489219666,4.263810217380524
2-C10H7NH(4'-C6H5O)C6H4,c1ccc(Oc2ccc(Nc3ccc4ccccc4c3)cc2)cc1,tert-RO2*,-$9.10,15.6,360000.0,333.0,349.5,Amine,Electron Transfer,,154.0,4.2 Table,True,-4.99066686630249,-0.7268566489219666,4.263810217380524
"1,2-cyclo-[C(cyclo-CH2CH2O)CH2C(NH-(cyclo-C6H11))]C6H4",c1ccc(C(CC2CCOC2)NC2CCCCC2)cc1,HO2*,$0.80,20.2,68000.0,333.0,369.8,Amine,Electron Transfer,,155.0,4.2 Table,True,-5.377831935882568,-0.13749007880687714,5.240341857075691
"1,2-cyclo-[C(cyclo-CH2CH2O)CH2C(NH-(cyclo-C6H11))]C6H4",c1ccc(C(CC2CCOC2)NC2CCCCC2)cc1,sec-RO2*,$4.30,21.9,37000.0,333.0,369.8,Amine,Electron Transfer,,155.0,4.2 Table,True,-5.377831935882568,-0.13749007880687714,5.240341857075691
"1,2-cyclo-[C(cyclo-CH2CH2O)CH2C(NH-(cyclo-C6H11))]C6H4",c1ccc(C(CC2CCOC2)NC2CCCCC2)cc1,tert-RO2*,$11.20,25.4,10000.0,333.0,369.8,Amine,Electron Transfer,,155.0,4.2 Table,True,-5.377831935882568,-0.13749007880687714,5.240341857075691
1-[NHC6H4-4'-C(CH3)3]-4-(CH3)3CC10H6,CC(C)(C)c1ccc(Nc2ccc3cc(C(C)(C)C)ccc3c2)cc1,HO2*,-$16.90,12.1,1300000.0,333.0,352.1,Amine,Electron Transfer,,156.0,4.2 Table,True,-5.122799396514893,-0.5008150339126587,4.621984362602234
1-[NHC6H4-4'-C(CH3)3]-4-(CH3)3CC10H6,CC(C)(C)c1ccc(Nc2ccc3cc(C(C)(C)C)ccc3c2)cc1,sec-RO2*,-$13.40,13.7,710000.0,333.0,352.1,Amine,Electron Transfer,,156.0,4.2 Table,True,-5.122799396514893,-0.5008150339126587,4.621984362602234
1-[NHC6H4-4'-C(CH3)3]-4-(CH3)3CC10H6,CC(C)(C)c1ccc(Nc2ccc3cc(C(C)(C)C)ccc3c2)cc1,tert-RO2*,-$6.50,16.8,230000.0,333.0,352.1,Amine,Electron Transfer,,156.0,4.2 Table,True,-5.122799396514893,-0.5008150339126587,4.621984362602234
"1,2-cyclo-[C(CH3)CH2C(CH3)2NH]C6H4",CC1CC(N)C(C)(C)C1c1ccccc1,HO2*,-$0.50,19.6,84000.0,333.0,368.5,Amine,Electron Transfer,,157.0,4.2 Table,True,-5.492455959320068,0.13579075038433075,5.628246709704399
"1,2-cyclo-[C(CH3)CH2C(CH3)2NH]C6H4",CC1CC(N)C(C)(C)C1c1ccccc1,sec-RO2*,$3.00,21.3,46000.0,333.0,368.5,Amine,Electron Transfer,,157.0,4.2 Table,True,-5.492455959320068,0.13579075038433075,5.628246709704399
"1,2-cyclo-[C(CH3)CH2C(CH3)2NH]C6H4",CC1CC(N)C(C)(C)C1c1ccccc1,tert-RO2*,$9.90,24.8,13000.0,333.0,368.5,Amine,Electron Transfer,,157.0,4.2 Table,True,-5.492455959320068,0.13579075038433075,5.628246709704399
1-C??H?SH,Sc1cccc2ccccc12,HO*,-$40.60,10.9,620000.0,333.0,328.4,Thiophenol,Hydrogen Abstraction,,243.0,6.2 Table,True,-6.273806571960449,-0.6878412365913391,5.58596533536911
1-C??H?SH,Sc1cccc2ccccc12,sec-RO*,-$37.10,11.9,130000.0,333.0,328.4,Thiophenol,Hydrogen Abstraction,,243.0,6.2 Table,True,-6.273806571960449,-0.6878412365913391,5.58596533536911
1-C??H?SH,Sc1cccc2ccccc12,tert-RO*,-$30.20,13.9,210000.0,333.0,328.4,Thiophenol,Hydrogen Abstraction,,243.0,6.2 Table,True,-6.273806571960449,-0.6878412365913391,5.58596533536911
2-C??H?SH,Sc1ccc2ccccc2c1,HO*,-$42.20,10.5,720000.0,333.0,326.8,Thiophenol,Hydrogen Abstraction,,244.0,6.2 Table,True,-5.983951091766357,-0.9899020195007324,4.994049072265625
2-C??H?SH,Sc1ccc2ccccc2c1,sec-RO*,-$38.70,11.4,520000.0,333.0,326.8,Thiophenol,Hydrogen Abstraction,,244.0,6.2 Table,True,-5.983951091766357,-0.9899020195007324,4.994049072265625
2-C??H?SH,Sc1ccc2ccccc2c1,tert-RO*,-$31.80,13.4,250000.0,333.0,326.8,Thiophenol,Hydrogen Abstraction,,244.0,6.2 Table,True,-5.983951091766357,-0.9899020195007324,4.994049072265625
C?H?SH,Sc1ccccc1,HO*,-$30.90,13.7,230000.0,333.0,338.1,Thiophenol,Hydrogen Abstraction,,245.0,6.2 Table,True,-6.3940019607543945,-0.252057820558548,6.141944140195847
C?H?SH,Sc1ccccc1,sec-RO*,-$27.40,14.7,160000.0,333.0,338.1,Thiophenol,Hydrogen Abstraction,,245.0,6.2 Table,True,-6.3940019607543945,-0.252057820558548,6.141944140195847
C?H?SH,Sc1ccccc1,tert-RO*,-$20.50,16.9,71000.0,333.0,338.1,Thiophenol,Hydrogen Abstraction,,245.0,6.2 Table,True,-6.3940019607543945,-0.252057820558548,6.141944140195847
3-ClC?H?SH,Sc1cccc(Cl)c1,HO*,-$33.20,13.0,290000.0,333.0,335.8,Thiophenol,Hydrogen Abstraction,,246.0,6.2 Table,True,-6.3937668800354,-0.7370507121086121,5.656716167926788
3-ClC?H?SH,Sc1cccc(Cl)c1,sec-RO*,-$29.70,14.0,200000.0,333.0,335.8,Thiophenol,Hydrogen Abstraction,,246.0,6.2 Table,True,-6.3937668800354,-0.7370507121086121,5.656716167926788
3-ClC?H?SH,Sc1cccc(Cl)c1,tert-RO*,-$22.80,16.1,95000.0,333.0,335.8,Thiophenol,Hydrogen Abstraction,,246.0,6.2 Table,True,-6.3937668800354,-0.7370507121086121,5.656716167926788
4-ClC?H?SH,Sc1ccc(Cl)cc1,HO*,-$34.90,12.5,350000.0,333.0,334.1,Thiophenol,Hydrogen Abstraction,,247.0,6.2 Table,True,-6.5064802169799805,-0.7478598952293396,5.758620321750641
4-ClC?H?SH,Sc1ccc(Cl)cc1,sec-RO*,-$31.40,13.5,240000.0,333.0,334.1,Thiophenol,Hydrogen Abstraction,,247.0,6.2 Table,True,-6.5064802169799805,-0.7478598952293396,5.758620321750641
4-ClC?H?SH,Sc1ccc(Cl)cc1,tert-RO*,-$24.50,15.6,110000.0,333.0,334.1,Thiophenol,Hydrogen Abstraction,,247.0,6.2 Table,True,-6.5064802169799805,-0.7478598952293396,5.758620321750641
4-CH?CH?OC?H?SH,CCOc1ccc(S)cc1,HO*,-$39.40,11.3,540000.0,333.0,329.6,Thiophenol,Hydrogen Abstraction,,248.0,6.2 Table,True,-5.763809680938721,-0.11128506064414978,5.652524620294571
4-CH?CH?OC?H?SH,CCOc1ccc(S)cc1,sec-RO*,-$35.90,12.2,390000.0,333.0,329.6,Thiophenol,Hydrogen Abstraction,,248.0,6.2 Table,True,-5.763809680938721,-0.11128506064414978,5.652524620294571
4-CH?CH?OC?H?SH,CCOc1ccc(S)cc1,tert-RO*,-$29.00,14.2,190000.0,333.0,329.6,Thiophenol,Hydrogen Abstraction,,248.0,6.2 Table,True,-5.763809680938721,-0.11128506064414978,5.652524620294571
4-CH?OC?H?SH,COc1ccc(S)cc1,HO*,-$39.70,11.2,560000.0,333.0,329.3,Thiophenol,Hydrogen Abstraction,,249.0,6.2 Table,True,-5.735080242156982,-0.18161091208457947,5.553469330072403
4-CH?OC?H?SH,COc1ccc(S)cc1,sec-RO*,-$36.20,12.1,400000.0,333.0,329.3,Thiophenol,Hydrogen Abstraction,,249.0,6.2 Table,True,-5.735080242156982,-0.18161091208457947,5.553469330072403
4-CH?OC?H?SH,COc1ccc(S)cc1,tert-RO*,-$29.30,14.2,190000.0,333.0,329.3,Thiophenol,Hydrogen Abstraction,,249.0,6.2 Table,True,-5.735080242156982,-0.18161091208457947,5.553469330072403
3-CH?C?H?SH,Cc1cccc(S)c1,HO*,-$30.90,13.7,230000.0,333.0,338.1,Thiophenol,Hydrogen Abstraction,,250.0,6.2 Table,True,-5.931655406951904,-0.373311847448349,5.558343559503555
3-CH?C?H?SH,Cc1cccc(S)c1,sec-RO*,-$27.40,14.7,160000.0,333.0,338.1,Thiophenol,Hydrogen Abstraction,,250.0,6.2 Table,True,-5.931655406951904,-0.373311847448349,5.558343559503555
3-CH?C?H?SH,Cc1cccc(S)c1,tert-RO*,-$20.50,16.9,71000.0,333.0,338.1,Thiophenol,Hydrogen Abstraction,,250.0,6.2 Table,True,-5.931655406951904,-0.373311847448349,5.558343559503555
4-CH?C?H?SH,Cc1ccc(S)cc1,HO*,-$34.20,12.7,330000.0,333.0,334.8,Thiophenol,Hydrogen Abstraction,,251.0,6.2 Table,True,-5.933660984039307,-0.2285560965538025,5.705104887485504
4-CH?C?H?SH,Cc1ccc(S)cc1,sec-RO*,-$30.70,13.7,230000.0,333.0,334.8,Thiophenol,Hydrogen Abstraction,,251.0,6.2 Table,True,-5.933660984039307,-0.2285560965538025,5.705104887485504
4-CH3C6H4SH,Cc1ccc(S)cc1,tert-RO2*,-$23.80,15.8,110000.0,333.0,334.8,Thiophenol,Hydrogen Abstraction,,251.0,6.2 Table,True,-5.933660984039307,-0.2285560965538025,5.705104887485504
4-(CH3)3CC6H4SH,CC(C)(C)c1ccc(S)cc1,HO2*,-$31.30,13.5,240000.0,333.0,337.7,Thiophenol,Hydrogen Abstraction,,252.0,6.2 Table,True,-6.051101207733154,-0.20867511630058289,5.842426091432571
4-(CH3)3CC6H4SH,CC(C)(C)c1ccc(S)cc1,sec-RO2*,-$27.80,14.6,160000.0,333.0,337.7,Thiophenol,Hydrogen Abstraction,,252.0,6.2 Table,True,-6.051101207733154,-0.20867511630058289,5.842426091432571
4-(CH3)3CC6H4SH,CC(C)(C)c1ccc(S)cc1,tert-RO2*,-$20.90,16.7,77000.0,333.0,337.7,Thiophenol,Hydrogen Abstraction,,252.0,6.2 Table,True,-6.051101207733154,-0.20867511630058289,5.842426091432571
4-F3CC6H4SH,FC(F)(F)c1ccc(S)cc1,HO2*,-$30.40,13.9,210000.0,333.0,338.6,Thiophenol,Hydrogen Abstraction,,253.0,6.2 Table,True,-6.4846320152282715,-1.0068668127059937,5.477765202522278
4-F3CC6H4SH,FC(F)(F)c1ccc(S)cc1,sec-RO2*,-$26.90,14.9,150000.0,333.0,338.6,Thiophenol,Hydrogen Abstraction,,253.0,6.2 Table,True,-6.4846320152282715,-1.0068668127059937,5.477765202522278
4-F3CC6H4SH,FC(F)(F)c1ccc(S)cc1,tert-RO2*,-$20.00,17.0,69000.0,333.0,338.6,Thiophenol,Hydrogen Abstraction,,253.0,6.2 Table,True,-6.4846320152282715,-1.0068668127059937,5.477765202522278
"2,4,6-(CH3)3C6H2SH",Cc1cc(C)c(S)c(C)c1,HO2*,-$32.40,13.3,260000.0,333.0,336.6,Thiophenol,Hydrogen Abstraction,,254.0,6.2 Table,True,-5.783714771270752,-0.14728952944278717,5.636425241827965
"2,4,6-(CH3)3C6H2SH",Cc1cc(C)c(S)c(C)c1,sec-RO2*,-$28.90,14.3,180000.0,333.0,336.6,Thiophenol,Hydrogen Abstraction,,254.0,6.2 Table,True,-5.783714771270752,-0.14728952944278717,5.636425241827965
"2,4,6-(CH3)3C6H2SH",Cc1cc(C)c(S)c(C)c1,tert-RO2*,-$22.00,16.4,86000.0,333.0,336.6,Thiophenol,Hydrogen Abstraction,,254.0,6.2 Table,True,-5.783714771270752,-0.14728952944278717,5.636425241827965
cyclo-[-CH(NOH)(CH2)3-CH(CH2)3],ONC1CCCCCCC1,sec-RO2*,-$46.70,5.4,4600000.0,333.0,318.81,Hydroxylamine,Hydrogen Abstraction,,158.0,5.2 Table,True,-6.811834812164307,2.011218786239624,8.82305359840393
cyclo-[-CH(NOH)(CH2)2-CH(CH2)3],ONC1CCCCCC1,sec-RO2*,-$43.30,6.7,2800000.0,333.0,322.2,Hydroxylamine,Hydrogen Abstraction,,159.0,5.2 Table,True,-6.722368240356445,1.8917428255081177,8.614111065864563
cyclo-[C(CH3)2CH2C(O)NHCH2C(CH3)2N(OH)],CC1(C)CNC(=O)CC(C)(C)N1O,sec-RO2*,-$61.20,0.3,29000000.0,333.0,304.3,Hydroxylamine,Hydrogen Abstraction,,160.0,5.2 Table,True,-5.930851459503174,0.6542471051216125,6.585098564624786
cyclo-[C(CH3)2C(4'-FC6H4)=NC(CH3)2N(OH)],CC(C)C(=NC(C)(C)NO)c1ccc(F)cc1,sec-RO2*,-$68.40,0.0,32000000.0,333.0,296.1,Hydroxylamine,Hydrogen Abstraction,,163.0,5.2 Table,True,-6.005440711975098,-0.6191902756690979,5.386250436306
cyclo-[C(CH3)2C(CH3)=NC(CH3)2N(OH)],CC(=NC(C)(C)NO)C(C)C,sec-RO2*,-$70.40,0.0,32000000.0,333.0,295.2,Hydroxylamine,Hydrogen Abstraction,,166.0,5.2 Table,True,-5.635310649871826,0.811077892780304,6.44638854265213
cyclo-[C(CH3)2C(4'-CH3C6H4)=NC(CH3)2N(OH)],Cc1ccc(C(=NC(C)(C)NO)C(C)C)cc1,sec-RO2*,-$67.50,0.0,32000000.0,333.0,296.9,Hydroxylamine,Hydrogen Abstraction,,167.0,5.2 Table,True,-5.957294940948486,-0.2990143895149231,5.658280551433563
cyclo-[C(CH3)2C(CH3)2N=C(C6H5)N(OH)],CC(C)C(C)(C)N=C(NO)c1ccccc1,sec-RO2*,-$53.50,2.9,11000000.0,333.0,312.2,Hydroxylamine,Hydrogen Abstraction,,172.0,5.2 Table,True,-5.622852802276611,-0.28293853998184204,5.339914262294769
cyclo-[C(CH3)2C(C6H5)=N(O)C(CH3)[N(CH3)OH]N(OH)],CC(C)C(c1ccccc1)=[N+]([O-])C(C)N(O)N(C)O,sec-RO2*,-$55.50,2.2,14000000.0,333.0,310.0,Hydroxylamine,Hydrogen Abstraction,,173.0,5.2 Table,True,-5.463388442993164,-0.5246012806892395,4.938787162303925
cyclo-[C(CH3)2C(CH3)=N(O)C(CH3)2N(OH)],CC(C(C)C)=[N+]([O-])C(C)(C)NO,sec-RO2*,-$59.70,0.8,24000000.0,333.0,305.8,Hydroxylamine,Hydrogen Abstraction,,174.0,5.2 Table,True,-5.82451868057251,-0.5912984013557434,5.233220279216766
cyclo-[C(CH3)2C(CHBr2)=N(O)C(CH3)2N(OH)],CC(C)C(C(Br)Br)=[N+]([O-])C(C)(C)NO,sec-RO2*,-$54.10,2.7,12000000.0,333.0,311.4,Hydroxylamine,Hydrogen Abstraction,,178.0,5.2 Table,True,-6.26885986328125,-1.5916270017623901,4.67723286151886
cyclo-[C(CH3)2C(CH2Br)=N(O)C(CH3)2N(OH)],CC(C)C(CBr)=[N+]([O-])C(C)(C)NO,sec-RO2*,-$59.20,0.97,23000000.0,333.0,306.3,Hydroxylamine,Hydrogen Abstraction,,183.0,5.2 Table,True,-5.98861837387085,-1.067305326461792,4.921313047409058
cyclo-[C(CH3)2C(4'-CH3OC6H4)=N(O)C(CH3)2N(OH)],COc1ccc(C(C(C)C)=[N+]([O-])C(C)(C)NO)cc1,sec-RO2*,-$62.30,0.0,32000000.0,333.0,303.2,Hydroxylamine,Hydrogen Abstraction,,185.0,5.2 Table,True,-5.310990810394287,-1.1047780513763428,4.206212759017944
"1,2-C6H3[C(C6H5)3]-cyclo-[C(CH3)=CHC(CH3)2N(OH)]",CC(=CC(C)(C)NO)c1ccc(C(c2ccccc2)(c2ccccc2)c2ccccc2)cc1,sec-RO2*,-$76.00,0.0,32000000.0,333.0,289.5,Hydroxylamine,Hydrogen Abstraction,,200.0,5.2 Table,True,-5.687902927398682,-0.6558186411857605,5.032084286212921
C8H13[(CH3)3C]NOH,CC(C)(C)N(O)C1CCC=CCCC1,sec-RO2*,-$30.80,11.7,470000.0,333.0,334.7,Hydroxylamine,Hydrogen Abstraction,,201.0,5.2 Table,True,-5.863616466522217,0.6824362874031067,6.5460527539253235
C6H5C(O)[(CH3)3C]NOH,CC(C)(C)N(O)C(=O)c1ccccc1,sec-RO2*,-$42.50,7.0,2600000.0,333.0,323.0,Hydroxylamine,Hydrogen Abstraction,,202.0,5.2 Table,True,-6.176157474517822,-0.8748325705528259,5.301324903964996
[(CH3)3C]2C=NOH,CC(C)(C)C(=NO)C(C)(C)C,sec-RO2*,-$27.00,13.3,260000.0,333.0,338.5,Hydroxylamine,Hydrogen Abstraction,,207.0,5.2 Table,True,-6.6425251960754395,-0.44439971446990967,6.19812548160553
(CF3)2NOH,ON(C(F)(F)F)C(F)(F)F,sec-RO2*,-$19.80,11.9,440000.0,333.0,345.7,Hydroxylamine,Hydrogen Abstraction,,208.0,5.2 Table,True,-7.905250072479248,0.15239638090133667,8.057646453380585
(CH3)2CHN(OH)C(CH3)3,CC(C)N(O)C(C)(C)C,sec-RO2*,-$12.80,19.6,27000.0,333.0,352.7,Hydroxylamine,Hydrogen Abstraction,,209.0,5.2 Table,True,-6.321445465087891,2.060467004776001,8.381912469863892
(CH3)2CHCH2C(O)N(OH)C(CH3)3,CC(C)CC(=O)N(O)C(C)(C)C,sec-RO2*,-$49.00,4.6,6100000.0,333.0,316.5,Hydroxylamine,Hydrogen Abstraction,,211.0,5.2 Table,True,-6.281435966491699,0.7341366410255432,7.015572607517242
4-NO2C6H4N(OH)C(CH3)3,CC(C)(C)N(O)c1ccc([N+](=O)[O-])cc1,sec-RO2*,-$29.90,12.0,420000.0,333.0,335.6,Hydroxylamine,Hydrogen Abstraction,,212.0,5.2 Table,True,-6.3412861824035645,-1.4839911460876465,4.857295036315918
C6H5CH=CHC(O)N(OH)C(CH3)3,CC(C)(C)N(O)C(=O)C=Cc1ccccc1,sec-RO2*,-$44.10,6.4,3200000.0,333.0,321.4,Hydroxylamine,Hydrogen Abstraction,,213.0,5.2 Table,True,-6.0464301109313965,-1.6199113130569458,4.426518797874451
4-C6H5C6H4C(O)N(OH)C(CH3)3,CC(C)(C)N(O)C(=O)c1ccc(-c2ccccc2)cc1,sec-RO2*,-$41.10,7.5,2100000.0,333.0,324.5,Hydroxylamine,Hydrogen Abstraction,,214.0,5.2 Table,True,-5.939280033111572,-0.971129298210144,4.968150734901428
C6H5CH2CH2C(O)N(OH)C(CH3)3,CC(C)(C)N(O)C(=O)CCc1ccccc1,sec-RO2*,-$46.90,5.3,4700000.0,333.0,318.6,Hydroxylamine,Hydrogen Abstraction,,215.0,5.2 Table,True,-5.994580268859863,-0.03204065188765526,5.962539616972208
CH3(CH2)9C(O)N(OH)C(CH3)3,CCCCCCCCCCC(=O)N(O)C(C)(C)C,sec-RO2*,-$48.30,4.8,5700000.0,333.0,317.2,Hydroxylamine,Hydrogen Abstraction,,216.0,5.2 Table,True,-6.439990043640137,1.2761553525924683,7.716145396232605
cyclo-[C(CH3)2(CH2)3C(CH3)2N(OH)],CC1(C)CCC(C)(C)N(O)C1,sec-RO2*,-$74.30,0.0,32000000.0,333.0,291.2,Hydroxylamine,Hydrogen Abstraction,,217.0,5.2 Table,True,-6.268249988555908,2.1754262447357178,8.443676233291626
cyclo-[C(CH3)2CH2CH(OC(O)C6H5)CH2C(CH3)2N(OH)],CC1(C)CC(OC(=O)c2ccccc2)CC(C)(C)N1O,sec-RO2*,-$65.20,0.0,32000000.0,333.0,300.3,Hydroxylamine,Hydrogen Abstraction,,218.0,5.2 Table,True,-6.140864849090576,-0.9321578145027161,5.20870703458786
cyclo-[C(CH3)2CHBrC(O)CH2C(CH3)2N(OH)],CC1(C)CC(=O)C(Br)C(C)(C)N1O,sec-RO2*,-$62.10,0.0,32000000.0,333.0,303.4,Hydroxylamine,Hydrogen Abstraction,,219.0,5.2 Table,True,-6.364941120147705,-1.1625832319259644,5.202357888221741
cyclo-[C(CH3)2CHClC(O)CH2C(CH3)2N(OH)],CC1(C)CC(=O)C(Cl)C(C)(C)N1O,sec-RO2*,-$67.80,0.0,32000000.0,333.0,307.9,Hydroxylamine,Hydrogen Abstraction,,220.0,5.2 Table,True,-6.324277400970459,-0.9559970498085022,5.368280351161957
cyclo-[C(CH3)2CH2CH(OH)CH2C(CH3)2N(OH)],CC1(C)CC(O)CC(C)(C)N1O,sec-RO2*,-$63.30,0.0,32000000.0,333.0,302.2,Hydroxylamine,Hydrogen Abstraction,,221.0,5.2 Table,True,-6.1272149085998535,1.7474418878555298,7.874656796455383
cyclo-[C(CH3)2CH2C(O)CH2C(CH3)2N(OH)],CC1(C)CC(=O)CC(C)(C)N1O,sec-RO2*,-$65.10,0.0,32000000.0,333.0,300.4,Hydroxylamine,Hydrogen Abstraction,,222.0,5.2 Table,True,-6.018170356750488,-0.2143220156431198,5.8038483411073685
cyclo-[C(CH3)2CH(C(O)NH2)CH2C(CH3)2N(OH)],CC1(C)CC(C(N)=O)C(C)(C)N1O,sec-RO2*,-$74.50,0.0,32000000.0,333.0,291.0,Hydroxylamine,Hydrogen Abstraction,,223.0,5.2 Table,True,-6.436975955963135,-1.0667647123336792,5.370211243629456
cyclo-[C(CH3)2CH(C(O)OH)CH2C(CH3)2N(OH)],CC1(C)CC(C(=O)O)C(C)(C)N1O,sec-RO2*,-$75.40,0.0,32000000.0,333.0,290.1,Hydroxylamine,Hydrogen Abstraction,,224.0,5.2 Table,True,-6.4373345375061035,0.5640839338302612,7.001418471336365
cyclo-[C(CH3)2CH(OH)CH2C(CH3)2N(OH)],CC1(C)CC(O)C(C)(C)N1O,sec-RO2*,-$76.40,0.0,32000000.0,333.0,289.1,Hydroxylamine,Hydrogen Abstraction,,225.0,5.2 Table,True,-6.235965251922607,1.760871171951294,7.996836423873901
cyclo-[C(CH3)2C(O)CH2C(CH3)2N(OH)],CC1(C)CC(=O)C(C)(C)N1O,sec-RO2*,-$66.80,0.0,32000000.0,333.0,298.7,Hydroxylamine,Hydrogen Abstraction,,226.0,5.2 Table,True,-6.169084072113037,-0.5393397808074951,5.629744291305542
cyclo-[C(CH3)2C(O)N(OH)C(CH3)2N(OH)],CC1(C)C(=O)N(O)C(C)(C)N(O)N1O,sec-RO2*,-$59.50,0.87,23000000.0,333.0,300.9,Hydroxylamine,Hydrogen Abstraction,,227.0,5.2 Table,True,-6.156722068786621,-0.10350412130355835,6.053217947483063
cyclo-[C(CH3)2N(O)=C(CH3)CH2C(CH3)2N(OH)],CC(C)CC(N(O)C(C)C)=[N+](C)[O-],sec-RO2*,-$56.70,1.2,65000000.0,333.0,308.8,Hydroxylamine,Hydrogen Abstraction,,232.0,5.2 Table,True,-5.656565189361572,0.18894647061824799,5.84551165997982
cyclo-[C(CH3)2CH2C(C6H5)=CHC(CH3)2N(OH)],CC1(C)CC(=Cc2ccccc2)CC(C)(C)N1O,sec-RO2*,-$69.60,0.0,32000000.0,333.0,295.9,Hydroxylamine,Hydrogen Abstraction,,235.0,5.2 Table,True,-5.774906635284424,0.19631099700927734,5.971217632293701
"1,2-C6H3[C(C6H5)3]-cyclo-[C(CH3)(C6H5)CH2C(CH3)2N(OH)]",CC(C)(CC(C)(c1ccccc1)c1ccc(C(c2ccccc2)(c2ccccc2)c2ccccc2)cc1)NO,sec-RO2*,-$72.70,0.0,32000000.0,333.0,292.8,Hydroxylamine,Hydrogen Abstraction,,237.0,5.2 Table,True,-5.506399154663086,-0.6024208664894104,4.9039782881736755
cyclo-[-CH(NOH)(CH2)3-CH(CH2)3],ONC1CCCCCCC1,tert-RO2*,-$39.80,8.0,1800000.0,333.0,318.81,Hydroxylamine,Hydrogen Abstraction,,158.0,5.3 Table,True,-6.811834335327148,2.011218547821045,8.823052883148193
cyclo-[-CH(NOH)(CH2)2-CH(CH2)3],ONC1CCCCCC1,tert-RO2*,-$36.40,9.4,1100000.0,333.0,322.2,Hydroxylamine,Hydrogen Abstraction,,159.0,5.3 Table,True,-6.722368240356445,1.8917429447174072,8.614111185073853
cyclo-[C(CH3)2CH2C(O)NHCH2C(CH3)2N(OH)],CC1(C)CNC(=O)CC(C)(C)N1O,tert-RO2*,-$54.30,2.7,12000000.0,333.0,304.3,Hydroxylamine,Hydrogen Abstraction,,160.0,5.3 Table,True,-5.930851459503174,0.6542473435401917,6.5850988030433655
cyclo-[C(CH3)2C(4'-FC6H4)=NC(CH3)2N(OH)],CC(C)C(=NC(C)(C)NO)c1ccc(F)cc1,tert-RO2*,-$61.50,0.2,30000000.0,333.0,296.1,Hydroxylamine,Hydrogen Abstraction,,163.0,5.3 Table,True,-6.005440711975098,-0.6191897988319397,5.386250913143158
cyclo-[C(CH3)2C(CH3)=NC(CH3)2N(OH)],CC(=NC(C)(C)NO)C(C)C,tert-RO2*,-$63.50,0.0,32000000.0,333.0,295.2,Hydroxylamine,Hydrogen Abstraction,,166.0,5.3 Table,True,-5.63530969619751,0.8110784888267517,6.4463881850242615
cyclo-[C(CH3)2C(4'-CH3C6H4)=NC(CH3)2N(OH)],Cc1ccc(C(=NC(C)(C)NO)C(C)C)cc1,tert-RO2*,-$60.60,0.5,27000000.0,333.0,296.9,Hydroxylamine,Hydrogen Abstraction,,167.0,5.3 Table,True,-5.957294940948486,-0.299014687538147,5.658280253410339
cyclo-[C(CH3)2C(CH3)2N=C(C6H5)N(OH)],CC(C)C(C)(C)N=C(NO)c1ccccc1,tert-RO2*,-$46.40,5.5,4400000.0,333.0,312.2,Hydroxylamine,Hydrogen Abstraction,,172.0,5.3 Table,True,-5.622852802276611,-0.28293880820274353,5.339913994073868
cyclo-[C(CH3)2C(C6H5)=N(O)C(CH3)[N(CH3)OH]N(OH)],CC(C)C(c1ccccc1)=[N+]([O-])C(C)N(O)N(C)O,tert-RO2*,-$48.60,4.7,5900000.0,333.0,310.0,Hydroxylamine,Hydrogen Abstraction,,173.0,5.3 Table,True,-5.463388442993164,-0.5246010422706604,4.938787400722504
cyclo-[C(CH3)2C(CH3)=N(O)C(CH3)2N(OH)],CC(C(C)C)=[N+]([O-])C(C)(C)NO,tert-RO2*,-$52.80,3.2,10000000.0,333.0,305.8,Hydroxylamine,Hydrogen Abstraction,,174.0,5.3 Table,True,-5.82451868057251,-0.5912985801696777,5.233220100402832
cyclo-[C(CH3)2C(CHBr2)=N(O)C(CH3)2N(OH)],CC(C)C(C(Br)Br)=[N+]([O-])C(C)(C)NO,tert-RO2*,-$47.20,5.2,4900000.0,333.0,311.4,Hydroxylamine,Hydrogen Abstraction,,178.0,5.3 Table,True,-6.268860340118408,-1.5916270017623901,4.677233338356018
cyclo-[C(CH3)2C(CH2Br)=N(O)C(CH3)2N(OH)],CC(C)C(CBr)=[N+]([O-])C(C)(C)NO,tert-RO2*,-$52.30,3.4,9400000.0,333.0,306.3,Hydroxylamine,Hydrogen Abstraction,,183.0,5.3 Table,True,-5.98861837387085,-1.067305326461792,4.921313047409058
cyclo-[C(CH3)2C(4'-CH3OC6H4)=N(O)C(CH3)2N(OH)],COc1ccc(C(C(C)C)=[N+]([O-])C(C)(C)NO)cc1,tert-RO2*,-$55.40,2.3,14000000.0,333.0,303.2,Hydroxylamine,Hydrogen Abstraction,,185.0,5.3 Table,True,-5.310990810394287,-1.1047778129577637,4.206212997436523
"1,2-C6H3[C(C6H5)3]-cyclo-[C(CH3)=CHC(CH3)2N(OH)]",CC(=CC(C)(C)NO)c1ccc(C(c2ccccc2)(c2ccccc2)c2ccccc2)cc1,tert-RO2*,-$69.10,0.0,32000000.0,333.0,289.5,Hydroxylamine,Hydrogen Abstraction,,200.0,5.3 Table,True,-5.687902927398682,-0.6558187007904053,5.032084226608276
C8H13[(CH3)3C]NOH,CC(C)(C)N(O)C1CCC=CCCC1,tert-RO2*,-$23.90,14.6,160000.0,333.0,334.7,Hydroxylamine,Hydrogen Abstraction,,201.0,5.3 Table,True,-5.863617420196533,0.6824362277984619,6.546053647994995
C6H5C(O)[(CH3)3C]NOH,CC(C)(C)N(O)C(=O)c1ccccc1,tert-RO2*,-$35.60,9.7,960000.0,333.0,323.0,Hydroxylamine,Hydrogen Abstraction,,202.0,5.3 Table,True,-6.176156997680664,-0.8748325705528259,5.301324427127838
[(CH3)3C]2C=NOH,CC(C)(C)C(=NO)C(C)(C)C,tert-RO2*,-$20.10,16.3,89000.0,333.0,338.5,Hydroxylamine,Hydrogen Abstraction,,207.0,5.3 Table,True,-6.642525672912598,-0.44439974427223206,6.198125928640366
(CF3)2NOH,ON(C(F)(F)F)C(F)(F)F,tert-RO2*,-$12.90,19.5,28000.0,333.0,345.7,Hydroxylamine,Hydrogen Abstraction,,208.0,5.3 Table,True,-7.905250072479248,0.15239666402339935,8.057646736502647
(CH3)2CHN(OH)C(CH3)3,CC(C)N(O)C(C)(C)C,tert-RO2*,-$5.90,22.9,8200.0,333.0,352.7,Hydroxylamine,Hydrogen Abstraction,,209.0,5.3 Table,True,-6.321444988250732,2.060467004776001,8.381911993026733
(CH3)2CHCH2C(O)N(OH)C(CH3)3,CC(C)CC(=O)N(O)C(C)(C)C,tert-RO2*,-$42.10,7.1,2500000.0,333.0,316.5,Hydroxylamine,Hydrogen Abstraction,,211.0,5.3 Table,True,-6.281436443328857,0.7341365218162537,7.015572965145111
4-NO2C6H4N(OH)C(CH3)3,CC(C)(C)N(O)c1ccc([N+](=O)[O-])cc1,tert-RO2*,-$23.00,15.0,140000.0,333.0,335.6,Hydroxylamine,Hydrogen Abstraction,,212.0,5.3 Table,True,-6.3412861824035645,-1.483991026878357,4.8572951555252075
C6H5CH=CHC(O)N(OH)C(CH3)3,CC(C)(C)N(O)C(=O)C=Cc1ccccc1,tert-RO2*,-$37.20,9.1,1200000.0,333.0,321.4,Hydroxylamine,Hydrogen Abstraction,,213.0,5.3 Table,True,-6.0464301109313965,-1.6199111938476562,4.42651891708374
4-C6H5C6H4C(O)N(OH)C(CH3)3,CC(C)(C)N(O)C(=O)c1ccc(-c2ccccc2)cc1,tert-RO2*,-$34.20,10.3,780000.0,333.0,324.5,Hydroxylamine,Hydrogen Abstraction,,214.0,5.3 Table,True,-5.939280033111572,-0.9711294770240784,4.968150556087494
C6H5CH2CH2C(O)N(OH)C(CH3)3,CC(C)(C)N(O)C(=O)CCc1ccccc1,tert-RO2*,-$40.00,8.0,1800000.0,333.0,318.6,Hydroxylamine,Hydrogen Abstraction,,215.0,5.3 Table,True,-5.9945807456970215,-0.03204062208533287,5.962540123611689
CH3(CH2)9C(O)N(OH)C(CH3)3,CCCCCCCCCCC(=O)N(O)C(C)(C)C,tert-RO2*,-$41.40,7.4,2200000.0,333.0,317.2,Hydroxylamine,Hydrogen Abstraction,,216.0,5.3 Table,True,-6.439990043640137,1.2761553525924683,7.716145396232605
cyclo-[C(CH3)2(CH2)3C(CH3)2N(OH)],CC1(C)CCC(C)(C)N(O)C1,tert-RO2*,-$67.40,0.0,32000000.0,333.0,291.2,Hydroxylamine,Hydrogen Abstraction,,217.0,5.3 Table,True,-6.268249988555908,2.1754262447357178,8.443676233291626
cyclo-[C(CH3)2CH2CH(OC(O)C6H5)CH2C(CH3)2N(OH)],CC1(C)CC(OC(=O)c2ccccc2)CC(C)(C)N1O,tert-RO2*,-$58.30,1.3,20000000.0,333.0,300.3,Hydroxylamine,Hydrogen Abstraction,,218.0,5.3 Table,True,-6.140864849090576,-0.9321578145027161,5.20870703458786
cyclo-[C(CH3)2CHBrC(O)CH2C(CH3)2N(OH)],CC1(C)CC(=O)C(Br)C(C)(C)N1O,tert-RO2*,-$55.20,2.3,14000000.0,333.0,303.4,Hydroxylamine,Hydrogen Abstraction,,219.0,5.3 Table,True,-6.364941120147705,-1.1625832319259644,5.202357888221741
cyclo-[C(CH3)2CHClC(O)CH2C(CH3)2N(OH)],CC1(C)CC(=O)C(Cl)C(C)(C)N1O,tert-RO2*,-$60.90,0.4,28000000.0,333.0,307.9,Hydroxylamine,Hydrogen Abstraction,,220.0,5.3 Table,True,-6.324277400970459,-0.9559970498085022,5.368280351161957
cyclo-[C(CH3)2CH2CH(OH)CH2C(CH3)2N(OH)],CC1(C)CC(O)CC(C)(C)N1O,tert-RO2*,-$56.40,1.9,16000000.0,333.0,302.2,Hydroxylamine,Hydrogen Abstraction,,221.0,5.3 Table,True,-6.1272149085998535,1.7474418878555298,7.874656796455383
cyclo-[C(CH3)2CH2C(O)CH2C(CH3)2N(OH)],CC1(C)CC(=O)CC(C)(C)N1O,tert-RO2*,-$58.20,1.3,20000000.0,333.0,300.4,Hydroxylamine,Hydrogen Abstraction,,222.0,5.3 Table,True,-6.018170356750488,-0.2143220156431198,5.8038483411073685
cyclo-[C(CH3)2CH(C(O)NH2)CH2C(CH3)2N(OH)],CC1(C)CC(C(N)=O)C(C)(C)N1O,tert-RO2*,-$67.60,0.0,32000000.0,333.0,291.0,Hydroxylamine,Hydrogen Abstraction,,223.0,5.3 Table,True,-6.436975955963135,-1.0667647123336792,5.370211243629456
cyclo-[C(CH3)2CH(C(O)OH)CH2C(CH3)2N(OH)],CC1(C)CC(C(=O)O)C(C)(C)N1O,tert-RO2*,-$68.50,0.0,32000000.0,333.0,290.1,Hydroxylamine,Hydrogen Abstraction,,224.0,5.3 Table,True,-6.4373345375061035,0.5640839338302612,7.001418471336365
cyclo-[C(CH3)2CH(OH)CH2C(CH3)2N(OH)],CC1(C)CC(O)C(C)(C)N1O,tert-RO2*,-$69.50,0.0,32000000.0,333.0,289.1,Hydroxylamine,Hydrogen Abstraction,,225.0,5.3 Table,True,-6.235965251922607,1.760871171951294,7.996836423873901
cyclo-[C(CH3)2COCH2C(CH3)2N(OH)],CC1(C)COCC(C)(C)N1O,tert-RO2*,-$59.90,0.7,25000000.0,333.0,298.7,Hydroxylamine,Hydrogen Abstraction,,226.0,5.3 Table,True,-6.191520690917969,1.6285614967346191,7.820082187652588
cyclo-[C(CH3)2C(O)N(OH)C(CH3)2N(OH)],CC1(C)C(=O)N(O)C(C)(C)N(O)N1O,tert-RO2*,-$52.60,3.3,9700000.0,333.0,300.9,Hydroxylamine,Hydrogen Abstraction,,227.0,5.3 Table,True,-6.156722068786621,-0.10350412130355835,6.053217947483063
cyclo-[C(CH3)2N(O)=C(CH3)CH2C(CH3)2N(OH)],CC(C)CC(N(O)C(C)C)=[N+](C)[O-],tert-RO2*,-$49.80,4.3,6800000.0,333.0,308.8,Hydroxylamine,Hydrogen Abstraction,,232.0,5.3 Table,True,-5.656565189361572,0.18894647061824799,5.84551165997982
cyclo-[C(CH3)2CH2C(C6H5)=CHC(CH3)2N(OH)],CC1(C)CC(=Cc2ccccc2)CC(C)(C)N1O,tert-RO2*,-$62.70,0.0,32000000.0,333.0,295.9,Hydroxylamine,Hydrogen Abstraction,,235.0,5.3 Table,True,-5.774906635284424,0.19631099700927734,5.971217632293701
"1,2-C6H3[C(C6H5)3]-cyclo-[C(CH3)(C6H5)CH2C(CH3)2N(OH)]",CC(C)(CC(C)(c1ccccc1)c1ccc(C(c2ccccc2)(c2ccccc2)c2ccccc2)cc1)NO,tert-RO2*,-$65.80,0.0,32000000.0,333.0,292.8,Hydroxylamine,Hydrogen Abstraction,,237.0,5.3 Table,True,-5.506399154663086,-0.6024208664894104,4.9039782881736755
cyclo-[-CH(NOH)(CH2)3-CH(CH2)3],ONC1CCCCCCC1,O*,-$39.00,4.5,20000000.0,333.0,318.81,Hydroxylamine,Hydrogen Abstraction,,158.0,5.5 Table,True,-6.811834335327148,2.011218547821045,8.823052883148193
cyclo-[-CH(NOH)(CH2)2-CH(CH2)3],ONC1CCCCCC1,O*,-$35.60,5.8,12000000.0,333.0,322.2,Hydroxylamine,Hydrogen Abstraction,,159.0,5.5 Table,True,-6.722368240356445,1.8917429447174072,8.614111185073853
cyclo-[C(CH3)2C(CH3)2N=C(C6H5)N(OH)],CC(C)C(C)(C)N=C(NO)c1ccccc1,O*,-$45.60,2.1,47000000.0,333.0,312.2,Hydroxylamine,Hydrogen Abstraction,,172.0,5.5 Table,True,-5.622852802276611,-0.28293880820274353,5.339913994073868
cyclo-[C(CH3)2C(C6H5)=N(O)C(CH3)[N(CH3)OH]N(OH)],CC(C)C(c1ccccc1)=[N+]([O-])C(C)N(O)N(C)O,O*,-$47.80,1.3,63000000.0,333.0,310.0,Hydroxylamine,Hydrogen Abstraction,,173.0,5.5 Table,True,-5.463388442993164,-0.5246010422706604,4.938787400722504
"1,2-C6H3[C(C6H5)3]-cyclo-[C(CH3)=CHC(CH3)2N(OH)]",CC(=CC(C)(C)NO)c1ccc(C(c2ccccc2)(c2ccccc2)c2ccccc2)cc1,O*,-$68.30,0.0,100000000.0,333.0,289.5,Hydroxylamine,Hydrogen Abstraction,,200.0,5.5 Table,True,-5.687902927398682,-0.6558187007904053,5.032084226608276
C8H13[(CH3)3C]NOH,CC(C)(C)N(O)C1CCC=CCCC1,O*,-$23.10,11.0,1900000.0,333.0,334.7,Hydroxylamine,Hydrogen Abstraction,,201.0,5.5 Table,True,-5.863617420196533,0.6824362277984619,6.546053647994995
C6H5C(O)[(CH3)3C]NOH,CC(C)(C)N(O)C(=O)c1ccccc1,O*,-$34.80,6.2,11000000.0,333.0,323.0,Hydroxylamine,Hydrogen Abstraction,,202.0,5.5 Table,True,-6.176156997680664,-0.8748325705528259,5.301324427127838
cyclo-[(CH2)5NC(O)N(OH)C(CH3)3],CC(C)(C)N(O)C(=O)N1CCCCC1,O*,-$46.70,1.6,56000000.0,333.0,311.1,Hydroxylamine,Hydrogen Abstraction,,203.0,5.5 Table,True,-6.413592338562012,1.1760832071304321,7.589675545692444
(CH3CH2)2NOH,CCN(O)CC,O*,-$53.40,0.0,100000000.0,333.0,304.4,Hydroxylamine,Hydrogen Abstraction,,204.0,5.5 Table,True,-6.17958927154541,2.163581609725952,8.343170881271362
[(CH3)3C]2C=NOH,CC(C)(C)C(=NO)C(C)(C)C,O*,-$19.30,12.7,1000000.0,333.0,338.5,Hydroxylamine,Hydrogen Abstraction,,207.0,5.5 Table,True,-6.642525672912598,-0.44439974427223206,6.198125928640366
(CF3)2NOH,ON(C(F)(F)F)C(F)(F)F,O*,-$12.10,15.9,320000.0,333.0,345.7,Hydroxylamine,Hydrogen Abstraction,,208.0,5.5 Table,True,-7.905250072479248,0.15239666402339935,8.057646736502647
(CH3)2CHN(OH)C(CH3)3,CC(C)N(O)C(C)(C)C,O*,-$5.10,19.2,97000.0,333.0,352.7,Hydroxylamine,Hydrogen Abstraction,,209.0,5.5 Table,True,-6.321444988250732,2.060467004776001,8.381911993026733
(CH3)2CHCH2C(O)N(OH)C(CH3)3,CC(C)CC(=O)N(O)C(C)(C)C,O*,-$41.30,3.6,27000000.0,333.0,316.5,Hydroxylamine,Hydrogen Abstraction,,211.0,5.5 Table,True,-6.281436443328857,0.7341365218162537,7.015572965145111
C6H5CH=CHC(O)N(OH)C(CH3)3,CC(C)(C)N(O)C(=O)C=Cc1ccccc1,O*,-$36.40,5.5,14000000.0,333.0,321.4,Hydroxylamine,Hydrogen Abstraction,,213.0,5.5 Table,True,-6.0464301109313965,-1.6199111938476562,4.42651891708374
4-C6H5C6H4C(O)N(OH)C(CH3)3,CC(C)(C)N(O)C(=O)c1ccc(-c2ccccc2)cc1,O*,-$33.40,6.7,8900000.0,333.0,324.5,Hydroxylamine,Hydrogen Abstraction,,214.0,5.5 Table,True,-5.939280033111572,-0.9711294770240784,4.968150556087494
C6H5CH2CH2C(O)N(OH)C(CH3)3,CC(C)(C)N(O)C(=O)CCc1ccccc1,O*,-$39.20,4.4,20000000.0,333.0,318.6,Hydroxylamine,Hydrogen Abstraction,,215.0,5.5 Table,True,-5.9945807456970215,-0.03204062208533287,5.962540123611689
cyclo-[C(CH3)2CHCIC(O)CH2C(CH3)2N(OH)],CC1(C)CC(=O)C(Cl)C(C)(C)N1O,O*,-$49.90,0.0,100000000.0,333.0,307.9,Hydroxylamine,Hydrogen Abstraction,,220.0,5.5 Table,True,-6.324277400970459,-0.9559970498085022,5.368280351161957
cyclo-[C(CH3)2CH2CH(OH)CH2C(CH3)2N(OH)],CC1(C)CC(O)CC(C)(C)N1O,O*,-$55.60,0.0,100000000.0,333.0,302.2,Hydroxylamine,Hydrogen Abstraction,,221.0,5.5 Table,True,-6.1272149085998535,1.7474418878555298,7.874656796455383
cyclo-[C(CH3)2CH2C(O)CH2C(CH3)2N(OH)],CC1(C)CC(=O)CC(C)(C)N1O,O*,-$57.40,0.0,100000000.0,333.0,300.4,Hydroxylamine,Hydrogen Abstraction,,222.0,5.5 Table,True,-6.018170356750488,-0.2143220156431198,5.8038483411073685
cyclo-[C(CH3)2C(O)N(OH)C(CH3)2N(OH)],CC1(C)C(=O)N(O)C(C)(C)N(O)N1O,O*,-$51.80,0.0,100000000.0,333.0,300.9,Hydroxylamine,Hydrogen Abstraction,,227.0,5.5 Table,True,-6.156722068786621,-0.10350412130355835,6.053217947483063
cyclo-[C(CH3)2N(O)=C(CH3)CH2C(CH3)2N(OH)],CC(C)CC(N(O)C(C)C)=[N+](C)[O-],O*,-$49.00,0.8,75000000.0,333.0,308.8,Hydroxylamine,Hydrogen Abstraction,,232.0,5.5 Table,True,-5.656565189361572,0.18894647061824799,5.84551165997982
cyclo-[C(CH3)2CH2C(C6H5)=CHC(CH3)2N(OH)],CC1(C)CC(=Cc2ccccc2)CC(C)(C)N1O,O*,-$61.90,0.0,100000000.0,333.0,295.9,Hydroxylamine,Hydrogen Abstraction,,235.0,5.5 Table,True,-5.774906635284424,0.19631099700927734,5.971217632293701
"1,2-C6H3[C(C6H5)3]-cyclo-[C(CH3)(C6H5)CH2C(CH3)2N(OH)]",CC(C)(CC(C)(c1ccccc1)c1ccc(C(c2ccccc2)(c2ccccc2)c2ccccc2)cc1)NO,O*,-$65.00,0.0,100000000.0,333.0,292.8,Hydroxylamine,Hydrogen Abstraction,,237.0,5.5 Table,True,-5.506399154663086,-0.6024208664894104,4.9039782881736755
cyclo-[-CH(NOH)(CH2)3-CH(CH2)3],ONC1CCCCCCC1,Ar-O*,-$27.00,9.3,3400000.0,333.0,318.81,Hydroxylamine,Hydrogen Abstraction,,158.0,5.5 Table,True,-6.811834335327148,2.011218547821045,8.823052883148193
cyclo-[-CH(NOH)(CH2)2-CH(CH2)3],ONC1CCCCCC1,Ar-O*,-$23.60,10.8,2000000.0,333.0,322.2,Hydroxylamine,Hydrogen Abstraction,,159.0,5.5 Table,True,-6.722368240356445,1.8917429447174072,8.614111185073853
cyclo-[C(CH3)2C(CH3)2N=C(C6H5)N(OH)],CC(C)C(C)(C)N=C(NO)c1ccccc1,Ar-O*,-$33.60,6.6,9400000.0,333.0,312.2,Hydroxylamine,Hydrogen Abstraction,,172.0,5.5 Table,True,-5.622852802276611,-0.28293880820274353,5.339913994073868
cyclo-[C(CH3)2C(C6H5)=N(O)C(CH3)[N(CH3)OH]N(OH)],CC(C)C(c1ccccc1)=[N+]([O-])C(C)N(O)N(C)O,Ar-O*,-$35.80,5.8,12000000.0,333.0,310.0,Hydroxylamine,Hydrogen Abstraction,,173.0,5.5 Table,True,-5.463388442993164,-0.5246010422706604,4.938787400722504
"1,2-C6H3[C(C6H5)3]-cyclo-[C(CH3)=CHC(CH3)2N(OH)]",CC(=CC(C)(C)NO)c1ccc(C(c2ccccc2)(c2ccccc2)c2ccccc2)cc1,Ar-O*,-$56.30,0.0,100000000.0,333.0,289.5,Hydroxylamine,Hydrogen Abstraction,,200.0,5.5 Table,True,-5.687902927398682,-0.6558187007904053,5.032084226608276
C8H13[(CH3)3C]NOH,CC(C)(C)N(O)C1CCC=CCCC1,Ar-O*,-$11.10,16.4,270000.0,333.0,334.7,Hydroxylamine,Hydrogen Abstraction,,201.0,5.5 Table,True,-5.863617420196533,0.6824362277984619,6.546053647994995
C6H5C(O)[(CH3)3C]NOH,CC(C)(C)N(O)C(=O)c1ccccc1,Ar-O*,-$22.80,11.1,1800000.0,333.0,323.0,Hydroxylamine,Hydrogen Abstraction,,202.0,5.5 Table,True,-6.176156997680664,-0.8748325705528259,5.301324427127838
[(CH3)3C]2C=NOH,CC(C)(C)C(=NO)C(C)(C)C,Ar-O*,-$7.30,18.2,140000.0,333.0,338.5,Hydroxylamine,Hydrogen Abstraction,,207.0,5.5 Table,True,-6.642525672912598,-0.44439974427223206,6.198125928640366
(CF3)2NOH,ON(C(F)(F)F)C(F)(F)F,Ar-O*,-$0.10,21.7,41000.0,333.0,345.7,Hydroxylamine,Hydrogen Abstraction,,208.0,5.5 Table,True,-7.905250072479248,0.15239666402339935,8.057646736502647
(CH3)2CHN(OH)C(CH3)3,CC(C)N(O)C(C)(C)C,Ar-O*,$6.90,25.3,11000.0,333.0,352.7,Hydroxylamine,Hydrogen Abstraction,,209.0,5.5 Table,True,-6.321444988250732,2.060467004776001,8.381911993026733
(CH3)2CHCH2C(O)N(OH)C(CH3)3,CC(C)CC(=O)N(O)C(C)(C)C,Ar-O*,-$29.30,8.4,4700000.0,333.0,316.5,Hydroxylamine,Hydrogen Abstraction,,211.0,5.5 Table,True,-6.281436443328857,0.7341365218162537,7.015572965145111
C6H5CH=CHC(O)N(OH)C(CH3)3,CC(C)(C)N(O)C(=O)C=Cc1ccccc1,Ar-O*,-$24.40,10.4,1500000.0,333.0,321.4,Hydroxylamine,Hydrogen Abstraction,,213.0,5.5 Table,True,-6.0464301109313965,-1.6199111938476562,4.42651891708374
4-C6H5C6H4C(O)N(OH)C(CH3)3,CC(C)(C)N(O)C(=O)c1ccc(-c2ccccc2)cc1,Ar-O*,-$21.40,11.7,1500000.0,333.0,324.5,Hydroxylamine,Hydrogen Abstraction,,214.0,5.5 Table,True,-5.939280033111572,-0.9711294770240784,4.968150556087494
C6H5CH2CH2C(O)N(OH)C(CH3)3,CC(C)(C)N(O)C(=O)CCc1ccccc1,Ar-O*,-$27.20,9.3,3400000.0,333.0,318.6,Hydroxylamine,Hydrogen Abstraction,,215.0,5.5 Table,True,-5.9945807456970215,-0.03204062208533287,5.962540123611689
cyclo-[C(CH3)2(CH2)3C(CH3)2N(OH)],CC1(C)CCC(C)(C)N(O)C1,Ar-O*,-$54.30,0.0,100000000.0,333.0,291.2,Hydroxylamine,Hydrogen Abstraction,,217.0,5.5 Table,True,-6.268249988555908,2.1754262447357178,8.443676233291626
cyclo-[C(CH3)2CH2CH(OCOC6H5)CH2C(CH3)2N(OH)],CC1(C)CC(OC(=O)Oc2ccccc2)CC(C)(C)N1O,Ar-O*,-$45.50,2.0,49000000.0,333.0,300.3,Hydroxylamine,Hydrogen Abstraction,,218.0,5.5 Table,True,-6.0405988693237305,-0.15525944530963898,5.8853394240140915
cyclo-[C(CH3)2CHCI C(O)CH2C(CH3)2N(OH)],CC1(C)CC(=O)C(Cl)C(C)(C)N1O,Ar-O*,-$37.90,4.9,17000000.0,333.0,307.9,Hydroxylamine,Hydrogen Abstraction,,220.0,5.5 Table,True,-6.324277400970459,-0.9559970498085022,5.368280351161957
cyclo-[C(CH3)2CH2CH(OH)CH2C(CH3)2N(OH)],CC1(C)CC(O)CC(C)(C)N1O,Ar-O*,-$43.60,2.8,38000000.0,333.0,302.2,Hydroxylamine,Hydrogen Abstraction,,221.0,5.5 Table,True,-6.1272149085998535,1.7474418878555298,7.874656796455383
cyclo-[C(CH3)2CH2C(O)CH2C(CH3)2N(OH)],CC1(C)CC(=O)CC(C)(C)N1O,Ar-O*,-$45.40,2.1,47000000.0,333.0,300.4,Hydroxylamine,Hydrogen Abstraction,,222.0,5.5 Table,True,-6.018170356750488,-0.2143220156431198,5.8038483411073685
cyclo-[C(CH3)2C(O)N(OH)C(CH3)2N(OH)],CC1(C)C(=O)N(O)C(C)(C)N(O)N1O,Ar-O*,-$39.80,4.2,22000000.0,333.0,300.9,Hydroxylamine,Hydrogen Abstraction,,227.0,5.5 Table,True,-6.156722068786621,-0.10350412130355835,6.053217947483063
cyclo-[C(CH3)2N(O)=C(CH3)CH2C(CH3)2N(OH)],CC(C)CC(N(O)C(C)C)=[N+](C)[O-],Ar-O*,-$37.00,5.3,15000000.0,333.0,308.8,Hydroxylamine,Hydrogen Abstraction,,232.0,5.5 Table,True,-5.656564712524414,0.18894626200199127,5.845510974526405
cyclo-[C(CH3)2CH2C(C6H5)=CHC(CH3)2N(OH)],CC1(C)CC(=Cc2ccccc2)CC(C)(C)N1O,Ar-O*,-$49.90,0.5,84000000.0,333.0,295.9,Hydroxylamine,Hydrogen Abstraction,,235.0,5.5 Table,True,-5.774906635284424,0.19631095230579376,5.971217587590218
"1,2-C6H3[C(C6H5)3]-cyclo-[C(CH3)(C6H5)CH2C(CH3)2N(OH)]",CC(C)(CC(C)(c1ccccc1)c1ccc(C(c2ccccc2)(c2ccccc2)c2ccccc2)cc1)NO,Ar-O*,-$53.00,0.0,100000000.0,333.0,292.8,Hydroxylamine,Hydrogen Abstraction,,237.0,5.5 Table,True,-5.506399631500244,-0.6024208664894104,4.903978765010834
"1,3,5-[3',5'-[(CH3)2C]2-4'-HO-C6H2CH2]3C6H3",CC(C)c1cc(O)c(C(C)C)c(Cc2cc(Cc3cc(C(C)C)cc(O)c3C(C)C)cc(Cc3cc(C(C)C)cc(O)c3C(C)C)c2)c1,HO2*,-$24.10,20.4,60000.0,333.0,344.9,Phenol,Hydrogen Abstraction,,1.0,3.3 Table,True,-5.379616737365723,-0.3588104248046875,5.020806312561035
"1,3,5-[3',5'-[(CH3)2C]2-4'-HO-C6H2CH2]3C6H3",CC(C)c1cc(O)c(C(C)C)c(Cc2cc(Cc3cc(C(C)C)cc(O)c3C(C)C)cc(Cc3cc(C(C)C)cc(O)c3C(C)C)c2)c1,sec-RO2*,-$20.60,22.0,33000.0,333.0,344.9,Phenol,Hydrogen Abstraction,,1.0,3.3 Table,True,-5.379616737365723,-0.3588104248046875,5.020806312561035
"1,3,5-[3',5'-[(CH3)2C]2-4'-HO-C6H2CH2]3C6H3",CC(C)c1cc(O)c(C(C)C)c(Cc2cc(Cc3cc(C(C)C)cc(O)c3C(C)C)cc(Cc3cc(C(C)C)cc(O)c3C(C)C)c2)c1,tert-RO2*,-$13.70,25.1,11000.0,333.0,344.9,Phenol,Hydrogen Abstraction,,1.0,3.3 Table,True,-5.379616737365723,-0.3588104248046875,5.020806312561035
"2,2'-CH2-[4,6-[(CH3)3C]2C6H2OH]2",CC(C)(C)c1cc(Cc2cc(C(C)(C)C)cc(C(C)(C)C)c2O)c(O)c(C(C)(C)C)c1,HO2*,-$28.10,18.6,74000.0,333.0,340.9,Phenol,Hydrogen Abstraction,,24.0,3.3 Table,True,-5.39336633682251,-0.29362690448760986,5.0997394323349
"2,2'-CH2-[4,6-[(CH3)3C]2C6H2OH]2",CC(C)(C)c1cc(Cc2cc(C(C)(C)C)cc(C(C)(C)C)c2O)c(O)c(C(C)(C)C)c1,sec-RO2*,-$24.60,20.2,44000.0,333.0,340.9,Phenol,Hydrogen Abstraction,,24.0,3.3 Table,True,-5.39336633682251,-0.29362690448760986,5.0997394323349
"2,2'-CH2-[4,6-[(CH3)3C]2C6H2OH]2",CC(C)(C)c1cc(Cc2cc(C(C)(C)C)cc(C(C)(C)C)c2O)c(O)c(C(C)(C)C)c1,tert-RO2*,-$17.70,23.3,14000.0,333.0,340.9,Phenol,Hydrogen Abstraction,,24.0,3.3 Table,True,-5.39336633682251,-0.29362690448760986,5.0997394323349
"C-[4-(CH2)2COOCH2-2,6-[(CH3)3C]2C6H2OH]",CC(C)(C)c1cc(CCC(=O)OCC(COC(=O)CCc2cc(C(C)(C)C)c(O)c(C(C)(C)C)c2)(COC(=O)CCc2cc(C(C)(C)C)c(O)c(C(C)(C)C)c2)COC(=O)CCc2cc(C(C)(C)C)c(O)c(C(C)(C)C)c2)cc(C(C)(C)C)c1O,HO2*,-$28.00,18.7,37000.0,333.0,341.0,Phenol,Hydrogen Abstraction,,31.0,3.3 Table,True,-5.708029270172119,-0.7033704519271851,5.004658818244934
"C-[4-(CH2)2COOCH2-2,6-[(CH3)3C]2C6H2OH]",CC(C)(C)c1cc(CCC(=O)OCC(COC(=O)CCc2cc(C(C)(C)C)c(O)c(C(C)(C)C)c2)(COC(=O)CCc2cc(C(C)(C)C)c(O)c(C(C)(C)C)c2)COC(=O)CCc2cc(C(C)(C)C)c(O)c(C(C)(C)C)c2)cc(C(C)(C)C)c1O,sec-RO2*,-$24.50,20.2,22000.0,333.0,341.0,Phenol,Hydrogen Abstraction,,31.0,3.3 Table,True,-5.708029270172119,-0.7033704519271851,5.004658818244934
"C-[4-(CH2)2COOCH2-2,6-[(CH3)3C]2C6H2OH]",CC(C)(C)c1cc(CCC(=O)OCC(COC(=O)CCc2cc(C(C)(C)C)c(O)c(C(C)(C)C)c2)(COC(=O)CCc2cc(C(C)(C)C)c(O)c(C(C)(C)C)c2)COC(=O)CCc2cc(C(C)(C)C)c(O)c(C(C)(C)C)c2)cc(C(C)(C)C)c1O,tert-RO2*,-$17.60,23.3,7100.0,333.0,341.0,Phenol,Hydrogen Abstraction,,31.0,3.3 Table,True,-5.708029270172119,-0.7033704519271851,5.004658818244934
"2,4-[(CH3)3C]2-6-CH3-C6H2OH",Cc1cc(C(C)(C)C)cc(C(C)(C)C)c1O,HO2*,-$15.10,24.5,4600.0,333.0,353.9,Phenol,Hydrogen Abstraction,,49.0,3.3 Table,True,-5.58491849899292,0.04483092203736305,5.629749421030283
"2,4-[(CH3)3C]2-6-CH3-C6H2OH",Cc1cc(C(C)(C)C)cc(C(C)(C)C)c1O,sec-RO2*,-$11.60,26.1,2600.0,333.0,353.9,Phenol,Hydrogen Abstraction,,49.0,3.3 Table,True,-5.58491849899292,0.04483092203736305,5.629749421030283
"2,4-[(CH3)3C]2-6-CH3-C6H2OH",Cc1cc(C(C)(C)C)cc(C(C)(C)C)c1O,tert-RO2*,-$4.70,29.4,780.0,333.0,353.9,Phenol,Hydrogen Abstraction,,49.0,3.3 Table,True,-5.58491849899292,0.04483092203736305,5.629749421030283
"4,4'-[2,6-[(CH3)3C]2C6H2OH]2",CC(C)(C)c1cc(-c2cc(C(C)(C)C)c(O)c(C(C)(C)C)c2)cc(C(C)(C)C)c1O,HO2*,-$26.40,19.4,58000.0,333.0,342.6,Phenol,Hydrogen Abstraction,,50.0,3.3 Table,True,-5.280860424041748,-0.8149426579475403,4.465917766094208
"4,4'-[2,6-[(CH3)3C]2C6H2OH]2",CC(C)(C)c1cc(-c2cc(C(C)(C)C)c(O)c(C(C)(C)C)c2)cc(C(C)(C)C)c1O,sec-RO2*,-$22.90,20.9,34000.0,333.0,342.6,Phenol,Hydrogen Abstraction,,50.0,3.3 Table,True,-5.280860424041748,-0.8149426579475403,4.465917766094208
"4,4'-[2,6-[(CH3)3C]2C6H2OH]2",CC(C)(C)c1cc(-c2cc(C(C)(C)C)c(O)c(C(C)(C)C)c2)cc(C(C)(C)C)c1O,tert-RO2*,-$16.00,24.0,11000.0,333.0,342.6,Phenol,Hydrogen Abstraction,,50.0,3.3 Table,True,-5.280860424041748,-0.8149426579475403,4.465917766094208
"2,6-[(CH3)3C]2C6H3OH",CC(C)(C)c1cccc(C(C)(C)C)c1O,HO2*,-$22.30,21.2,15000.0,333.0,346.7,Phenol,Hydrogen Abstraction,,51.0,3.3 Table,True,-5.668120861053467,-0.23425625264644623,5.433864608407021
"2,6-[(CH3)3C]2C6H3OH",CC(C)(C)c1cccc(C(C)(C)C)c1O,sec-RO2*,-$18.80,22.8,8500.0,333.0,346.7,Phenol,Hydrogen Abstraction,,51.0,3.3 Table,True,-5.668120861053467,-0.23425625264644623,5.433864608407021
"2,6-[(CH3)3C]2C6H3OH",CC(C)(C)c1cccc(C(C)(C)C)c1O,tert-RO2*,-$11.90,26.0,2700.0,333.0,346.7,Phenol,Hydrogen Abstraction,,51.0,3.3 Table,True,-5.668120861053467,-0.23425625264644623,5.433864608407021
"2,6-[(CH3)3C]2-4-CH3CONHC6H2OH",CC(=O)Nc1cc(C(C)(C)C)c(O)c(C(C)(C)C)c1,HO2*,-$42.30,12.7,330000.0,333.0,339.0,Phenol,Hydrogen Abstraction,,52.0,3.3 Table,True,-5.482661724090576,-0.04921674355864525,5.433444980531931
"2,6-[(CH3)3C]2-4-CH3CONHC6H2OH",CC(=O)Nc1cc(C(C)(C)C)c(O)c(C(C)(C)C)c1,sec-RO2*,-$38.80,14.2,190000.0,333.0,339.0,Phenol,Hydrogen Abstraction,,52.0,3.3 Table,True,-5.482661724090576,-0.04921674355864525,5.433444980531931
"2,6-[(CH3)3C]2-4-CH3CONHC6H2OH",CC(=O)Nc1cc(C(C)(C)C)c(O)c(C(C)(C)C)c1,tert-RO2*,-$31.90,17.0,69000.0,333.0,339.0,Phenol,Hydrogen Abstraction,,52.0,3.3 Table,True,-5.482661724090576,-0.04921674355864525,5.433444980531931
"2,6-[(CH3)3C]2-4-CH3COC6H2OH",CC(=O)c1cc(C(C)(C)C)c(O)c(C(C)(C)C)c1,HO2*,-$23.50,20.7,18000.0,333.0,345.5,Phenol,Hydrogen Abstraction,,53.0,3.3 Table,True,-5.756746768951416,-0.9889815449714661,4.76776522397995
"2,6-[(CH3)3C]2-4-CH3COC6H2OH",CC(=O)c1cc(C(C)(C)C)c(O)c(C(C)(C)C)c1,sec-RO2*,-$20.00,22.2,11000.0,333.0,345.5,Phenol,Hydrogen Abstraction,,53.0,3.3 Table,True,-5.756746768951416,-0.9889815449714661,4.76776522397995
"2,6-[(CH3)3C]2-4-CH3COC6H2OH",CC(=O)c1cc(C(C)(C)C)c(O)c(C(C)(C)C)c1,tert-RO2*,-$13.10,25.4,3300.0,333.0,345.5,Phenol,Hydrogen Abstraction,,53.0,3.3 Table,True,-5.756746768951416,-0.9889815449714661,4.76776522397995
"2,6-[(CH3)3C]2-4-C6H5CH2C6H2OH",CC(C)(C)c1cc(Cc2ccccc2)cc(C(C)(C)C)c1O,HO2*,-$29.30,18.1,46000.0,333.0,339.7,Phenol,Hydrogen Abstraction,,54.0,3.3 Table,True,-5.574779987335205,-0.2910800576210022,5.283699929714203
"2,6-[(CH3)3C]2-4-C6H5CH2C6H2OH",CC(C)(C)c1cc(Cc2ccccc2)cc(C(C)(C)C)c1O,sec-RO2*,-$25.80,19.6,27000.0,333.0,339.7,Phenol,Hydrogen Abstraction,,54.0,3.3 Table,True,-5.574779987335205,-0.2910800576210022,5.283699929714203
"2,6-[(CH3)3C]2-4-C6H5CH2C6H2OH",CC(C)(C)c1cc(Cc2ccccc2)cc(C(C)(C)C)c1O,tert-RO2*,-$18.90,22.7,8800.0,333.0,339.7,Phenol,Hydrogen Abstraction,,54.0,3.3 Table,True,-5.574779987335205,-0.2910800576210022,5.283699929714203
"2,6-[(CH3)3C]2-4-(CH3)3COC6H2OH",CC(C)(C)Oc1cc(C(C)(C)C)c(O)c(C(C)(C)C)c1,HO2*,-$37.70,14.6,160000.0,333.0,331.3,Phenol,Hydrogen Abstraction,,55.0,3.3 Table,True,-5.4810404777526855,0.06326909363269806,5.544309571385384
"2,6-[(CH3)3C]2-4-(CH3)3COC6H2OH",CC(C)(C)Oc1cc(C(C)(C)C)c(O)c(C(C)(C)C)c1,sec-RO2*,-$34.20,16.1,95000.0,333.0,331.3,Phenol,Hydrogen Abstraction,,55.0,3.3 Table,True,-5.4810404777526855,0.06326909363269806,5.544309571385384
"2,6-[(CH3)3C]2-4-(CH3)3COC6H2OH",CC(C)(C)Oc1cc(C(C)(C)C)c(O)c(C(C)(C)C)c1,tert-RO2*,-$27.30,19.0,33000.0,333.0,331.3,Phenol,Hydrogen Abstraction,,55.0,3.3 Table,True,-5.481039524078369,0.06326906383037567,5.544308587908745
"2,6-[(CH3)3C]2-4-CH3OC6H2OH",COc1cc(C(C)(C)C)c(O)c(C(C)(C)C)c1,HO2*,-$38.30,14.4,180000.0,333.0,330.7,Phenol,Hydrogen Abstraction,,62.0,3.3 Table,True,-5.397151470184326,0.2712005376815796,5.668352007865906
"2,6-[(CH3)3C]2-4-CH3OC6H2OH",COc1cc(C(C)(C)C)c(O)c(C(C)(C)C)c1,sec-RO2*,-$34.80,15.8,110000.0,333.0,330.7,Phenol,Hydrogen Abstraction,,62.0,3.3 Table,True,-5.397151470184326,0.2712005376815796,5.668352007865906
"2,6-[(CH3)3C]2-4-CH3OC6H2OH",COc1cc(C(C)(C)C)c(O)c(C(C)(C)C)c1,tert-RO2*,-$27.90,18.7,37000.0,333.0,330.7,Phenol,Hydrogen Abstraction,,62.0,3.3 Table,True,-5.397151470184326,0.2712005376815796,5.668352007865906
"2,6-[(CH3)3C]2-4-CH3C6H2OH",Cc1cc(C(C)(C)C)c(O)c(C(C)(C)C)c1,HO2*,-$30.00,17.8,52000.0,333.0,339.0,Phenol,Hydrogen Abstraction,,64.0,3.3 Table,True,-5.553175926208496,0.16806338727474213,5.721239313483238
"2,6-[(CH3)3C]2-4-CH3C6H2OH",Cc1cc(C(C)(C)C)c(O)c(C(C)(C)C)c1,sec-RO2*,-$26.50,19.3,30000.0,333.0,339.0,Phenol,Hydrogen Abstraction,,64.0,3.3 Table,True,-5.553175926208496,0.16806338727474213,5.721239313483238
"2,6-[(CH3)3C]2-4-CH3C6H2OH",Cc1cc(C(C)(C)C)c(O)c(C(C)(C)C)c1,tert-RO2*,-$19.60,22.4,9800.0,333.0,339.0,Phenol,Hydrogen Abstraction,,64.0,3.3 Table,True,-5.553175926208496,0.16806338727474213,5.721239313483238
"2,6-[(CH3)3C]2-4-NO2C6H2OH",CC(C)(C)c1cc([N+](=O)[O-])cc(C(C)(C)C)c1O,HO2*,-$11.00,26.4,2300.0,333.0,358.0,Phenol,Hydrogen Abstraction,,68.0,3.3 Table,True,-6.095341205596924,-1.7287217378616333,4.3666194677352905
"2,6-[(CH3)3C]2-4-NO2C6H2OH",CC(C)(C)c1cc([N+](=O)[O-])cc(C(C)(C)C)c1O,sec-RO2*,-$7.50,28.1,1300.0,333.0,358.0,Phenol,Hydrogen Abstraction,,68.0,3.3 Table,True,-6.095341205596924,-1.7287217378616333,4.3666194677352905
"2,6-[(CH3)3C]2-4-NO2C6H2OH",CC(C)(C)c1cc([N+](=O)[O-])cc(C(C)(C)C)c1O,tert-RO2*,-$0.60,31.4,380.0,333.0,358.0,Phenol,Hydrogen Abstraction,,68.0,3.3 Table,True,-6.095341205596924,-1.7287217378616333,4.3666194677352905
"2,6-[(CH3)3C]2-4-C6H5C6H2OH",CC(C)(C)c1cc(-c2ccccc2)cc(C(C)(C)C)c1O,HO2*,-$31.30,17.3,62000.0,333.0,337.7,Phenol,Hydrogen Abstraction,,70.0,3.3 Table,True,-5.412005424499512,-0.611159086227417,4.800846338272095
"2,6-[(CH3)3C]2-4-C6H5C6H2OH",CC(C)(C)c1cc(-c2ccccc2)cc(C(C)(C)C)c1O,sec-RO2*,-$27.80,18.8,36000.0,333.0,337.7,Phenol,Hydrogen Abstraction,,70.0,3.3 Table,True,-5.412005424499512,-0.611159086227417,4.800846338272095
"2,6-[(CH3)3C]2-4-C6H5C6H2OH",CC(C)(C)c1cc(-c2ccccc2)cc(C(C)(C)C)c1O,tert-RO2*,-$20.90,21.8,12000.0,333.0,337.7,Phenol,Hydrogen Abstraction,,70.0,3.3 Table,True,-5.412005424499512,-0.611159086227417,4.800846338272095
"2,6-[(CH3)3C]2-4-C6H5SC6H2OH",CC(C)(C)c1cc(Sc2ccccc2)cc(C(C)(C)C)c1O,HO2*,-$22.60,21.1,16000.0,333.0,346.4,Phenol,Hydrogen Abstraction,,73.0,3.3 Table,True,-5.361265182495117,-0.313106894493103,5.048158288002014
"2,6-[(CH3)3C]2-4-C6H5SC6H2OH",CC(C)(C)c1cc(Sc2ccccc2)cc(C(C)(C)C)c1O,sec-RO2*,-$19.10,22.6,9100.0,333.0,346.4,Phenol,Hydrogen Abstraction,,73.0,3.3 Table,True,-5.361265182495117,-0.313106894493103,5.048158288002014
"2,6-[(CH3)3C]2-4-C6H5SC6H2OH",CC(C)(C)c1cc(Sc2ccccc2)cc(C(C)(C)C)c1O,tert-RO2*,-$12.20,25.8,2900.0,333.0,346.4,Phenol,Hydrogen Abstraction,,73.0,3.3 Table,True,-5.361265182495117,-0.313106894493103,5.048158288002014
"2,6-(C6H5)2-4-NH2CH2C6H2OH",NCc1cc(-c2ccccc2)c(O)c(-c2ccccc2)c1,HO2*,-$46.10,11.3,540000.0,333.0,322.9,Phenol,Hydrogen Abstraction,,89.0,3.3 Table,True,-5.206792831420898,-0.6224339008331299,4.5843589305877686
"2,6-(C6H5)2-4-NH2CH2C6H2OH",NCc1cc(-c2ccccc2)c(O)c(-c2ccccc2)c1,sec-RO2*,-$42.60,12.6,340000.0,333.0,322.9,Phenol,Hydrogen Abstraction,,89.0,3.3 Table,True,-5.206792831420898,-0.6224339008331299,4.5843589305877686
"2,6-(C6H5)2-4-NH2CH2C6H2OH",NCc1cc(-c2ccccc2)c(O)c(-c2ccccc2)c1,tert-RO2*,-$35.70,15.4,120000.0,333.0,322.9,Phenol,Hydrogen Abstraction,,89.0,3.3 Table,True,-5.206792831420898,-0.6224339008331299,4.5843589305877686
"2,6-(C6H5)2-4-HOOCCH2C6H2OH",O=C(O)Cc1cc(-c2ccccc2)c(O)c(-c2ccccc2)c1,HO2*,-$43.10,12.4,360000.0,333.0,325.9,Phenol,Hydrogen Abstraction,,91.0,3.3 Table,True,-5.578260898590088,-1.0325182676315308,4.545742630958557
"2,6-(C6H5)2-4-HOOCCH2C6H2OH",O=C(O)Cc1cc(-c2ccccc2)c(O)c(-c2ccccc2)c1,sec-RO2*,-$39.60,13.8,220000.0,333.0,325.9,Phenol,Hydrogen Abstraction,,91.0,3.3 Table,True,-5.578260898590088,-1.0325182676315308,4.545742630958557
"2,6-(C6H5)2-4-HOOCCH2C6H2OH",O=C(O)Cc1cc(-c2ccccc2)c(O)c(-c2ccccc2)c1,tert-RO2*,-$32.70,16.8,74000.0,333.0,325.9,Phenol,Hydrogen Abstraction,,91.0,3.3 Table,True,-5.578260898590088,-1.0325182676315308,4.545742630958557
"2,6-(C6H5)2-4-CH3SC6H2OH",CSc1cc(-c2ccccc2)c(O)c(-c2ccccc2)c1,HO2*,-$28.60,18.4,42000.0,333.0,340.4,Phenol,Hydrogen Abstraction,,94.0,3.3 Table,True,-5.342735767364502,-0.8781824707984924,4.4645532965660095
"2,6-(C6H5)2-4-CH3SC6H2OH",CSc1cc(-c2ccccc2)c(O)c(-c2ccccc2)c1,sec-RO2*,-$25.10,19.9,24000.0,333.0,340.4,Phenol,Hydrogen Abstraction,,94.0,3.3 Table,True,-5.342735767364502,-0.8781824707984924,4.4645532965660095
"2,6-(C6H5)2-4-CH3SC6H2OH",CSc1cc(-c2ccccc2)c(O)c(-c2ccccc2)c1,tert-RO2*,-$18.20,23.0,7900.0,333.0,340.4,Phenol,Hydrogen Abstraction,,94.0,3.3 Table,True,-5.342735767364502,-0.8781824707984924,4.4645532965660095
"2,6-(C6H5)2-4-CH3OC6H2OH",COc1cc(-c2ccccc2)c(O)c(-c2ccccc2)c1,HO2*,-$41.00,13.3,260000.0,333.0,328.0,Phenol,Hydrogen Abstraction,,95.0,3.3 Table,True,-5.139733791351318,-0.516668438911438,4.62306535243988
"2,6-(C6H5)2-4-CH3OC6H2OH",COc1cc(-c2ccccc2)c(O)c(-c2ccccc2)c1,sec-RO2*,-$37.50,14.7,160000.0,333.0,328.0,Phenol,Hydrogen Abstraction,,95.0,3.3 Table,True,-5.139733791351318,-0.516668438911438,4.62306535243988
"2,6-(C6H5)2-4-CH3OC6H2OH",COc1cc(-c2ccccc2)c(O)c(-c2ccccc2)c1,tert-RO2*,-$30.60,17.6,56000.0,333.0,328.0,Phenol,Hydrogen Abstraction,,95.0,3.3 Table,True,-5.139733791351318,-0.516668438911438,4.62306535243988
"Si[2,6-[(CH3)3C]2-4-CH2CH2OC6H2OH]4",CC(C)(C)c1cc(CCO[Si](OCCc2cc(C(C)(C)C)cc(C(C)(C)C)c2O)(OCCc2cc(C(C)(C)C)cc(C(C)(C)C)c2O)OCCc2cc(C(C)(C)C)cc(C(C)(C)C)c2O)c(O)c(C(C)(C)C)c1,HO2*,-$28.10,18.6,160000.0,333.0,340.9,Phenol,Hydrogen Abstraction,,122.0,3.3 Table,True,-5.1082763671875,-0.17757128179073334,4.930705085396767
"Si[2,6-[(CH3)3C]2-4-CH2CH2OC6H2OH]4",CC(C)(C)c1cc(CCO[Si](OCCc2cc(C(C)(C)C)cc(C(C)(C)C)c2O)(OCCc2cc(C(C)(C)C)cc(C(C)(C)C)c2O)OCCc2cc(C(C)(C)C)cc(C(C)(C)C)c2O)c(O)c(C(C)(C)C)c1,sec-RO2*,-$24.60,20.2,88000.0,333.0,340.9,Phenol,Hydrogen Abstraction,,122.0,3.3 Table,True,-5.1082763671875,-0.17757128179073334,4.930705085396767
"Si[2,6-[(CH3)3C]2-4-CH2CH2OC6H2OH]4",CC(C)(C)c1cc(CCO[Si](OCCc2cc(C(C)(C)C)cc(C(C)(C)C)c2O)(OCCc2cc(C(C)(C)C)cc(C(C)(C)C)c2O)OCCc2cc(C(C)(C)C)cc(C(C)(C)C)c2O)c(O)c(C(C)(C)C)c1,tert-RO2*,-$17.70,23.3,28000.0,333.0,340.9,Phenol,Hydrogen Abstraction,,122.0,3.3 Table,True,-5.1082763671875,-0.17757128179073334,4.930705085396767
"4,4'-CH2SCH2-[2,6-[(CH3)3C]2C6H2OH",CC(C)(C)c1cc(CSCc2cc(C(C)(C)C)c(O)c(C(C)(C)C)c2)cc(C(C)(C)C)c1O,HO2*,-$29.10,18.2,90000.0,333.0,339.9,Phenol,Hydrogen Abstraction,,123.0,3.3 Table,True,-5.264400005340576,-0.6439103484153748,4.620489656925201
"4,4'-CH2SCH2-[2,6-[(CH3)3C]2C6H2OH",CC(C)(C)c1cc(CSCc2cc(C(C)(C)C)c(O)c(C(C)(C)C)c2)cc(C(C)(C)C)c1O,sec-RO2*,-$25.60,19.7,52000.0,333.0,339.9,Phenol,Hydrogen Abstraction,,123.0,3.3 Table,True,-5.264400005340576,-0.6439104676246643,4.620489537715912
"4,4'-CH2SCH2-[2,6-[(CH3)3C]2C6H2OH",CC(C)(C)c1cc(CSCc2cc(C(C)(C)C)c(O)c(C(C)(C)C)c2)cc(C(C)(C)C)c1O,tert-RO2*,-$18.70,22.8,17000.0,333.0,339.9,Phenol,Hydrogen Abstraction,,123.0,3.3 Table,True,-5.264400005340576,-0.6439104676246643,4.620489537715912
"2,2'-SS-[4-CH3-6-CH3(C6H5)CHC6H2OH]2",Cc1cc(SSc2cc(C)cc(C(C)c3ccccc3)c2O)c(O)c(C(C)c2ccccc2)c1,HO2*,-$33.80,16.2,92000.0,333.0,335.2,Phenol,Hydrogen Abstraction,,124.0,3.3 Table,True,-5.350436210632324,-0.6987190246582031,4.651717185974121
"2,2'-SS-[4-CH3-6-CH3(C6H5)CHC6H2OH]2",Cc1cc(SSc2cc(C)cc(C(C)c3ccccc3)c2O)c(O)c(C(C)c2ccccc2)c1,sec-RO2*,-$30.30,17.7,54000.0,333.0,335.2,Phenol,Hydrogen Abstraction,,124.0,3.3 Table,True,-5.350436210632324,-0.6987190246582031,4.651717185974121
"2,2'-SS-[4-CH3-6-CH3(C6H5)CHC6H2OH]2",Cc1cc(SSc2cc(C)cc(C(C)c3ccccc3)c2O)c(O)c(C(C)c2ccccc2)c1,tert-RO2*,-$23.40,20.7,18000.0,333.0,335.2,Phenol,Hydrogen Abstraction,,124.0,3.3 Table,True,-5.350436210632324,-0.6987190246582031,4.651717185974121
Indophenol,O=C1C=CC=CC1=Nc1ccc(O)cc1,HO2*,-$42.00,12.9,30000.0,333.0,327.0,Phenol,Hydrogen Abstraction,,126.0,3.3 Table,True,-5.8475165367126465,-2.996628999710083,2.8508875370025635
Indophenol,O=C1C=CC=CC1=Nc1ccc(O)cc1,sec-RO2*,-$38.50,14.3,180000.0,333.0,327.0,Phenol,Hydrogen Abstraction,,126.0,3.3 Table,True,-5.8475165367126465,-2.996628999710083,2.8508875370025635
Indophenol,O=C1C=CC=CC1=Nc1ccc(O)cc1,tert-RO2*,-$31.60,17.1,66000.0,333.0,327.0,Phenol,Hydrogen Abstraction,,126.0,3.3 Table,True,-5.8475165367126465,-2.996628999710083,2.8508875370025635
2-HOC6H4OH,Oc1ccccc1O,HO2*,-$31.00,11.0,600000.0,333.0,338.0,Phenol,Hydrogen Abstraction,,3.0,3.2 Table,True,-5.696953296661377,0.11062240600585938,5.807575702667236
2-HOC6H4OH,Oc1ccccc1O,sec-RO2*,-$27.50,12.5,350000.0,333.0,338.0,Phenol,Hydrogen Abstraction,,3.0,3.2 Table,True,-5.696953296661377,0.11062240600585938,5.807575702667236
2-HOC6H4OH,Oc1ccccc1O,tert-RO2*,-$20.60,15.5,120000.0,333.0,338.0,Phenol,Hydrogen Abstraction,,3.0,3.2 Table,True,-5.696953296661377,0.11062240600585938,5.807575702667236
2-HO-4-(CH3)3CC6H3OH,CC(C)(C)c1ccc(O)c(O)c1,HO2*,-$26.60,12.9,300000.0,333.0,342.4,Phenol,Hydrogen Abstraction,,4.0,3.2 Table,True,-5.485815525054932,-0.11695736646652222,5.368858158588409
2-HO-4-(CH3)3CC6H3OH,CC(C)(C)c1ccc(O)c(O)c1,sec-RO2*,-$23.10,14.4,180000.0,333.0,342.4,Phenol,Hydrogen Abstraction,,4.0,3.2 Table,True,-5.485815525054932,-0.11695736646652222,5.368858158588409
2-HO-4-(CH3)3CC6H3OH,CC(C)(C)c1ccc(O)c(O)c1,tert-RO2*,-$16.20,17.5,58000.0,333.0,342.4,Phenol,Hydrogen Abstraction,,4.0,3.2 Table,True,-5.485815525054932,-0.11695736646652222,5.368858158588409
4-CH3C6H4OH,Cc1ccc(O)cc1,HO2*,-$11.20,19.8,25000.0,333.0,357.8,Phenol,Hydrogen Abstraction,,9.0,3.2 Table,True,-5.932055950164795,0.27481314539909363,6.2068690955638885
4-CH3C6H4OH,Cc1ccc(O)cc1,sec-RO2*,-$7.70,21.4,14000.0,333.0,357.8,Phenol,Hydrogen Abstraction,,9.0,3.2 Table,True,-5.932055950164795,0.27481314539909363,6.2068690955638885
4-CH3C6H4OH,Cc1ccc(O)cc1,tert-RO2*,-$0.80,24.8,4100.0,333.0,357.8,Phenol,Hydrogen Abstraction,,9.0,3.2 Table,True,-5.932055950164795,0.27481314539909363,6.2068690955638885
(CH3)3C6(OH)(CH2)3O,CC(C)(C)c1c(O)ccc2c1CCCCO2,HO2*,-$40.20,7.3,2300000.0,333.0,328.8,Phenol,Hydrogen Abstraction,,10.0,3.2 Table,True,-5.491051197052002,0.05204324796795845,5.54309444501996
(CH3)3C6(OH)(CH2)3O,CC(C)(C)c1c(O)ccc2c1CCCCO2,sec-RO2*,-$36.70,8.7,1400000.0,333.0,328.8,Phenol,Hydrogen Abstraction,,10.0,3.2 Table,True,-5.491051197052002,0.05204324796795845,5.54309444501996
(CH3)3C6(OH)(CH2)3O,CC(C)(C)c1c(O)ccc2c1CCCCO2,tert-RO2*,-$29.80,11.5,500000.0,333.0,328.8,Phenol,Hydrogen Abstraction,,10.0,3.2 Table,True,-5.491051197052002,0.05204324796795845,5.54309444501996
(CH3)3C6(OH)CH2CH(CH3)O,CC1Cc2c(ccc(O)c2C(C)(C)C)O1,HO2*,-$44.60,5.6,4200000.0,333.0,324.4,Phenol,Hydrogen Abstraction,,20.0,3.2 Table,True,-5.6726298332214355,-0.20210443437099457,5.470525398850441
(CH3)3C6(OH)CH2CH(CH3)O,CC1Cc2c(ccc(O)c2C(C)(C)C)O1,sec-RO2*,-$41.10,7.0,2600000.0,333.0,324.4,Phenol,Hydrogen Abstraction,,20.0,3.2 Table,True,-5.6726298332214355,-0.20210443437099457,5.470525398850441
(CH3)3C6(OH)CH2CH(CH3)O,CC1Cc2c(ccc(O)c2C(C)(C)C)O1,tert-RO2*,-$34.20,9.7,960000.0,333.0,324.4,Phenol,Hydrogen Abstraction,,20.0,3.2 Table,True,-5.6726298332214355,-0.20210443437099457,5.470525398850441
1-HOC13H9,Oc1cccc2c1Cc1ccccc1-2,HO2*,-$32.70,10.3,780000.0,333.0,336.3,Phenol,Hydrogen Abstraction,,25.0,3.2 Table,True,-5.546777248382568,-0.4731983542442322,5.073578894138336
1-HOC13H9,Oc1cccc2c1Cc1ccccc1-2,sec-RO2*,-$29.20,11.8,450000.0,333.0,336.3,Phenol,Hydrogen Abstraction,,25.0,3.2 Table,True,-5.546777248382568,-0.4731983542442322,5.073578894138336
1-HOC13H9,Oc1cccc2c1Cc1ccccc1-2,tert-RO2*,-$22.30,14.7,160000.0,333.0,336.3,Phenol,Hydrogen Abstraction,,25.0,3.2 Table,True,-5.546777248382568,-0.4731983542442322,5.073578894138336
1-HOC10H7,Oc1cccc2ccccc12,HO2*,-$27.60,12.4,360000.0,333.0,341.4,Phenol,Hydrogen Abstraction,,29.0,3.2 Table,True,-5.9294962882995605,-0.38813960552215576,5.541356682777405
1-HOC10H7,Oc1cccc2ccccc12,sec-RO2*,-$24.10,13.9,210000.0,333.0,341.4,Phenol,Hydrogen Abstraction,,29.0,3.2 Table,True,-5.9294962882995605,-0.38813960552215576,5.541356682777405
1-HOC10H7,Oc1cccc2ccccc12,tert-RO2*,-$17.20,17.0,70000.0,333.0,341.4,Phenol,Hydrogen Abstraction,,29.0,3.2 Table,True,-5.9294962882995605,-0.38813960552215576,5.541356682777405
2-HOC10H7,Oc1ccc2ccccc2c1,HO2*,-$17.20,17.0,70000.0,333.0,351.8,Phenol,Hydrogen Abstraction,,30.0,3.2 Table,True,-5.694347381591797,-0.6924677491188049,5.001879632472992
2-HOC10H7,Oc1ccc2ccccc2c1,sec-RO2*,-$13.70,18.6,39000.0,333.0,351.8,Phenol,Hydrogen Abstraction,,30.0,3.2 Table,True,-5.694347381591797,-0.6924677491188049,5.001879632472992
2-HOC10H7,Oc1ccc2ccccc2c1,tert-RO2*,-$6.80,21.9,12000.0,333.0,351.8,Phenol,Hydrogen Abstraction,,30.0,3.2 Table,True,-5.694347381591797,-0.6924677491188049,5.001879632472992
1-HOC14H9,Oc1cccc2c1ccc1ccccc12,HO2*,-$16.30,17.4,60000.0,333.0,352.7,Phenol,Hydrogen Abstraction,,32.0,3.2 Table,True,-5.597823619842529,-0.8352842330932617,4.762539386749268
1-HOC14H9,Oc1cccc2c1ccc1ccccc12,sec-RO2*,-$12.80,19.0,33000.0,333.0,352.7,Phenol,Hydrogen Abstraction,,32.0,3.2 Table,True,-5.597823619842529,-0.8352842330932617,4.762539386749268
1-HOC14H9,Oc1cccc2c1ccc1ccccc12,tert-RO2*,-$5.90,22.3,10000.0,333.0,352.7,Phenol,Hydrogen Abstraction,,32.0,3.2 Table,True,-5.597823619842529,-0.8352842330932617,4.762539386749268
C6H5OH,Oc1ccccc1,HO2*,-$2.00,24.2,5100.0,333.0,367.0,Phenol,Hydrogen Abstraction,,36.0,3.2 Table,True,-6.048270225524902,0.22345995903015137,6.271730184555054
C6H5OH,Oc1ccccc1,sec-RO2*,$1.50,25.9,2800.0,333.0,367.0,Phenol,Hydrogen Abstraction,,36.0,3.2 Table,True,-6.048270225524902,0.22345995903015137,6.271730184555054
C6H5OH,Oc1ccccc1,tert-RO2*,$8.40,29.5,750.0,333.0,367.0,Phenol,Hydrogen Abstraction,,36.0,3.2 Table,True,-6.048270225524902,0.22345995903015137,6.271730184555054
4-CH3COC6H4OH,CC(=O)c1ccc(O)cc1,HO2*,$0.50,25.4,3300.0,333.0,369.5,Phenol,Hydrogen Abstraction,,38.0,3.2 Table,True,-6.2654500007629395,-1.2383493185043335,5.027100682258606
4-CH3COC6H4OH,CC(=O)c1ccc(O)cc1,sec-RO2*,$4.00,27.2,1700.0,333.0,369.5,Phenol,Hydrogen Abstraction,,38.0,3.2 Table,True,-6.2654500007629395,-1.2383493185043335,5.027100682258606
4-CH3COC6H4OH,CC(=O)c1ccc(O)cc1,tert-RO2*,$10.90,30.8,470.0,333.0,369.5,Phenol,Hydrogen Abstraction,,38.0,3.2 Table,True,-6.2654500007629395,-1.2383493185043335,5.027100682258606
4-NH2C6H4OH,Nc1ccc(O)cc1,HO2*,-$14.30,18.3,43000.0,333.0,354.7,Phenol,Hydrogen Abstraction,,40.0,3.2 Table,True,-5.022120475769043,0.8767513036727905,5.8988717794418335
4-NH2C6H4OH,Nc1ccc(O)cc1,sec-RO2*,-$10.80,20.0,23000.0,333.0,354.7,Phenol,Hydrogen Abstraction,,40.0,3.2 Table,True,-5.022120475769043,0.8767513036727905,5.8988717794418335
4-NH2C6H4OH,Nc1ccc(O)cc1,tert-RO2*,-$3.90,23.3,7100.0,333.0,354.7,Phenol,Hydrogen Abstraction,,40.0,3.2 Table,True,-5.022120475769043,0.8767513036727905,5.8988717794418335
4-C6H5CH2OC6H4OH,Oc1ccc(OCc2ccccc2)cc1,HO2*,-$21.50,15.1,140000.0,333.0,347.5,Phenol,Hydrogen Abstraction,,41.0,3.2 Table,True,-5.596794605255127,-0.11309798061847687,5.48369662463665
4-C6H5CH2OC6H4OH,Oc1ccc(OCc2ccccc2)cc1,sec-RO2*,-$18.00,16.6,80000.0,333.0,347.5,Phenol,Hydrogen Abstraction,,41.0,3.2 Table,True,-5.596794605255127,-0.11309798061847687,5.48369662463665
4-C6H5CH2OC6H4OH,Oc1ccc(OCc2ccccc2)cc1,tert-RO2*,-$11.10,19.8,25000.0,333.0,347.5,Phenol,Hydrogen Abstraction,,41.0,3.2 Table,True,-5.596794605255127,-0.11309798061847687,5.48369662463665
4-CH3(CH2)3OC6H4OH,CCCCOc1ccc(O)cc1,HO2*,-$23.20,14.3,180000.0,333.0,345.8,Phenol,Hydrogen Abstraction,,44.0,3.2 Table,True,-5.706371784210205,0.21124939620494843,5.9176211804151535
4-CH3(CH2)3OC6H4OH,CCCCOc1ccc(O)cc1,sec-RO2*,-$19.70,15.9,100000.0,333.0,345.8,Phenol,Hydrogen Abstraction,,44.0,3.2 Table,True,-5.706371784210205,0.21124939620494843,5.9176211804151535
4-CH3(CH2)3OC6H4OH,CCCCOc1ccc(O)cc1,tert-RO2*,-$12.80,19.0,33000.0,333.0,345.8,Phenol,Hydrogen Abstraction,,44.0,3.2 Table,True,-5.706371784210205,0.21124939620494843,5.9176211804151535
4-(CH3)3CC6H4OH,CC(C)(C)c1ccc(O)cc1,HO2*,-$12.10,19.3,30000.0,333.0,356.9,Phenol,Hydrogen Abstraction,,46.0,3.2 Table,True,-5.867645740509033,0.04890638217329979,5.916552122682333
4-(CH3)3CC6H4OH,CC(C)(C)c1ccc(O)cc1,sec-RO2*,-$8.60,21.0,16000.0,333.0,356.9,Phenol,Hydrogen Abstraction,,46.0,3.2 Table,True,-5.867645740509033,0.04890638217329979,5.916552122682333
4-(CH3)3CC6H4OH,CC(C)(C)c1ccc(O)cc1,tert-RO2*,-$1.70,24.3,4900.0,333.0,356.9,Phenol,Hydrogen Abstraction,,46.0,3.2 Table,True,-5.867645740509033,0.04890638217329979,5.916552122682333
"2,4-[(CH3)3C]2C6H3OH",CC(C)(C)c1ccc(O)c(C(C)(C)C)c1,HO2*,-$11.50,19.6,27000.0,333.0,357.5,Phenol,Hydrogen Abstraction,,47.0,3.2 Table,True,-5.704798221588135,-0.03940916433930397,5.665389057248831
"2,4-[(CH3)3C]2C6H3OH",CC(C)(C)c1ccc(O)c(C(C)(C)C)c1,sec-RO2*,-$8.00,21.3,15000.0,333.0,357.5,Phenol,Hydrogen Abstraction,,47.0,3.2 Table,True,-5.704798221588135,-0.03940916433930397,5.665389057248831
"2,4-[(CH3)3C]2C6H3OH",CC(C)(C)c1ccc(O)c(C(C)(C)C)c1,tert-RO2*,-$1.10,24.6,4400.0,333.0,357.5,Phenol,Hydrogen Abstraction,,47.0,3.2 Table,True,-5.704798221588135,-0.03940916433930397,5.665389057248831
"2-(CH3)3C-4,6-(CH3)2C6H2OH",Cc1cc(C)c(O)c(C(C)(C)C)c1,HO2*,-$15.20,17.9,50000.0,333.0,353.8,Phenol,Hydrogen Abstraction,,74.0,3.2 Table,True,-5.526060104370117,0.34881892800331116,5.874879032373428
"2-(CH3)3C-4,6-(CH3)2C6H2OH",Cc1cc(C)c(O)c(C(C)(C)C)c1,sec-RO2*,-$11.70,19.5,28000.0,333.0,353.8,Phenol,Hydrogen Abstraction,,74.0,3.2 Table,True,-5.526060104370117,0.34881892800331116,5.874879032373428
"2-(CH3)3C-4,6-(CH3)2C6H2OH",Cc1cc(C)c(O)c(C(C)(C)C)c1,tert-RO2*,-$4.80,22.8,8500.0,333.0,353.8,Phenol,Hydrogen Abstraction,,74.0,3.2 Table,True,-5.526060104370117,0.34881892800331116,5.874879032373428
2-(CH3)3C-4-CH3OC6H3OH,COc1ccc(O)c(C(C)(C)C)c1,HO2*,-$27.60,12.4,360000.0,333.0,341.4,Phenol,Hydrogen Abstraction,,75.0,3.2 Table,True,-5.413139820098877,0.1772654503583908,5.590405270457268
2-(CH3)3C-4-CH3OC6H3OH,COc1ccc(O)c(C(C)(C)C)c1,sec-RO2*,-$24.10,13.9,210000.0,333.0,341.4,Phenol,Hydrogen Abstraction,,75.0,3.2 Table,True,-5.413139820098877,0.1772654503583908,5.590405270457268
2-(CH3)3C-4-CH3OC6H3OH,COc1ccc(O)c(C(C)(C)C)c1,tert-RO2*,-$17.20,17.0,69000.0,333.0,341.4,Phenol,Hydrogen Abstraction,,75.0,3.2 Table,True,-5.413139820098877,0.1772654503583908,5.590405270457268
4-CH3OC6H4OH,COc1ccc(O)cc1,HO2*,-$20.00,15.7,110000.0,333.0,349.0,Phenol,Hydrogen Abstraction,,78.0,3.2 Table,True,-5.547805309295654,0.39801016449928284,5.945815473794937
4-CH3OC6H4OH,COc1ccc(O)cc1,sec-RO2*,-$16.50,17.3,62000.0,333.0,349.0,Phenol,Hydrogen Abstraction,,78.0,3.2 Table,True,-5.547805309295654,0.39801016449928284,5.945815473794937
4-CH3OC6H4OH,COc1ccc(O)cc1,tert-RO2*,-$9.60,20.5,19000.0,333.0,349.0,Phenol,Hydrogen Abstraction,,78.0,3.2 Table,True,-5.547805309295654,0.3980102241039276,5.945815533399582
"2,3-(CH3)2C6H3OH",Cc1cccc(O)c1C,HO2*,-$15.50,17.8,52000.0,333.0,353.5,Phenol,Hydrogen Abstraction,,79.0,3.2 Table,True,-5.651112079620361,-0.019930411130189896,5.631181668490171
"2,3-(CH3)2C6H3OH",Cc1cccc(O)c1C,sec-RO2*,-$12.00,19.4,29000.0,333.0,353.5,Phenol,Hydrogen Abstraction,,79.0,3.2 Table,True,-5.651112079620361,-0.019930411130189896,5.631181668490171
"2,3-(CH3)2C6H3OH",Cc1cccc(O)c1C,tert-RO2*,-$5.10,22.7,8800.0,333.0,353.5,Phenol,Hydrogen Abstraction,,79.0,3.2 Table,True,-5.651112079620361,-0.019930411130189896,5.631181668490171
"3,4-(CH3)2C6H3OH",Cc1ccc(O)cc1C,HO2*,-$16.40,17.4,60000.0,333.0,352.6,Phenol,Hydrogen Abstraction,,80.0,3.2 Table,True,-5.924914836883545,0.29155200719833374,6.216466844081879
"3,4-(CH3)2C6H3OH",Cc1ccc(O)cc1C,sec-RO2*,-$12.90,19.0,33000.0,333.0,352.6,Phenol,Hydrogen Abstraction,,80.0,3.2 Table,True,-5.924914836883545,0.29155200719833374,6.216466844081879
"3,4-(CH3)2C6H3OH",Cc1ccc(O)cc1C,tert-RO2*,-$6.00,22.2,11000.0,333.0,352.6,Phenol,Hydrogen Abstraction,,80.0,3.2 Table,True,-5.924914836883545,0.29155200719833374,6.216466844081879
"3,5-(CH3)2C6H3OH",Cc1cc(C)cc(O)c1,HO2*,-$15.00,18.0,48000.0,333.0,354.0,Phenol,Hydrogen Abstraction,,81.0,3.2 Table,True,-5.712029457092285,0.5152607560157776,6.227290213108063
"3,5-(CH3)2C6H3OH",Cc1cc(C)cc(O)c1,sec-RO2*,-$11.50,19.6,27000.0,333.0,354.0,Phenol,Hydrogen Abstraction,,81.0,3.2 Table,True,-5.712029457092285,0.5152607560157776,6.227290213108063
"3,5-(CH3)2C6H3OH",Cc1cc(C)cc(O)c1,tert-RO2*,-$4.60,22.9,8200.0,333.0,354.0,Phenol,Hydrogen Abstraction,,81.0,3.2 Table,True,-5.712029457092285,0.5152607560157776,6.227290213108063
"2,4-(CH3)2C6H3OH",Cc1ccc(O)c(C)c1,HO2*,-$10.50,20.0,23000.0,333.0,358.5,Phenol,Hydrogen Abstraction,,82.0,3.2 Table,True,-5.714666366577148,0.1741000860929489,5.888766452670097
"2,4-(CH3)2C6H3OH",Cc1ccc(O)c(C)c1,sec-RO2*,-$7.00,21.8,12000.0,333.0,358.5,Phenol,Hydrogen Abstraction,,82.0,3.2 Table,True,-5.714666366577148,0.1741000860929489,5.888766452670097
"2,4-(CH3)2C6H3OH",Cc1ccc(O)c(C)c1,tert-RO2*,-$0.10,25.2,3600.0,333.0,358.5,Phenol,Hydrogen Abstraction,,82.0,3.2 Table,True,-5.714666366577148,0.1741000860929489,5.888766452670097
"2,6-(CH3)2C6H3OH",Cc1cccc(C)c1O,HO2*,-$14.10,18.4,42000.0,333.0,354.9,Phenol,Hydrogen Abstraction,,83.0,3.2 Table,True,-5.777601718902588,-0.04856264963746071,5.729039069265127
"2,6-(CH3)2C6H3OH",Cc1cccc(C)c1O,sec-RO2*,-$10.60,20.0,23000.0,333.0,354.9,Phenol,Hydrogen Abstraction,,83.0,3.2 Table,True,-5.777601718902588,-0.04856264963746071,5.729039069265127
"2,6-(CH3)2C6H3OH",Cc1cccc(C)c1O,tert-RO2*,-$3.70,23.3,7100.0,333.0,354.9,Phenol,Hydrogen Abstraction,,83.0,3.2 Table,True,-5.777601718902588,-0.04856264963746071,5.729039069265127
4-(CH3)2NC6H4OH,CN(C)c1ccc(O)cc1,HO2*,-$42.20,6.6,3000000.0,333.0,326.8,Phenol,Hydrogen Abstraction,,85.0,3.2 Table,True,-5.471067905426025,-0.0561252124607563,5.414942692965269
4-(CH3)2NC6H4OH,CN(C)c1ccc(O)cc1,sec-RO2*,-$38.70,7.9,1800000.0,333.0,326.8,Phenol,Hydrogen Abstraction,,85.0,3.2 Table,True,-5.471067905426025,-0.0561252124607563,5.414942692965269
4-(CH3)2NC6H4OH,CN(C)c1ccc(O)cc1,tert-RO2*,-$31.80,10.7,670000.0,333.0,326.8,Phenol,Hydrogen Abstraction,,85.0,3.2 Table,True,-5.471067905426025,-0.0561252124607563,5.414942692965269
"2,4,6-(CH3)3C6H2OH",Cc1cc(C)c(O)c(C)c1,HO2*,-$22.20,14.8,150000.0,333.0,346.8,Phenol,Hydrogen Abstraction,,110.0,3.2 Table,True,-5.477292060852051,0.4837496876716614,5.961041748523712
"2,4,6-(CH3)3C6H2OH",Cc1cc(C)c(O)c(C)c1,sec-RO2*,-$18.70,16.3,89000.0,333.0,346.8,Phenol,Hydrogen Abstraction,,110.0,3.2 Table,True,-5.477292060852051,0.4837496876716614,5.961041748523712
"2,4,6-(CH3)3C6H2OH",Cc1cc(C)c(O)c(C)c1,tert-RO2*,-$11.80,19.5,28000.0,333.0,346.8,Phenol,Hydrogen Abstraction,,110.0,3.2 Table,True,-5.477292060852051,0.4837496876716614,5.961041748523712
alpha-Tocopherol,Cc1c(C)c2c(c(C)c1O)CCC(C)(CCCC(C)CCCC(C)CCCC(C)C)O2,HO2*,-$41.30,6.9,2600000.0,333.0,327.7,Phenol,Hydrogen Abstraction,,130.0,3.2 Table,True,-5.149246692657471,0.08438126742839813,5.233627960085869
alpha-Tocopherol,Cc1c(C)c2c(c(C)c1O)CCC(C)(CCCC(C)CCCC(C)CCCC(C)C)O2,sec-RO2*,-$37.80,8.2,1700000.0,333.0,327.7,Phenol,Hydrogen Abstraction,,130.0,3.2 Table,True,-5.149246692657471,0.08438126742839813,5.233627960085869
alpha-Tocopherol,Cc1c(C)c2c(c(C)c1O)CCC(C)(CCCC(C)CCCC(C)CCCC(C)C)O2,tert-RO2*,-$30.90,11.0,600000.0,333.0,327.7,Phenol,Hydrogen Abstraction,,130.0,3.2 Table,True,-5.149246692657471,0.08438126742839813,5.233627960085869
beta-Tocopherol,Cc1cc(O)c(C)c2c1O[C@](C)(CCC[C@H](C)CCC[C@H](C)CCCC(C)C)CC2,HO2*,-$36.60,8.7,1400000.0,333.0,332.4,Phenol,Hydrogen Abstraction,,131.0,3.2 Table,True,-5.359154224395752,0.42040693759918213,5.779561161994934
beta-Tocopherol,Cc1cc(O)c(C)c2c1O[C@](C)(CCC[C@H](C)CCC[C@H](C)CCCC(C)C)CC2,sec-RO2*,-$33.10,10.2,800000.0,333.0,332.4,Phenol,Hydrogen Abstraction,,131.0,3.2 Table,True,-5.359154224395752,0.42040693759918213,5.779561161994934
beta-Tocopherol,Cc1cc(O)c(C)c2c1O[C@](C)(CCC[C@H](C)CCC[C@H](C)CCCC(C)C)CC2,tert-RO2*,-$26.20,13.0,290000.0,333.0,332.4,Phenol,Hydrogen Abstraction,,131.0,3.2 Table,True,-5.359154224395752,0.42040693759918213,5.779561161994934
delta-Tocopherol,Cc1cc(O)cc2c1OC(C)(CCCC(C)CCCC(C)CCCC(C)C)CC2,HO2*,-$52.00,2.9,11000000.0,333.0,317.0,Phenol,Hydrogen Abstraction,,133.0,3.2 Table,True,-5.551511287689209,0.30757179856300354,5.8590830862522125
delta-Tocopherol,Cc1cc(O)cc2c1OC(C)(CCCC(C)CCCC(C)CCCC(C)C)CC2,sec-RO2*,-$48.50,4.2,7000000.0,333.0,317.0,Phenol,Hydrogen Abstraction,,133.0,3.2 Table,True,-5.551511287689209,0.30757179856300354,5.8590830862522125
delta-Tocopherol,Cc1cc(O)cc2c1OC(C)(CCCC(C)CCCC(C)CCCC(C)C)CC2,tert-RO2*,-$41.60,6.8,2700000.0,333.0,317.0,Phenol,Hydrogen Abstraction,,133.0,3.2 Table,True,-5.551511287689209,0.30757179856300354,5.8590830862522125
"2,2'-Azinobis(3-ethylbenzothiazoline-6-sulfonate ion)",CCn1/c(=N\N=c2\sc3cc(S(=O)(=O)[O-])ccc3n2CC)sc2cc(S(=O)(=O)[O-])ccc21,sec-RO2*,,14.0,5000000.0,,,,,7.0,,Journal Tables 6 and 7,True,-5.530017375946045,-2.4644381999969482,3.0655791759490967
"N,N,N',N'-Tetramethyl-p-phenylenediamine",CN(C)c1ccc(N(C)C)cc1,sec-RO2*,,17.0,160000000.0,,,,,8.0,,Journal Tables 6 and 7,True,-5.144876956939697,0.2757175862789154,5.420594543218613
"2,3,9,10-Tetramethyl-1,4,8,11-tetraazacyclotetradeca-1,3,8,10-tetraenecobalt(II) ion",CC1=NCCCN=C(C(=NCCCN=C1C)C)C.[Co+2],CH3OO*,,,120000000.0,298.0,,,,3.0,,Journal Tables 6 and 7,True,-5.263818264007568,-1.3213189840316772,3.942499279975891
Nitrilotriacetatocobalt(II) ion,O=C([O-])CN(CC(=O)[O-])CC(=O)[O-].[Co+2],CH3OO*,,,100000000.0,298.0,,,,6.0,,Journal Tables 6 and 7,True,-6.477406024932861,-2.060154676437378,4.417251348495483
Ascorbate ion,O=C1O[C@H](CO)OC1=C([O-])CO,CH3OO*,,,1700000.0,298.0,,,,7.0,,Journal Tables 6 and 7,True,-6.789895057678223,-1.937160849571228,4.852734208106995
Bilirubin dianion,C=CC1=C(C)/C(=C/C2=C(C)C(CCC(=O)[O-])=C(CC3=C(CCC(=O)[O-])C(C)=C(/C=C4\NC(=O)C(C)=C4C=C)N3)N2)NC1=O,CH3OO*,,,57000000.0,298.0,,,,11.0,,Journal Tables 6 and 7,True,-5.235981464385986,-2.4937167167663574,2.742264747619629
Hydroquinone,Oc1ccc(O)cc1,CH3OO*,,,1000000.0,298.0,,,,7.0,,Journal Tables 6 and 7,True,-5.50109338760376,0.2929626703262329,5.794056057929993
"6-Hydroxy-2,5,7,8-tetramethyl-1-benzopyran-2-carboxylic acid",Cc1c(C)c(O)c2c(c1C)CC(C)(C(=O)O)CO2,CH3OO*,,,100000.0,298.0,,,,4.0,,Journal Tables 6 and 7,True,-5.559611797332764,-0.0372183658182621,5.522393431514502
"5-Hydroxytryptophan, conjugate base",N[C@@H](Cc1c[nH]c2ccc(O)cc12)C(=O)[O-],CH3OO*,,,7000000.0,298.0,,,,13.0,,Journal Tables 6 and 7,True,-5.777189254760742,-1.1533032655715942,4.623885989189148
Isobarbiturate ion,O=C1CNC(=O)[N-]C1=O,CH3OO*,,,47000000.0,298.0,,,,13.0,,Journal Tables 6 and 7,True,-7.747908592224121,-3.115994930267334,4.631913661956787
Phenoxide ion,[O-]c1ccccc1,CH3OO*,,,1000000.0,298.0,,,,12.0,,Journal Tables 6 and 7,True,-6.271254062652588,-1.0360302925109863,5.235223770141602
"N,N,N',N'-Tetramethyl-p-phenylenediamine",CN(C)c1ccc(N(C)C)cc1,CH3OO*,,,37000000.0,298.0,,,,7.0,,Journal Tables 6 and 7,True,-5.144876956939697,0.2757175862789154,5.420594543218613
"N,N,N',N'-Tetramethyl-p-phenylenediamine",CN(C)c1ccc(N(C)C)cc1,CH3OO*,,,43000000.0,298.0,,,,8.0,,Journal Tables 6 and 7,True,-5.144876956939697,0.2757175862789154,5.420594543218613
"Tyrosine, negative ion",N[C@@H](Cc1ccc(O)cc1)C(=O)[O-],CH3OO*,,,1000000.0,298.0,,,,12.0,,Journal Tables 6 and 7,True,-6.421257972717285,-1.472711205482483,4.948546767234802
Urate ion,O=c1[n-]c(=O)c2[nH]c(=O)[nH]c2[nH]1,CH3OO*,,,8800000.0,298.0,,,,13.0,,Journal Tables 6 and 7,True,-6.24313497543335,-2.2443277835845947,3.998807191848755
"Xanthine, negative ion",O=c1[n-]c(=O)c2[nH]cnc2[nH]1,CH3OO*,,,3000000.0,298.0,,,,13.0,,Journal Tables 6 and 7,True,-6.207676410675049,-2.082895278930664,4.124781131744385
Bilirubin dianion,C=CC1=C(C)/C(=C/C2=C(C)C(CCC(=O)[O-])=C(CC3=C(CCC(=O)[O-])C(C)=C(/C=C4\NC(=O)C(C)=C4C=C)N3)N2)NC1=O,HO2*,,,41000000.0,298.0,,,,11.0,,Journal Tables 6 and 7,True,-5.235981464385986,-2.4937167167663574,2.742264747619629
"N,N,N',N'-Tetramethyl-p-phenylenediamine",CN(C)c1ccc(N(C)C)cc1,sec-RO2*,,,9200000.0,298.0,,,,8.0,,Journal Tables 6 and 7,True,-5.144876956939697,0.2757175862789154,5.420594543218613
"N,N,N',N'-Tetramethyl-p-phenylenediamine",CN(C)c1ccc(N(C)C)cc1,HO2*,,,29000000.0,298.0,,,,8.0,,Journal Tables 6 and 7,True,-5.144876956939697,0.2757175862789154,5.420594543218613
"N,N,N',N'-Tetramethyl-p-phenylenediamine",CN(C)c1ccc(N(C)C)cc1,tert-RO2*,,,1100000.0,298.0,,,,8.0,,Journal Tables 6 and 7,True,-5.144876956939697,0.2757175862789154,5.420594543218613
Urate ion,O=c1[n-]c(=O)c2[nH]c(=O)[nH]c2[nH]1,RO2*,,,290000000.0,298.0,,,,13.0,,Journal Tables 6 and 7,True,-6.24313497543335,-2.2443277835845947,3.998807191848755
"Xanthine, negative ion",O=c1[n-]c(=O)c2[nH]cnc2[nH]1,RO2*,,,1000000000.0,298.0,,,,13.0,,Journal Tables 6 and 7,True,-6.207676410675049,-2.082895278930664,4.124781131744385
"2,2'-Azinobis(3-ethylbenzothiazoline-6-sulfonate ion)",CCn1/c(=N\N=c2\sc3cc(S(=O)(=O)[O-])ccc3n2CC)sc2cc(S(=O)(=O)[O-])ccc21,RO2*,,,500000000.0,298.0,,,,7.0,,Journal Tables 6 and 7,True,-5.530017375946045,-2.464437961578369,3.065579414367676
"Chlorpromazine, conjugate acid",CC(C[NH+](C)C)N1c2ccccc2Sc2ccc(Cl)cc21,RO2*,,,750000000.0,298.0,,,,6.0,,Journal Tables 6 and 7,True,-5.3031744956970215,-0.5184268355369568,4.784747660160065
"Promethazine, conjugate acid",CC(C[NH+](C)C)N1c2ccccc2Sc2ccccc21,RO2*,,,340000000.0,298.0,,,,6.0,,Journal Tables 6 and 7,True,-5.094334125518799,-0.3938588798046112,4.700475245714188
"Propyl 3,4,5-trihydroxybenzoate",CCCOC(=O)c1cc(O)c(O)c(O)c1,RO2*,,,54000000.0,298.0,,,,6.0,,Journal Tables 6 and 7,True,-5.622186660766602,-0.7168188691139221,4.905367791652679
"Propyl 3,4,5-trihydroxybenzoate",CCCOC(=O)c1cc(O)c(O)c(O)c1,RO2*,,,1100000000.0,298.0,,,,9.0,,Journal Tables 6 and 7,True,-5.622186660766602,-0.7168188691139221,4.905367791652679
Ascorbate ion,O=C1O[C@H](CO)OC1=C([O-])CO,sec-RO2*,,,2700000000.0,298.0,,,,7.0,,Journal Tables 6 and 7,True,-6.789895057678223,-1.937160849571228,4.852734208106995
"2,2'-Azinobis(3-ethylbenzothiazoline-6-sulfonate ion)",CCn1/c(=N\N=c2\sc3cc(S(=O)(=O)[O-])ccc3n2CC)sc2cc(S(=O)(=O)[O-])ccc21,sec-RO2*,,,100000000.0,298.0,,,,7.0,,Journal Tables 6 and 7,True,-5.530017375946045,-2.464437961578369,3.065579414367676
"Chlorpromazine, conjugate acid",CC(C[NH+](C)C)N1c2ccccc2Sc2ccc(Cl)cc21,sec-RO2*,,,310000000.0,298.0,,,,5.0,,Journal Tables 6 and 7,True,-5.3031744956970215,-0.5184268355369568,4.784747660160065
"Promethazine, conjugate acid",CC(C[NH+](C)C)N1c2ccccc2Sc2ccccc21,sec-RO2*,,,120000000.0,298.0,,,,5.0,,Journal Tables 6 and 7,True,-5.094334125518799,-0.3938588798046112,4.700475245714188
"Propyl 3,4,5-trihydroxybenzoate",CCCOC(=O)c1cc(O)c(O)c(O)c1,sec-RO2*,,,21000000.0,298.0,,,,5.0,,Journal Tables 6 and 7,True,-5.622186660766602,-0.7168188691139221,4.905367791652679
"Propyl 3,4,5-trihydroxybenzoate",CCCOC(=O)c1cc(O)c(O)c(O)c1,sec-RO2*,,,450000000.0,298.0,,,,8.0,,Journal Tables 6 and 7,True,-5.622186660766602,-0.7168188691139221,4.905367791652679
"Iron(III) deuteroporphyrin, dimethyl ester, (2-propanol)2",COC(=O)CCC1=C(C)c2cc3cc(C)c(cc4cc(C)c(cc5nc(cc1n2)C(CCC(=O)OC)=C5C)[n-]4)[n-]3.[Fe+3].CC(C)O.CC(C)O,RO2*,,,77000000.0,298.0,,,,3.0,,Journal Tables 6 and 7,True,-5.749120235443115,-2.8048839569091797,2.9442362785339355
"2,2'-Azinobis(3-ethylbenzothiazoline-6-sulfonate ion)",CCn1/c(=N\N=c2\sc3cc(S(=O)(=O)[O-])ccc3n2CC)sc2cc(S(=O)(=O)[O-])ccc21,RO2*,,,44000000.0,298.0,,,,6.0,,Journal Tables 6 and 7,True,-5.530017375946045,-2.464437961578369,3.065579414367676
Bilirubin dianion,C=CC1=C(C)/C(=C/C2=C(C)C(CCC(=O)[O-])=C(CC3=C(CCC(=O)[O-])C(C)=C(/C=C4\NC(=O)C(C)=C4C=C)N3)N2)NC1=O,RO2*,,,150000000.0,298.0,,,,11.0,,Journal Tables 6 and 7,True,-5.235981464385986,-2.4937167167663574,2.742264747619629
"6-Hydroxy-2,5,7,8-tetramethylchroman-2-carboxylate ion",Cc1c(C)c(O)c2c(c1C)OC(C)(C(=O)[O-])CC2,RO2*,,,16000000.0,298.0,,,,7.0,,Journal Tables 6 and 7,True,-5.810164928436279,-0.9196957945823669,4.890469133853912
"Chlorpromazine, conjugate acid",CC(C[NH+](C)C)N1c2ccccc2Sc2ccc(Cl)cc21,sec-RO2*,,,890000000.0,298.0,,,,6.0,,Journal Tables 6 and 7,True,-5.3031744956970215,-0.5184268355369568,4.784747660160065
"Promethazine, conjugate acid",CC(C[NH+](C)C)N1c2ccccc2Sc2ccccc21,sec-RO2*,,,89000000.0,298.0,,,,6.0,,Journal Tables 6 and 7,True,-5.094334125518799,-0.3938588798046112,4.700475245714188
"Propyl 3,4,5-trihydroxybenzoate",CCCOC(=O)c1cc(O)c(O)c(O)c1,sec-RO2*,,,29000000.0,298.0,,,,6.0,,Journal Tables 6 and 7,True,-5.622186660766602,-0.7168188691139221,4.905367791652679
Bilirubin dianion,C=CC1=C(C)/C(=C/C2=C(C)C(CCC(=O)[O-])=C(CC3=C(CCC(=O)[O-])C(C)=C(/C=C4\NC(=O)C(C)=C4C=C)N3)N2)NC1=O,sec-RO2*,,,84000000.0,298.0,,,,11.0,,Journal Tables 6 and 7,True,-5.235981464385986,-2.4937167167663574,2.742264747619629
Ascorbate ion,O=C1O[C@H](CO)OC1=C([O-])CO,RO2*,,,51000000.0,298.0,,,,7.0,,Journal Tables 6 and 7,True,-6.789895057678223,-1.937160849571228,4.852734208106995
"Iron(III) deuteroporphyrin, dimethyl ester, (2-propanol)2",COC(=O)CCC1=C(C)c2cc3cc(C)c(cc4cc(C)c(cc5nc(cc1n2)C(CCC(=O)OC)=C5C)[n-]4)[n-]3.[Fe+3].CC(C)O.CC(C)O,sec-RO2*,,,90000000.0,298.0,,,,1.0,,Journal Tables 6 and 7,True,-5.749120235443115,-2.8048839569091797,2.9442362785339355
Iron(III) deuteroporphyrin IX (2-propoxy)(2-propanol),CC1=C(CCC(=O)O)c2cc3nc(cc4[n-]c(cc4C)cc4[n-]c(cc1n2)cc4C)C(C)=C3CCC(=O)O.[Fe+3].CC(C)[O-].CC(C)O,sec-RO2*,,,35000000.0,298.0,,,,12.0,,Journal Tables 6 and 7,True,-5.456484317779541,-2.833054542541504,2.623429775238037
"Chlorpromazine, conjugate acid",CC(C[NH+](C)C)N1c2ccccc2Sc2ccc(Cl)cc21,sec-RO2*,,,500000000.0,298.0,,,,7.0,,Journal Tables 6 and 7,True,-5.3031744956970215,-0.5184268355369568,4.784747660160065
Cholesterol,CC(C)CCCC(C)C1CCC2C3CC=C4CC(O)CCC4(C)C3CC[C@]12C,sec-RO2*,,,50000.0,298.0,,,,1.0,,Journal Tables 6 and 7,True,-5.6658034324646,0.477238267660141,6.143041700124741
Cysteine,N[C@@H](CS)C(=O)O,sec-RO2*,,,29000000.0,298.0,,,,7.0,,Journal Tables 6 and 7,True,-6.681987285614014,-0.8255524039268494,5.856434881687164
Methionine,CSCC[C@H](N)C(=O)O,sec-RO2*,,,1400000.0,298.0,,,,10.0,,Journal Tables 6 and 7,True,-6.190829277038574,-0.4125308394432068,5.778298437595367
"Metiazic acid, conjugate base",CN1c2ccccc2Sc2cc(CC([O-])=O)ccc21,sec-RO2*,,,1100000000.0,298.0,,,,7.0,,Journal Tables 6 and 7,True,-5.445435047149658,-1.7261853218078613,3.719249725341797
"Promethazine, conjugate acid",CC(C[NH+](C)C)N1c2ccccc2Sc2ccccc21,sec-RO2*,,,240000000.0,298.0,,,,7.0,,Journal Tables 6 and 7,True,-5.094334125518799,-0.3938588798046112,4.700475245714188
"Propyl 3,4,5-trihydroxybenzoate",CCCOC(=O)c1cc(O)c(O)c(O)c1,sec-RO2*,,,94000000.0,298.0,,,,7.0,,Journal Tables 6 and 7,True,-5.622186660766602,-0.7168188691139221,4.905367791652679
alpha-Tocopherol,Cc1c(C)c2c(c(C)c1O)CCC(C)(CCCC(C)CCCC(C)CCCC(C)C)O2,sec-RO2*,,,92000000.0,298.0,,,,7.0,,Journal Tables 6 and 7,True,-5.149247169494629,0.08438113331794739,5.233628302812576
"Tyrosine, negative ion",N[C@@H](Cc1ccc(O)cc1)C(=O)[O-],sec-RO2*,,,120000000.0,298.0,,,,12.0,,Journal Tables 6 and 7,True,-6.421257972717285,-1.472711205482483,4.948546767234802
Ascorbate ion,O=C1O[C@H](CO)OC1=C([O-])CO,Ar-O*,,,2500000.0,,,,,7.0,,Journal Tables 6 and 7,True,-6.789895057678223,-1.937160849571228,4.852734208106995
Iron(II) ion,[Fe+2],tert-RO2*,,,1700000.0,,,,,1.0,,Journal Tables 6 and 7,True,-6.893852233886719,0.06480248272418976,6.9586547166109085
"Iron(III) deuteroporphyrin, dimethyl ester, (2-propanol)2",COC(=O)CCC1=C(C)c2cc3cc(C)c(cc4cc(C)c(cc5nc(cc1n2)C(CCC(=O)OC)=C5C)[n-]4)[n-]3.[Fe+3].CC(C)O.CC(C)O,tert-RO2*,,,27000000.0,,,,,1.0,,Journal Tables 6 and 7,True,-5.749120235443115,-2.8048839569091797,2.9442362785339355
Ascorbate ion,O=C1O[C@H](CO)OC1=C([O-])CO,tert-RO2*,,,1100000.0,,,,,7.0,,Journal Tables 6 and 7,True,-6.789895057678223,-1.937160849571228,4.852734208106995
Linoleic acid,CCCCC/C=C\C/C=C\CCCCCCCC(=O)O,tert-RO2*,,,6000.0,,,,,1.0,,Journal Tables 6 and 7,True,-5.507609844207764,0.5880710482597351,6.095680892467499
Oleic acid,CCCCCCCC/C=C\CCCCCCCC(=O)O,tert-RO2*,,,3000.0,,,,,1.0,,Journal Tables 6 and 7,True,-5.797889709472656,0.4149928689002991,6.212882578372955
Ascorbate ion,O=C1O[C@H](CO)OC1=C([O-])CO,sec-RO2*,,,9000000.0,,,,,7.0,,Journal Tables 6 and 7,True,-6.789895057678223,-1.937160849571228,4.852734208106995
"Propyl 3,4,5-trihydroxybenzoate",CCCOC(=O)c1cc(O)c(O)c(O)c1,sec-RO2*,,,730000000.0,,,,,9.0,,Journal Tables 6 and 7,True,-5.622186660766602,-0.7168188691139221,4.905367791652679
Linoleic acid,CCCCC/C=C\C/C=C\CCCCCCCC(=O)O,sec-RO2*,,,42000000.0,,,,,11.0,,Journal Tables 6 and 7,True,-5.507609844207764,0.5880710482597351,6.095680892467499
alpha-Tocopherol,Cc1c(C)c2c(c(C)c1O)CCC(C)(CCCC(C)CCCC(C)CCCC(C)C)O2,sec-RO2*,,,1400000000.0,,,,,8.0,,Journal Tables 6 and 7,True,-5.149247169494629,0.08438113331794739,5.233628302812576
"N,N,N',N'-Tetramethyl-p-phenylenediamine",CN(C)c1ccc(N(C)C)cc1,sec-RO2*,,,160000000.0,,,,,7.0,,Journal Tables 6 and 7,True,-5.144876956939697,0.2757175862789154,5.420594543218613
"N,N,N',N'-Tetramethyl-p-phenylenediamine",CN(C)c1ccc(N(C)C)cc1,sec-RO2*,,,100000000.0,,,,,7.0,,Journal Tables 6 and 7,True,-5.144876956939697,0.2757175862789154,5.420594543218613
Norpseudopelletierine N-oxyl,C1CC2CC(=O)CC(C1)N2[O],sec-RO2*,,,31000000.0,,,,,7.0,,Journal Tables 6 and 7,True,-6.049010753631592,-0.7389305830001831,5.310080170631409
"2,2,6,6-Tetramethylpiperidine-N-oxyl",CC1(C)CCCC(C)(C)N1[O],sec-RO2*,,,13000000.0,,,,,7.0,,Journal Tables 6 and 7,True,-6.411068916320801,1.1713392734527588,7.58240818977356
Hydroquinone,Oc1ccc(O)cc1,sec-RO2*,,,100000000.0,,,,,7.0,,Journal Tables 6 and 7,True,-5.501092433929443,0.2929624915122986,5.794054925441742
4-Methoxyphenol,COc1ccc(O)cc1,sec-RO2*,,,1300000000.0,,,,,7.0,,Journal Tables 6 and 7,True,-5.547805309295654,0.3980102241039276,5.945815533399582
4-Methoxyphenol,COc1ccc(O)cc1,sec-RO2*,,,16000000.0,,,,,12.0,,Journal Tables 6 and 7,True,-5.547805309295654,0.3980102241039276,5.945815533399582
"2,2'-Azinobis(3-ethylbenzothiazoline-6-sulfonate ion)",CCn1/c(=N\N=c2\sc3cc(S(=O)(=O)[O-])ccc3n2CC)sc2cc(S(=O)(=O)[O-])ccc21,sec-RO2*,,,1800000000.0,,,,,5.0,,Journal Tables 6 and 7,True,-5.530017375946045,-2.464437961578369,3.065579414367676
"Chlorpromazine, conjugate acid",CC(C[NH+](C)C)N1c2ccccc2Sc2ccc(Cl)cc21,sec-RO2*,,,1200000000.0,,,,,5.0,,Journal Tables 6 and 7,True,-5.3031744956970215,-0.5184270143508911,4.78474748134613
"Promethazine, conjugate acid",CC(C[NH+](C)C)N1c2ccccc2Sc2ccccc21,sec-RO2*,,,1400000000.0,,,,,5.0,,Journal Tables 6 and 7,True,-5.094334125518799,-0.3938589096069336,4.700475215911865
"Propyl 3,4,5-trihydroxybenzoate",CCCOC(=O)c1cc(O)c(O)c(O)c1,sec-RO2*,,,2000000000.0,,,,,8.0,,Journal Tables 6 and 7,True,-5.622185707092285,-0.7168191075325012,4.905366599559784
"Iron(III) deuteroporphyrin, dimethyl ester",COC(=O)CCC1=C(C)c2cc3cc(C)c(cc4cc(C)c(cc5nc(cc1n2)C(CCC(=O)OC)=C5C)[n-]4)[n-]3.[Fe+3],sec-RO2*,,,230000000.0,,,,,3.0,,Journal Tables 6 and 7,True,-5.771949291229248,-2.8461225032806396,2.9258267879486084
"Iron(III) deuteroporphyrin, dimethyl ester, (2-propanol)2",COC(=O)CCC1=C(C)c2cc3cc(C)c(cc4cc(C)c(cc5nc(cc1n2)C(CCC(=O)OC)=C5C)[n-]4)[n-]3.[Fe+3].CC(C)O.CC(C)O,sec-RO2*,,,250000000.0,,,,,12.0,,Journal Tables 6 and 7,True,-5.749120235443115,-2.804884195327759,2.9442360401153564
"2,3,7,8,12,13,17,18-Octaethylporphinato(carbonyl)cyanoruthenium(II) ion",CCC1=C(C2=CC3=NC(=CC4=C(C(=C([N-]4)C=C5C(=C(C(=N5)C=C1[N-]2)CC)CC)CC)CC)C(=C3CC)CC)CC.[C-]#[O+].[Ru+2].[C-]#N,sec-RO2*,,,8000.0,,,,,8.0,,Journal Tables 6 and 7,True,-5.415714740753174,-3.0608510971069336,2.3548636436462402
Arachidonic acid,CCCCC/C=C\C/C=C\C/C=C\C/C=C\CCCC(=O)O,sec-RO2*,,,910000000.0,,,,,7.0,,Journal Tables 6 and 7,True,-5.389090061187744,0.1966238021850586,5.585713863372803
"2,2'-Azinobis(3-ethylbenzothiazoline-6-sulfonate ion)",CCn1/c(=N\N=c2\sc3cc(S(=O)(=O)[O-])ccc3n2CC)sc2cc(S(=O)(=O)[O-])ccc21,sec-RO2*,,,1900000000.0,,,,,6.0,,Journal Tables 6 and 7,True,-5.530017375946045,-2.464437961578369,3.065579414367676
"2,2'-Azinobis(3-ethylbenzothiazoline-6-sulfonate ion)",CCn1/c(=N\N=c2\sc3cc(S(=O)(=O)[O-])ccc3n2CC)sc2cc(S(=O)(=O)[O-])ccc21,sec-RO2*,,,2200000000.0,,,,,11.0,,Journal Tables 6 and 7,True,-5.530017375946045,-2.464437961578369,3.065579414367676
beta-Carotene,CC(C=CC=C(C)C=CC1=C(C)CCCC1(C)C)=CC=CC=C(C)C=CC=C(C)C=CC1=C(C)CCCC1(C)C,sec-RO2*,,,570000000.0,,,,,5.0,,Journal Tables 6 and 7,True,-4.976131916046143,-0.809960663318634,4.1661712527275085
"Chlorpromazine, conjugate acid",CC(C[NH+](C)C)N1c2ccccc2Sc2ccc(Cl)cc21,sec-RO2*,,,600000.0,,,,,1.0,,Journal Tables 6 and 7,True,-5.3031744956970215,-0.5184270143508911,4.78474748134613
Cholesterol,CC(C)CCCC(C)C1CCC2C3CC=C4CC(O)CCC4(C)C3CC[C@]12C,sec-RO2*,,,100000.0,,,,,7.0,,Journal Tables 6 and 7,True,-5.6658034324646,0.4772382378578186,6.143041670322418
2'-Deoxyadenosine 5'-monophosphate,Nc1ncnc2c1ncn2[C@H]1C[C@H](O)[C@@H](COP(=O)(O)O)O1,sec-RO2*,,,500000.0,,,,,7.0,,Journal Tables 6 and 7,True,-5.833990573883057,-0.8405755758285522,4.993414998054504
"2,3-Dimethyl-1-phenyl-3-pyrazolin-5-one",CC1=NN(c2ccccc2)C(=O)C1C,sec-RO2*,,,43000000.0,,,,,7.0,,Journal Tables 6 and 7,True,-5.949924945831299,-1.0440597534179688,4.90586519241333
Ethyl 2-hydroxyethyl sulfide,CCSCCO,sec-RO2*,,,140000000.0,,,,,4.0,,Journal Tables 6 and 7,True,-6.533044815063477,1.8025715351104736,8.33561635017395
1-Ethylthio-3-iodopropane,CCSCCI,sec-RO2*,,,3000000.0,,,,,7.0,,Journal Tables 6 and 7,True,-6.614696502685547,0.39691412448883057,7.011610627174377
Hexamethylbenzene,Cc1c(C)c(C)c(C)c(C)c1C,sec-RO2*,,,2500000.0,,,,,7.0,,Journal Tables 6 and 7,True,-5.675103664398193,0.6680805683135986,6.343184232711792
Histidine,N[C@@H](Cc1cnc[nH]1)C(=O)O,sec-RO2*,,,10000000.0,,,,,7.0,,Journal Tables 6 and 7,True,-6.108691215515137,-1.144253134727478,4.964438080787659
Hydroquinone,Oc1ccc(O)cc1,sec-RO2*,,,600000000.0,,,,,10.0,,Journal Tables 6 and 7,True,-5.501092433929443,0.2929624915122986,5.794054925441742
"5-Hydroxytryptophan, conjugate base",N[C@@H](Cc1c[nH]c2ccc(O)cc12)C(=O)[O-],sec-RO2*,,,150000000.0,,,,,7.0,,Journal Tables 6 and 7,True,-5.777189254760742,-1.1533030271530151,4.623886227607727
Indole,c1ccc2[nH]ccc2c1,sec-RO2*,,,65000000.0,,,,,7.0,,Journal Tables 6 and 7,True,-5.336069107055664,0.19603680074214935,5.532105907797813
Linoleic acid,CCCCC/C=C\C/C=C\CCCCCCCC(=O)O,sec-RO2*,,,500000.0,,,,,1.0,,Journal Tables 6 and 7,True,-5.5076093673706055,0.5880709886550903,6.095680356025696
Linolenic acid,CC/C=C\C/C=C\C/C=C\CCCCCCCC(=O)O,sec-RO2*,,,1100000.0,,,,,1.0,,Journal Tables 6 and 7,True,-5.48044490814209,0.3236215114593506,5.80406641960144
Linolenic acid,CC/C=C\C/C=C\C/C=C\CCCCCCCC(=O)O,sec-RO2*,,,29000000.0,,,,,10.0,,Journal Tables 6 and 7,True,-5.48044490814209,0.3236215114593506,5.80406641960144
Methionine,CSCC[C@H](N)C(=O)O,sec-RO2*,,,50000000.0,,,,,4.0,,Journal Tables 6 and 7,True,-6.190829753875732,-0.41253045201301575,5.778299301862717
4-Methoxybenzenethiol,COc1ccc(S)cc1,sec-RO2*,,,820000000.0,,,,,11.0,,Journal Tables 6 and 7,True,-5.735078811645508,-0.18161101639270782,5.5534677952528
4-Methoxybenzenethiolate ion,COc1ccc([S-])cc1,sec-RO2*,,,3400000.0,,,,,7.0,,Journal Tables 6 and 7,True,-5.673168659210205,-0.8348352313041687,4.838333427906036
4-Methoxyphenol,COc1ccc(O)cc1,sec-RO2*,,,820000000.0,,,,,11.0,,Journal Tables 6 and 7,True,-5.547805309295654,0.3980102241039276,5.945815533399582
Methyl 3-(methylthio)propionate,COC(=O)CCSC,sec-RO2*,,,220000000.0,,,,,11.0,,Journal Tables 6 and 7,True,-6.874838829040527,0.3545631170272827,7.22940194606781
3-(Methylthio)propionic acid,CSCCC(=O)O,sec-RO2*,,,100000.0,,,,,7.0,,Journal Tables 6 and 7,True,-6.911668300628662,0.6145820021629333,7.5262503027915955
Oleic acid,CCCCCCCC/C=C\CCCCCCCC(=O)O,sec-RO2*,,,400000.0,,,,,1.0,,Journal Tables 6 and 7,True,-5.797889709472656,0.4149928689002991,6.212882578372955
Oleic acid,CCCCCCCC/C=C\CCCCCCCC(=O)O,sec-RO2*,,,100000.0,,,,,7.0,,Journal Tables 6 and 7,True,-5.797889709472656,0.4149928689002991,6.212882578372955
Phenol,Oc1ccccc1,sec-RO2*,,,230000000.0,,,,,12.0,,Journal Tables 6 and 7,True,-6.0482707023620605,0.22345991432666779,6.271730616688728
Phenoxide ion,[O-]c1ccccc1,sec-RO2*,,,9600000.0,,,,,11.0,,Journal Tables 6 and 7,True,-6.271254062652588,-1.0360302925109863,5.235223770141602
Phenoxide ion,[O-]c1ccccc1,sec-RO2*,,,600000000.0,,,,,8.0,,Journal Tables 6 and 7,True,-6.271254062652588,-1.0360302925109863,5.235223770141602
"Promethazine, conjugate acid",CC(C[NH+](C)C)N1c2ccccc2Sc2ccccc21,sec-RO2*,,,140000000.0,,,,,4.0,,Journal Tables 6 and 7,True,-5.094334125518799,-0.3938588798046112,4.700475245714188
2-Propanol,CC(C)O,sec-RO2*,,,20000000.0,,,,,5.0,,Journal Tables 6 and 7,True,-6.912558555603027,1.6297796964645386,8.542338252067566
Pyridine,c1ccncc1,sec-RO2*,,,1700000000.0,,,,,8.0,,Journal Tables 6 and 7,True,-6.982906818389893,-0.0566163994371891,6.9262904189527035
"2,4,6-Trimethylphenoxide ion",Cc1cc(C)c([O-])c(C)c1,sec-RO2*,,,300000000.0,,,,,7.0,,Journal Tables 6 and 7,True,-5.441175937652588,-0.3958929181098938,5.045283019542694
Trypsin,Not applicable (protein/enzyme),sec-RO2*,,,89000000.0,,,,,7.0,,Journal Tables 6 and 7,False,,,
Tryptophan,N[C@@H](Cc1c[nH]c2ccccc12)C(=O)O,sec-RO2*,,,85000000.0,,,,,7.0,,Journal Tables 6 and 7,True,-5.7069268226623535,-0.6842090487480164,5.022717773914337
Tryptophyltyrosine,N[C@@H](Cc1c[nH]c2ccccc12)C(=O)N[C@@H](Cc1ccc(O)cc1)C(=O)O,sec-RO2*,,,10000.0,,,,,7.0,,Journal Tables 6 and 7,True,-5.757515907287598,-0.8607638478279114,4.896752059459686
Tyrosine,N[C@@H](Cc1ccc(O)cc1)C(=O)O,sec-RO2*,,,160000000.0,,,,,12.0,,Journal Tables 6 and 7,True,-6.211893081665039,-0.9570239186286926,5.254869163036346
"Tyrosine, negative ion",N[C@@H](Cc1ccc(O)cc1)C(=O)[O-],sec-RO2*,,,110000000.0,,,,,13.0,,Journal Tables 6 and 7,True,-6.421257972717285,-1.472711205482483,4.948546767234802
"Xanthine, negative ion",O=c1[n-]c(=O)c2[nH]cnc2[nH]1,sec-RO2*,,,260000000.0,,,,,11.0,,Journal Tables 6 and 7,True,-6.207676410675049,-2.082895278930664,4.124781131744385
Bilirubin dianion,C=CC1=C(C)/C(=C/C2=C(C)C(CCC(=O)[O-])=C(CC3=C(CCC(=O)[O-])C(C)=C(/C=C4\NC(=O)C(C)=C4C=C)N3)N2)NC1=O,sec-RO2*,,,40000000.0,,,,,7.0,,Journal Tables 6 and 7,True,-5.235981464385986,-2.4937167167663574,2.742264747619629
"Promethazine, conjugate acid",CC(C[NH+](C)C)N1c2ccccc2Sc2ccccc21,sec-RO2*,,,320000000.0,,,,,8.0,,Journal Tables 6 and 7,True,-5.094334125518799,-0.3938588798046112,4.700475245714188
"Propyl 3,4,5-trihydroxybenzoate",CCCOC(=O)c1cc(O)c(O)c(O)c1,sec-RO2*,,,150000000.0,,,,,8.0,,Journal Tables 6 and 7,True,-5.622186660766602,-0.7168188691139221,4.905367791652679
Ascorbate ion,O=C1O[C@H](CO)OC1=C([O-])CO,sec-RO2*,,,380000000.0,,,,,11.0,,Journal Tables 6 and 7,True,-6.789895057678223,-1.937160849571228,4.852734208106995
Bilirubin dianion,C=CC1=C(C)/C(=C/C2=C(C)C(CCC(=O)[O-])=C(CC3=C(CCC(=O)[O-])C(C)=C(/C=C4\NC(=O)C(C)=C4C=C)N3)N2)NC1=O,sec-RO2*,,,280000000.0,,,,,1.0,,Journal Tables 6 and 7,True,-5.235981464385986,-2.4937167167663574,2.742264747619629
"Iron(III) deuteroporphyrin, dimethyl ester, (2-propanol)2",COC(=O)CCC1=C(C)c2cc3cc(C)c(cc4cc(C)c(cc5nc(cc1n2)C(CCC(=O)OC)=C5C)[n-]4)[n-]3.[Fe+3].CC(C)O.CC(C)O,sec-RO2*,,,500000000.0,,,,,7.0,,Journal Tables 6 and 7,True,-5.749120235443115,-2.8048839569091797,2.9442362785339355
"Chlorpromazine, conjugate acid",CC(C[NH+](C)C)N1c2ccccc2Sc2ccc(Cl)cc21,sec-RO2*,,,770000000.0,,,,,5.0,,Journal Tables 6 and 7,True,-5.3031744956970215,-0.5184268355369568,4.784747660160065
Hydroquinone,Oc1ccc(O)cc1,sec-RO2*,,,120000000.0,,,,,1.0,,Journal Tables 6 and 7,True,-5.50109338760376,0.2929626703262329,5.794056057929993
Linolenic acid,CC/C=C\C/C=C\C/C=C\CCCCCCCC(=O)O,sec-RO2*,,,950000000.0,,,,,7.0,,Journal Tables 6 and 7,True,-5.480444431304932,0.32362180948257446,5.804066240787506
4-Methoxyphenol,COc1ccc(O)cc1,sec-RO2*,,,130000000.0,,,,,8.0,,Journal Tables 6 and 7,True,-5.547805309295654,0.3980102241039276,5.945815533399582
Ascorbate ion,O=C1O[C@H](CO)OC1=C([O-])CO,sec-RO2*,,,63000000.0,,,,,8.0,,Journal Tables 6 and 7,True,-6.789895057678223,-1.937160849571228,4.852734208106995
"3,5,7-Trihydroxy-2-(4-hydroxyphenyl)-2-benzopyran-4-one",O=c1c(O)c(-c2ccc(O)cc2)oc2cc(O)cc(O)c12,sec-RO2*,,,15000000.0,,,,,11.0,,Journal Tables 6 and 7,True,-5.706808567047119,-1.9228700399398804,3.7839385271072388
Quercetin,O=c1c(O)c(-c2ccc(O)c(O)c2)oc2cc(O)cc(O)c12,sec-RO2*,,,35000000.0,,,,,1.0,,Journal Tables 6 and 7,True,-5.4264960289001465,-1.8902935981750488,3.5362024307250977
"N,N,N',N'-Tetramethyl-p-phenylenediamine",CN(C)c1ccc(N(C)C)cc1,sec-RO2*,,,17000000.0,,,,,6.0,,Journal Tables 6 and 7,True,-5.144876956939697,0.2757175862789154,5.420594543218613
Cysteamine,NCCS,sec-RO2*,,,50000.0,,,,,6.0,,Journal Tables 6 and 7,True,-6.500433444976807,0.2848600149154663,6.785293459892273
Dithiothreitol,OC(CS)C(O)CS,sec-RO2*,,,8000.0,,,,,6.0,,Journal Tables 6 and 7,True,-6.269775867462158,0.7142161130905151,6.983991980552673
Glutathione,N[C@@H](CCC(=O)N[C@@H](CS)C(=O)NCC(=O)O)C(=O)O,sec-RO2*,,,1000000.0,,,,,7.0,,Journal Tables 6 and 7,True,-6.362390995025635,-1.0460692644119263,5.3163217306137085
Cysteamine,NCCS,sec-RO2*,,,130000.0,,,,,7.0,,Journal Tables 6 and 7,True,-6.500433444976807,0.2848600149154663,6.785293459892273
Dithiothreitol,OC(CS)C(O)CS,sec-RO2*,,,50000.0,,,,,7.0,,Journal Tables 6 and 7,True,-6.269775867462158,0.7142161130905151,6.983991980552673
Glutathione,N[C@@H](CCC(=O)N[C@@H](CS)C(=O)NCC(=O)O)C(=O)O,sec-RO2*,,,40000.0,,,,,7.0,,Journal Tables 6 and 7,True,-6.362390995025635,-1.0460692644119263,5.3163217306137085
Dithiothreitol,OC(CS)C(O)CS,sec-RO2*,,,30000.0,,,,,7.0,,Journal Tables 6 and 7,True,-6.269775867462158,0.7142161130905151,6.983991980552673
Cysteamine,NCCS,sec-RO2*,,,50000.0,,,,,7.0,,Journal Tables 6 and 7,True,-6.500433444976807,0.2848600149154663,6.785293459892273
Glutathione,N[C@@H](CCC(=O)N[C@@H](CS)C(=O)NCC(=O)O)C(=O)O,sec-RO2*,,,40000.0,,,,,7.0,,Journal Tables 6 and 7,True,-6.362390995025635,-1.0460692644119263,5.3163217306137085
Dithiothreitol,OC(CS)C(O)CS,sec-RO2*,,,60000.0,,,,,7.0,,Journal Tables 6 and 7,True,-6.269775867462158,0.7142161130905151,6.983991980552673
Cysteamine,NCCS,sec-RO2*,,,80000.0,,,,,7.0,,Journal Tables 6 and 7,True,-6.500433444976807,0.2848600149154663,6.785293459892273
Glutathione,N[C@@H](CCC(=O)N[C@@H](CS)C(=O)NCC(=O)O)C(=O)O,sec-RO2*,,,9000000.0,,,,,7.0,,Journal Tables 6 and 7,True,-6.362390995025635,-1.0460692644119263,5.3163217306137085
Ascorbate ion,O=C1O[C@H](CO)OC1=C([O-])CO,RO2*,,,1400000.0,,,,,9.0,,Journal Tables 6 and 7,True,-6.789895057678223,-1.9371609687805176,4.852734088897705
"Iron(III) deuteroporphyrin, dimethyl ester",COC(=O)CCC1=C(C)c2cc3cc(C)c(cc4cc(C)c(cc5nc(cc1n2)C(CCC(=O)OC)=C5C)[n-]4)[n-]3.[Fe+3],RO2*,,,10000000.0,,,,,0.0,,Journal Tables 6 and 7,True,-5.771948337554932,-2.8461222648620605,2.925826072692871
"N,N,N',N'-Tetramethyl-p-phenylenediamine",CN(C)c1ccc(N(C)C)cc1,RO2*,,,72000000.0,,,,,8.0,,Journal Tables 6 and 7,True,-5.144876956939697,0.2757175862789154,5.420594543218613
Nitrilotriacetatocobaltate(II) ion,O=C([O-])CN(CC(=O)[O-])CC(=O)[O-].[Co+2],RO2*,,,95000000.0,,,,,5.0,,Journal Tables 6 and 7,True,-6.477405071258545,-2.060154676437378,4.417250394821167
Ethylenediaminetetraacetatocobaltate(II) ion,O=C([O-])CN(CCN(CC(=O)[O-])CC(=O)[O-])CC(=O)[O-].[Co+2],RO2*,,,2500000.0,,,,,5.0,,Journal Tables 6 and 7,True,-6.196778774261475,-2.0683963298797607,4.128382444381714
Nitrilotriacetatomanganate(II) ion,O=C([O-])CN(CC(=O)[O-])CC(=O)[O-].[Mn+2],RO2*,,,150000000.0,,,,,4.0,,Journal Tables 6 and 7,True,-6.542212009429932,-2.1613309383392334,4.380881071090698
Ethylenediaminetetraacetatomanganate(II) ion,O=C([O-])CN(CCN(CC(=O)[O-])CC(=O)[O-])CC(=O)[O-].[Mn+2],RO2*,,,6500000.0,,,,,5.0,,Journal Tables 6 and 7,True,-6.303219795227051,-2.151991844177246,4.151227951049805
"Pentaamminenitrosylruthenium(III) ion, electron adduct",[NH3][Ru+2]([NH3])([NH3])([NH3])([NH3])N=O,RO2*,,,3000000000.0,,,,,7.0,,Journal Tables 6 and 7,True,-6.753856182098389,-1.5640193223953247,5.189836859703064
Superoxide dismutase,Not applicable (protein/enzyme),RO2*,,,100000000.0,,,,,9.0,,Journal Tables 6 and 7,False,,,
"N,N,N',N'-Tetramethyl-p-phenylenediamine",CN(C)c1ccc(N(C)C)cc1,RO2*,,,1900000000.0,,,,,7.0,,Journal Tables 6 and 7,True,-5.144876956939697,0.2757175862789154,5.420594543218613
"N,N,N',N'-Tetramethyl-p-phenylenediamine",CN(C)c1ccc(N(C)C)cc1,RO2*,,,60000000.0,,,,,11.0,,Journal Tables 6 and 7,True,-5.144876956939697,0.2757175862789154,5.420594543218613
Sulfite Ion,O=S([O-])[O-],RO2*,,,400000.0,,,,,8.0,,Journal Tables 6 and 7,True,-8.299161911010742,-1.7771003246307373,6.522061586380005
Isobarbiturate ion,O=C1CNC(=O)[N-]C1=O,RO2*,,,39000000.0,,,,,13.0,,Journal Tables 6 and 7,True,-7.747908592224121,-3.115994691848755,4.631913900375366
Phenoxide ion,[O-]c1ccccc1,RO2*,,,15000000.0,,,,,12.0,,Journal Tables 6 and 7,True,-6.271254062652588,-1.0360298156738281,5.23522424697876
"Promethazine, conjugate acid",CC(C[NH+](C)C)N1c2ccccc2Sc2ccccc21,RO2*,,,56000000.0,,,,,6.0,,Journal Tables 6 and 7,True,-5.094334125518799,-0.39385896921157837,4.7004751563072205
"Tyrosine, negative ion",N[C@@H](Cc1ccc(O)cc1)C(=O)[O-],RO2*,,,30000000.0,,,,,12.0,,Journal Tables 6 and 7,True,-6.421257972717285,-1.472711443901062,4.948546528816223
Iron(III) deuteroporphyrin IX,CC1=C(CCC(=O)O)c2cc3nc(cc4[n-]c(cc4C)cc4[n-]c(cc1n2)cc4C)C(C)=C3CCC(=O)O.[Fe+3],RO2*,,,390000000.0,,,,,12.0,,Journal Tables 6 and 7,True,-5.471672534942627,-2.946436643600464,2.525235891342163
"Chlorpromazine, conjugate acid",CC(C[NH+](C)C)N1c2ccccc2Sc2ccc(Cl)cc21,RO2*,,,1200000000.0,,,,,5.0,,Journal Tables 6 and 7,True,-5.303173542022705,-0.5184269547462463,4.784746587276459
Hydroquinone,Oc1ccc(O)cc1,RO2*,,,79000000.0,,,,,7.0,,Journal Tables 6 and 7,True,-5.501092910766602,0.29296255111694336,5.794055461883545
"6-Hydroxy-2,5,7,8-tetramethylchroman-2-carboxylate ion",Cc1c(C)c(O)c2c(c1C)OC(C)(C(=O)[O-])CC2,RO2*,,,540000000.0,,,,,4.0,,Journal Tables 6 and 7,True,-5.8101654052734375,-0.9196955561637878,4.89046984910965
Linolenic acid,CC/C=C\C/C=C\C/C=C\CCCCCCCC(=O)O,RO2*,,,6900000.0,,,,,12.0,,Journal Tables 6 and 7,True,-5.480444431304932,0.32362180948257446,5.804066240787506
4-Methoxyphenol,COc1ccc(O)cc1,RO2*,,,52000000.0,,,,,7.0,,Journal Tables 6 and 7,True,-5.547805309295654,0.3980102837085724,5.945815593004227
Phenol,Oc1ccccc1,RO2*,,,2000000.0,,,,,7.0,,Journal Tables 6 and 7,True,-6.0482707023620605,0.22346003353595734,6.271730735898018
"Iron(III) deuteroporphyrin, dimethyl ester, (2-propanol)?",COC(=O)CCC1=C(C)c2cc3cc(C)c(cc4cc(C)c(cc5nc(cc1n2)C(CCC(=O)OC)=C5C)[n-]4)[n-]3.[Fe+3].CC(C)O,RO2*,,,82000000.0,,,,,3.0,,Journal Tables 6 and 7,True,-5.769960403442383,-2.831045150756836,2.938915252685547
"2,2'-Azinobis(3-ethylbenzothiazoline-6-sulfonate ion)",CCn1/c(=N\N=c2\sc3cc(S(=O)(=O)[O-])ccc3n2CC)sc2cc(S(=O)(=O)[O-])ccc21,RO2*,,,650000000.0,,,,,6.0,,Journal Tables 6 and 7,True,-5.530018329620361,-2.4644384384155273,3.065579891204834
"Promethazine, conjugate acid",CC(C[NH+](C)C)N1c2ccccc2Sc2ccccc21,RO2*,,,67000000.0,,,,,7.0,,Journal Tables 6 and 7,True,-5.094334125518799,-0.39385879039764404,4.700475335121155
Ascorbate ion,O=C1O[C@H](CO)OC1=C([O-])CO,RO2*,,,120000000.0,,,,,7.0,,Journal Tables 6 and 7,True,-6.7898945808410645,-1.9371603727340698,4.852734208106995
"Chlorpromazine, conjugate acid",CC(C[NH+](C)C)N1c2ccccc2Sc2ccc(Cl)cc21,RO2*,,,910000000.0,,,,,6.0,,Journal Tables 6 and 7,True,-5.3031744956970215,-0.5184270143508911,4.78474748134613
"Promethazine, conjugate acid",CC(C[NH+](C)C)N1c2ccccc2Sc2ccccc21,RO2*,,,220000000.0,,,,,6.0,,Journal Tables 6 and 7,True,-5.094334125518799,-0.39385879039764404,4.700475335121155
"Propyl 3,4,5-trihydroxybenzoate",CCCOC(=O)c1cc(O)c(O)c(O)c1,RO2*,,,19000000.0,,,,,6.0,,Journal Tables 6 and 7,True,-5.622185230255127,-0.7168191075325012,4.905366122722626
"Propyl 3,4,5-trihydroxybenzoate",CCCOC(=O)c1cc(O)c(O)c(O)c1,RO2*,,,1100000000.0,,,,,9.0,,Journal Tables 6 and 7,True,-5.622185230255127,-0.7168191075325012,4.905366122722626
"Chlorpromazine, conjugate acid",CC(C[NH+](C)C)N1c2ccccc2Sc2ccc(Cl)cc21,RO2*,,,690000000.0,,,,,7.0,,Journal Tables 6 and 7,True,-5.3031744956970215,-0.5184270143508911,4.78474748134613
"2,2'-Azinobis(3-ethylbenzothiazoline-6-sulfonate ion)",CCn1/c(=N\N=c2\sc3cc(S(=O)(=O)[O-])ccc3n2CC)sc2cc(S(=O)(=O)[O-])ccc21,RO2*,,,1800000000.0,,,,,6.0,,Journal Tables 6 and 7,True,-5.530018329620361,-2.4644384384155273,3.065579891204834
"Chlorpromazine, conjugate acid",CC(C[NH+](C)C)N1c2ccccc2Sc2ccc(Cl)cc21,RO2*,,,1200000000.0,,,,,5.0,,Journal Tables 6 and 7,True,-5.3031744956970215,-0.5184270143508911,4.78474748134613
"Promethazine, conjugate acid",CC(C[NH+](C)C)N1c2ccccc2Sc2ccccc21,RO2*,,,140000000.0,,,,,5.0,,Journal Tables 6 and 7,True,-5.094334125518799,-0.39385879039764404,4.700475335121155
"Propyl 3,4,5-trihydroxybenzoate",CCCOC(=O)c1cc(O)c(O)c(O)c1,RO2*,,,2000000000.0,,,,,8.0,,Journal Tables 6 and 7,True,-5.622185230255127,-0.7168191075325012,4.905366122722626
"Propyl 3,4,5-trihydroxybenzoate",CCCOC(=O)c1cc(O)c(O)c(O)c1,RO2*,,,14000000.0,,,,,7.0,,Journal Tables 6 and 7,True,-5.622185230255127,-0.7168191075325012,4.905366122722626
"Iron(III) deuteroporphyrin, dimethyl ester",COC(=O)CCC1=C(C)c2cc3cc(C)c(cc4cc(C)c(cc5nc(cc1n2)C(CCC(=O)OC)=C5C)[n-]4)[n-]3.[Fe+3],RO2*,,,230000000.0,,,,,3.0,,Journal Tables 6 and 7,True,-5.771949291229248,-2.8461225032806396,2.9258267879486084
"Iron(III) deuteroporphyrin, dimethyl ester, (2-propanol)2",COC(=O)CCC1=C(C)c2cc3cc(C)c(cc4cc(C)c(cc5nc(cc1n2)C(CCC(=O)OC)=C5C)[n-]4)[n-]3.[Fe+3].CC(C)O.CC(C)O,RO2*,,,250000000.0,,,,,12.0,,Journal Tables 6 and 7,True,-5.749120235443115,-2.8048837184906006,2.9442365169525146
"2,3,7,8,12,13,17,18-Octaethylporphinato(carbonyl)cyanoruthenium(II) ion",CCC1=C(C2=CC3=NC(=CC4=C(C(=C([N-]4)C=C5C(=C(C(=N5)C=C1[N-]2)CC)CC)CC)CC)C(=C3CC)CC)CC.[C-]#[O+].[Ru+2].[C-]#N,RO2*,,,800000000.0,,,,,8.0,,Journal Tables 6 and 7,True,-5.415713787078857,-3.0608508586883545,2.354862928390503
"5,10,15,20-Tetrakis(1-methylpyridinium-4-yl)porphinatozinc(II) ion",C1=Cc2nc1c(-c1cc[n+](C)cc1)c1ccc([n-]1)c(-c1cc[n+](C)cc1)c1nc(c(-c3cc[n+](C)cc3)c3ccc([n-]3)c2-c2cc[n+](C)cc2)C=C1.[Zn+2],RO2*,,,1200000000.0,,,,,7.0,,Journal Tables 6 and 7,True,-4.434598445892334,-2.4434313774108887,1.9911670684814453
"5,10,15,20-Tetrakis(2-hydroxyphenyl)porphinatozinc(II)",Oc1ccccc1-c1c2nc(c(-c3ccccc3O)c3ccc([n-]3)c(-c3ccccc3O)c3nc(c(-c4ccccc4O)c4ccc1[n-]4)C=C3)C=C2.[Zn+2],RO2*,,,1500000000.0,,,,,7.0,,Journal Tables 6 and 7,True,-5.175326824188232,-2.8169777393341064,2.358349084854126
"5,10,15,20-Tetrakis(3-hydroxyphenyl)porphinatozinc(II)",Oc1cccc(-c2c3nc(c(-c4cccc(O)c4)c4ccc([n-]4)c(-c4cccc(O)c4)c4nc(c(-c5cccc(O)c5)c5ccc2[n-]5)C=C4)C=C3)c1.[Zn+2],RO2*,,,1700000000.0,,,,,7.0,,Journal Tables 6 and 7,True,-5.192972660064697,-2.6507890224456787,2.5421836376190186
Arachidonic acid,CCCCC/C=C\C/C=C\C/C=C\C/C=C\CCCC(=O)O,RO2*,,,910000000.0,,,,,7.0,,Journal Tables 6 and 7,True,-5.389090061187744,0.19662337005138397,5.585713431239128
Ascorbate ion,O=C1O[C@H](CO)OC1=C([O-])CO,RO2*,,,14000000.0,,,,,1.0,,Journal Tables 6 and 7,True,-6.7898945808410645,-1.9371603727340698,4.852734208106995
Ascorbic acid,O=C1O[C@H](CO)OC1=C(O)CO,RO2*,,,1800000.0,,,,,1.0,,Journal Tables 6 and 7,True,-6.729267597198486,-1.3519811630249023,5.377286434173584
"2,2'-Azinobis(3-ethylbenzothiazoline-6-sulfonate ion)",CCn1/c(=N\N=c2\sc3cc(S(=O)(=O)[O-])ccc3n2CC)sc2cc(S(=O)(=O)[O-])ccc21,RO2*,,,2200000000.0,,,,,11.0,,Journal Tables 6 and 7,True,-5.530018329620361,-2.4644384384155273,3.065579891204834
"Chlorpromazine, conjugate acid",CC(C[NH+](C)C)N1c2ccccc2Sc2ccc(Cl)cc21,RO2*,,,600000.0,,,,,1.0,,Journal Tables 6 and 7,True,-5.3031744956970215,-0.5184270143508911,4.78474748134613
Cyclohexene,C1=CCCCC1,RO2*,,,100000.0,,,,,7.0,,Journal Tables 6 and 7,True,-6.278054714202881,1.519477128982544,7.797531843185425
2'-Deoxyadenosine 5'-monophosphate,Nc1ncnc2c1ncn2[C@H]1C[C@H](O)[C@@H](COP(=O)(O)O)O1,RO2*,,,500000.0,,,,,7.0,,Journal Tables 6 and 7,True,-5.833991527557373,-0.8405761122703552,4.993415415287018
"2,3-Dimethyl-1-phenyl-3-pyrazolin-5-one",CC1=NN(c2ccccc2)C(=O)C1C,RO2*,,,43000000.0,,,,,7.0,,Journal Tables 6 and 7,True,-5.949924945831299,-1.0440597534179688,4.90586519241333
Ethyl 2-hydroxyethyl sulfide,CCSCCO,RO2*,,,140000000.0,,,,,4.0,,Journal Tables 6 and 7,True,-6.533044815063477,1.8025716543197632,8.33561646938324
1-Ethylthio-3-iodopropane,CCSCCI,RO2*,,,3000000000.0,,,,,7.0,,Journal Tables 6 and 7,True,-6.614697456359863,0.3969143033027649,7.011611759662628
Hexamethylbenzene,Cc1c(C)c(C)c(C)c(C)c1C,RO2*,,,2500000.0,,,,,7.0,,Journal Tables 6 and 7,True,-5.675103664398193,0.6680806279182434,6.343184292316437
Histidine,N[C@@H](Cc1cnc[nH]1)C(=O)O,RO2*,,,10000000.0,,,,,7.0,,Journal Tables 6 and 7,True,-6.108691215515137,-1.144253134727478,4.964438080787659
"6-Hydroxy-1,4-dimethylcarbazole",Cc1ccc2c(c1)[nH]c1cc(C)c(O)cc12,RO2*,,,600000000.0,,,,,10.0,,Journal Tables 6 and 7,True,-5.049631595611572,-0.16748471558094025,4.882146880030632
"5-Hydroxytryptophan, conjugate base",N[C@@H](Cc1c[nH]c2ccc(O)cc12)C(=O)[O-],RO2*,,,150000000.0,,,,,7.0,,Journal Tables 6 and 7,True,-5.777189254760742,-1.1533032655715942,4.623885989189148
Indole,c1ccc2[nH]ccc2c1,RO2*,,,65000000.0,,,,,7.0,,Journal Tables 6 and 7,True,-5.336069583892822,0.1960367113351822,5.5321062952280045
Linoleic acid,CCCCC/C=C\C/C=C\CCCCCCCC(=O)O,RO2*,,,500000.0,,,,,1.0,,Journal Tables 6 and 7,True,-5.507609844207764,0.5880710482597351,6.095680892467499
Linolenic acid,CC/C=C\C/C=C\C/C=C\CCCCCCCC(=O)O,RO2*,,,1100000.0,,,,,1.0,,Journal Tables 6 and 7,True,-5.480444431304932,0.32362180948257446,5.804066240787506
Linolenic acid,CC/C=C\C/C=C\C/C=C\CCCCCCCC(=O)O,RO2*,,,29000000.0,,,,,10.0,,Journal Tables 6 and 7,True,-5.480444431304932,0.32362180948257446,5.804066240787506
Methionine,CSCC[C@H](N)C(=O)O,RO2*,,,50000000.0,,,,,4.0,,Journal Tables 6 and 7,True,-6.190829277038574,-0.4125308394432068,5.778298437595367
4-Methoxybenzenethiol,COc1ccc(S)cc1,RO2*,,,820000000.0,,,,,11.0,,Journal Tables 6 and 7,True,-5.735080242156982,-0.1816110610961914,5.553469181060791
4-Methoxybenzenethiolate ion,COc1ccc([S-])cc1,RO2*,,,3400000.0,,,,,7.0,,Journal Tables 6 and 7,True,-5.673168659210205,-0.8348352313041687,4.838333427906036
4-Methoxyphenol,COc1ccc(O)cc1,RO2*,,,820000000.0,,,,,11.0,,Journal Tables 6 and 7,True,-5.547805309295654,0.3980102241039276,5.945815533399582
Methyl 3-(methylthio)propionate,COC(=O)CCSC,RO2*,,,220000000.0,,,,,11.0,,Journal Tables 6 and 7,True,-6.874838829040527,0.3545631170272827,7.22940194606781
3-(Methylthio)propionic acid,CSCCC(=O)O,RO2*,,,100000.0,,,,,7.0,,Journal Tables 6 and 7,True,-6.911668300628662,0.6145820021629333,7.5262503027915955
Oleic acid,CCCCCCCC/C=C\CCCCCCCC(=O)O,RO2*,,,400000.0,,,,,1.0,,Journal Tables 6 and 7,True,-5.797889709472656,0.4149928689002991,6.212882578372955
Oleic acid,CCCCCCCC/C=C\CCCCCCCC(=O)O,RO2*,,,100000.0,,,,,7.0,,Journal Tables 6 and 7,True,-5.797889709472656,0.4149928689002991,6.212882578372955
Phenol,Oc1ccccc1,RO2*,,,230000000.0,,,,,12.0,,Journal Tables 6 and 7,True,-6.0482707023620605,0.22345991432666779,6.271730616688728
Phenoxide ion,[O-]c1ccccc1,RO2*,,,9600000.0,,,,,11.0,,Journal Tables 6 and 7,True,-6.271254062652588,-1.0360302925109863,5.235223770141602
Phenoxide ion,[O-]c1ccccc1,RO2*,,,600000000.0,,,,,8.0,,Journal Tables 6 and 7,True,-6.271254062652588,-1.0360302925109863,5.235223770141602
"Promethazine, conjugate acid",CC(C[NH+](C)C)N1c2ccccc2Sc2ccccc21,RO2*,,,140000000.0,,,,,4.0,,Journal Tables 6 and 7,True,-5.094334125518799,-0.3938588798046112,4.700475245714188
2-Propanol,CC(C)O,RO2*,,,20000000.0,,,,,5.0,,Journal Tables 6 and 7,True,-6.912558555603027,1.6297796964645386,8.542338252067566
Pyridine,c1ccncc1,RO2*,,,1700000000.0,,,,,8.0,,Journal Tables 6 and 7,True,-6.982906818389893,-0.0566163994371891,6.9262904189527035
"2,4,6-Trimethylphenoxide ion",Cc1cc(C)c([O-])c(C)c1,RO2*,,,300000000.0,,,,,7.0,,Journal Tables 6 and 7,True,-5.441175937652588,-0.3958929181098938,5.045283019542694
Trypsin,Not applicable (protein/enzyme),RO2*,,,89000000.0,,,,,7.0,,Journal Tables 6 and 7,False,,,
Tryptophan,N[C@@H](Cc1c[nH]c2ccccc12)C(=O)O,RO2*,,,85000000.0,,,,,7.0,,Journal Tables 6 and 7,True,-5.7069268226623535,-0.6842090487480164,5.022717773914337
Tryptophyltyrosine,N[C@@H](Cc1c[nH]c2ccccc12)C(=O)N[C@@H](Cc1ccc(O)cc1)C(=O)O,RO2*,,,10000.0,,,,,7.0,,Journal Tables 6 and 7,True,-5.757515907287598,-0.8607638478279114,4.896752059459686
Tyrosine,N[C@@H](Cc1ccc(O)cc1)C(=O)O,RO2*,,,160000000.0,,,,,12.0,,Journal Tables 6 and 7,True,-6.211893081665039,-0.9570239186286926,5.254869163036346
"Tyrosine, negative ion",N[C@@H](Cc1ccc(O)cc1)C(=O)[O-],RO2*,,,1400000000.0,,,,,13.0,,Journal Tables 6 and 7,True,-6.421257972717285,-1.472711205482483,4.948546767234802
Urate ion,O=c1[n-]c(=O)c2[nH]c(=O)[nH]c2[nH]1,RO2*,,,300000000.0,,,,,7.0,,Journal Tables 6 and 7,True,-6.24313497543335,-2.2443277835845947,3.998807191848755
"Xanthine, negative ion",O=c1[n-]c(=O)c2[nH]cnc2[nH]1,RO2*,,,260000000.0,,,,,11.0,,Journal Tables 6 and 7,True,-6.207676410675049,-2.082895278930664,4.124781131744385
Bilirubin dianion,C=CC1=C(C)/C(=C/C2=C(C)C(CCC(=O)[O-])=C(CC3=C(CCC(=O)[O-])C(C)=C(/C=C4\NC(=O)C(C)=C4C=C)N3)N2)NC1=O,RO2*,,,40000000.0,,,,,7.0,,Journal Tables 6 and 7,True,-5.235981464385986,-2.4937167167663574,2.742264747619629
"2,2'-Azinobis(3-ethylbenzothiazoline-6-sulfonate ion)",CCn1/c(=N\N=c2\sc3cc(S(=O)(=O)[O-])ccc3n2CC)sc2cc(S(=O)(=O)[O-])ccc21,RO2*,,,420000000.0,,,,,5.0,,Journal Tables 6 and 7,True,-5.530017375946045,-2.464437961578369,3.065579414367676
"Promethazine, conjugate acid",CC(C[NH+](C)C)N1c2ccccc2Sc2ccccc21,RO2*,,,320000000.0,,,,,8.0,,Journal Tables 6 and 7,True,-5.094334125518799,-0.3938588798046112,4.700475245714188
"Propyl 3,4,5-trihydroxybenzoate",CCCOC(=O)c1cc(O)c(O)c(O)c1,RO2*,,,150000000.0,,,,,8.0,,Journal Tables 6 and 7,True,-5.622185230255127,-0.7168188095092773,4.90536642074585
Ascorbate ion,O=C1O[C@H](CO)OC1=C([O-])CO,RO2*,,,380000000.0,,,,,11.0,,Journal Tables 6 and 7,True,-6.789895534515381,-1.9371607303619385,4.852734804153442
Bilirubin dianion,C=CC1=C(C)/C(=C/C2=C(C)C(CCC(=O)[O-])=C(CC3=C(CCC(=O)[O-])C(C)=C(/C=C4\NC(=O)C(C)=C4C=C)N3)N2)NC1=O,RO2*,,,280000000.0,,,,,1.0,,Journal Tables 6 and 7,True,-5.235981464385986,-2.493716239929199,2.742265224456787
"Iron(III) deuteroporphyrin, dimethyl ester, (2-propanol)2",COC(=O)CCC1=C(C)c2cc3cc(C)c(cc4cc(C)c(cc5nc(cc1n2)C(CCC(=O)OC)=C5C)[n-]4)[n-]3.[Fe+3].CC(C)O.CC(C)O,RO2*,,,500000000.0,,,,,7.0,,Journal Tables 6 and 7,True,-5.749119758605957,-2.8048837184906006,2.9442360401153564
Hydroquinone,Oc1ccc(O)cc1,RO2*,,,260000000.0,,,,,4.0,,Journal Tables 6 and 7,True,-5.501092910766602,0.2929629385471344,5.794055849313736
"6-Hydroxy-2,5,7,8-tetramethylchroman-2-carboxylate ion",Cc1c(C)c(O)c2c(c1C)OC(C)(C(=O)[O-])CC2,RO2*,,,710000000.0,,,,,4.0,,Journal Tables 6 and 7,True,-5.810164928436279,-0.919695258140564,4.890469670295715
"6-Hydroxy-2,5,7,8-tetramethylchroman-2-carboxylate ion",Cc1c(C)c(O)c2c(c1C)OC(C)(C(=O)[O-])CC2,RO2*,,,120000000.0,,,,,1.0,,Journal Tables 6 and 7,True,-5.810164928436279,-0.919695258140564,4.890469670295715
Linolenic acid,CC/C=C\C/C=C\C/C=C\CCCCCCCC(=O)O,RO2*,,,950000000.0,,,,,7.0,,Journal Tables 6 and 7,True,-5.480444431304932,0.3236218988895416,5.804066330194473
4-Methoxyphenol,COc1ccc(O)cc1,RO2*,,,410000000.0,,,,,13.0,,Journal Tables 6 and 7,True,-5.547805309295654,0.3980102241039276,5.945815533399582
"Xanthine, negative ion",O=c1[n-]c(=O)c2[nH]cnc2[nH]1,RO2*,,,130000000.0,,,,,8.0,,Journal Tables 6 and 7,True,-6.207676887512207,-2.082895278930664,4.124781608581543
Ascorbate ion,O=C1O[C@H](CO)OC1=C([O-])CO,RO2*,,,63000000.0,,,,,8.0,,Journal Tables 6 and 7,True,-6.789895534515381,-1.9371607303619385,4.852734804153442
"3,5,7-Trihydroxy-2-(4-hydroxyphenyl)-2-benzopyran-4-one",O=c1c(O)c(-c2ccc(O)cc2)oc2cc(O)cc(O)c12,RO2*,,,15000000.0,,,,,11.0,,Journal Tables 6 and 7,True,-5.706809043884277,-1.9228705167770386,3.7839385271072388
Quercetin,O=c1c(O)c(-c2ccc(O)c(O)c2)oc2cc(O)cc(O)c12,RO2*,,,35000000.0,,,,,1.0,,Journal Tables 6 and 7,True,-5.426496505737305,-1.8902937173843384,3.5362027883529663
