Chemical Name,SMILES,Radical Name,Enthalpy,Activation Energy,k_value,Temperature,Bond Dissociation Energy,Chemical Group,Reaction Type/Pathway,PH,No,Resource:
Pentabromoplatinate(III) ion,[Br][Pt+3]([Br])([Br])([Br])[Br],RO2*,,,250000000.00,,,,,,,Journal Tables 6 and 7
Copper(I) ion,[Cu+],RO2*,,,1000000000.00,,,,,,,Journal Tables 6 and 7
"2,2'-Azinobis(3-ethylbenzothiazoline-6-sulfonate ion)",CCn1/c(=N\N=c2\sc3cc(S(=O)(=O)[O-])ccc3n2CC)sc2cc(S(=O)(=O)[O-])ccc21,RO2*,,,1800000000.00,,,,,,,Journal Tables 6 and 7
"2,6-Di-tert-butyl-4-methoxyphenol",COc1cc(C(C)(C)C)cc(C(C)(C)C)c1O,RO2*,,,110000.00,,,,,,,Journal Tables 6 and 7
"2,6-Di-tert-butyl-4-methylphenol",Cc1cc(C(C)(C)C)cc(C(C)(C)C)c1O,RO2*,,,24000.00,,,,,,,Journal Tables 6 and 7
"3,4-Dihydro-6-hydroxy-5,7,8-trimethylbenzothiopyran",Cc1c(C)c(O)c2c(c1C)SCCC2,RO2*,,,1800000.00,,,,,,,Journal Tables 6 and 7
"1-Ethyl-1,2,3,4-tetrahydro-6-hydroxy-5,7,8-trimethylquinoline",CCN1CCCc2c(C)c(O)c(C)c(C)c21,RO2*,,,2000000.00,,,,,,,Journal Tables 6 and 7
"2,2,5,7,8-Pentamethylbenzopyran-6-ol",CC1=CC(C)(C)Oc2c1cc(O)c(C)c2C,RO2*,,,2000000.00,,,,,,,Journal Tables 6 and 7
"4-Methoxy-2,3,5,6-tetramethylphenol",COc1c(C)c(C)c(O)c(C)c1C,RO2*,,,280000.00,,,,,,,Journal Tables 6 and 7
"2,3,5,6-Tetramethylphenol",Cc1cc(C)c(C)c(O)c1C,RO2*,,,69000.00,,,,,,,Journal Tables 6 and 7
gamma-Tocopherol,Cc1cc(O)c(C)c2c1OC(C)(CCCC(C)CCCC(C)CCCC(C)C)CC2,RO2*,,,700000.00,,,,,,,Journal Tables 6 and 7
delta-Tocopherol,Cc1cc(O)cc2c1OC(C)(CCCC(C)CCCC(C)CCCC(C)C)CC2,RO2*,,,330000.00,,,,,,,Journal Tables 6 and 7
"Chlorpromazine, conjugate acid",CC(C[NH+](C)C)N1c2ccccc2Sc2ccc(Cl)cc21,RO2*,,,6800000.00,,,,,,,Journal Tables 6 and 7
"6-Hydroxy-2,5,7,8-tetramethylchroman-2-carboxylic acid",Cc1c(C)c(O)c2c(c1C)OC(C)(C(=O)O)CC2,RO2*,,,2000000.00,,,,,,,Journal Tables 6 and 7
"N,N-Dimethylaniline",CN(C)c1ccccc1,RO2*,,,25000000.00,,,,,,,Journal Tables 6 and 7
"Tyrosine, negative ion",N[C@@H](Cc1ccc(O)cc1)C(=O)[O-],RO2*,,,120000000.00,,,,,,,Journal Tables 6 and 7
Chlorite ion,[O-][Cl+][O-],RO2*,,,12000000.00,,,,,,,Journal Tables 6 and 7
"Iron(III) deuteroporphyrin, dimethyl ester, (2-propanol)2",COC(=O)CCC1=C(C)c2cc3cc(C)c(cc4cc(C)c(cc5nc(cc1n2)C(CCC(=O)OC)=C5C)[n-]4)[n-]3.[Fe+3].CC(C)O.CC(C)O,RO2*,,,10000000.00,,,,,,,Journal Tables 6 and 7
Iron(III) deuteroporphyrin IX (2-propoxy)(2-propanol),CC1=C(CCC(=O)O)c2cc3nc(cc4[n-]c(cc4C)cc4[n-]c(cc1n2)cc4C)C(C)=C3CCC(=O)O.[Fe+3].CC(C)[O-].CC(C)O,RO2*,,,150000000.00,,,,,,,Journal Tables 6 and 7
"5,10,15,20-Tetraphenylporphinatogallium(III) ion",C1=CC=C(C=C1)C2=C3C=CC(=C(C4=NC(=C(C5=CC=C([N-]5)C(=C6C=CC2=N6)C7=CC=CC=C7)C8=CC=CC=C8)C=C4)C9=CC=CC=C9)[N-]3.[Ga+3],RO2*,,,800000000.00,,,,,,,Journal Tables 6 and 7
"2,3,7,8,12,13,17,18-Octaethylporphinato(carbonyl)cyanoruthenium(II) ion",CCC1=C(C2=CC3=NC(=CC4=C(C(=C([N-]4)C=C5C(=C(C(=N5)C=C1[N-]2)CC)CC)CC)CC)C(=C3CC)CC)CC.[C-]#[O+].[Ru+2].[C-]#N,RO2*,,,1500000000.00,,,,,,,Journal Tables 6 and 7
Sulfite Ion,O=S([O-])[O-],RO2*,,,700000000.00,,,,,,,Journal Tables 6 and 7
"5,10,15,20-Tetraphenylporphinatozinc(II)",C1=CC=C(C=C1)C2=C3C=CC(=C(C4=NC(=C(C5=CC=C([N-]5)C(=C6C=CC2=N6)C7=CC=CC=C7)C8=CC=CC=C8)C=C4)C9=CC=CC=C9)[N-]3.[Zn+2],RO2*,,,1200000000.00,,,,,,,Journal Tables 6 and 7
"5,10,15,20-Tetraphenylporphinatozinc(II) pyridine complex",C1=CC=C(C=C1)C2=C3C=CC(=C(C4=NC(=C(C5=CC=C([N-]5)C(=C6C=CC2=N6)C7=CC=CC=C7)C8=CC=CC=C8)C=C4)C9=CC=CC=C9)[N-]3.[Zn+2].n1ccccc1,RO2*,,,20000000.00,,,,,,,Journal Tables 6 and 7
"5,10,15,20-Tetrakis(4-pyridyl)porphinatozinc(II)",C1=Cc2nc1c(-c1ccncc1)c1ccc([n-]1)c(-c1ccncc1)c1nc(c(-c3ccncc3)c3ccc([n-]3)c2-c2ccncc2)C=C1.[Zn+2],RO2*,,,15000000.00,,,,,,,Journal Tables 6 and 7
"5,10,15,20-Tetrakis(4-hydroxyphenyl)porphinatozinc(II)",OC1=CC=C(C=C1)C2=C3C=CC(=C(C4=NC(=C(C5=CC=C([N-]5)C(=C6C=CC2=N6)C7=CC=C(C=C7)O)C8=CC=C(C=C8)O)C=C4)C9=CC=C(C=C9)O)[N-]3.[Zn+2],RO2*,,,700000000.00,,,,,,,Journal Tables 6 and 7
"5,10,15,20-Tetrakis(4-sulfonatophenyl)porphinatozincate(II) ion",O=S(=O)([O-])C1=CC=C(C=C1)C2=C3C=CC(=C(C4=NC(=C(C5=CC=C([N-]5)C(=C6C=CC2=N6)C7=CC=C(C=C7)S(=O)(=O)[O-])C8=CC=C(C=C8)S(=O)(=O)[O-])C=C4)C9=CC=C(C=C9)S(=O)(=O)[O-])[N-]3.[Zn+2],RO2*,,,730000000.00,,,,,,,Journal Tables 6 and 7
Ascorbate ion,O=C1O[C@H](CO)OC1=C([O-])CO,RO2*,,,110000000.00,,,,,,,Journal Tables 6 and 7
Ascorbic acid,O=C1O[C@H](CO)OC1=C(O)CO,RO2*,,,990000000.00,,,,,,,Journal Tables 6 and 7
Bilirubin dianion,C=CC1=C(C)/C(=C/C2=C(C)C(CCC(=O)[O-])=C(CC3=C(CCC(=O)[O-])C(C)=C(/C=C4\NC(=O)C(C)=C4C=C)N3)N2)NC1=O,RO2*,,,38000000.00,,,,,,,Journal Tables 6 and 7
tert-Butyl-4-hydroxyanisole,COc1cc(C(C)(C)C)ccc1O,RO2*,,,1500000000.00,,,,,,,Journal Tables 6 and 7
beta-Carotene,CC(C=CC=C(C)C=CC1=C(C)CCCC1(C)C)=CC=CC=C(C)C=CC=C(C)C=CC1=C(C)CCCC1(C)C,RO2*,,,19000000.00,,,,,,,Journal Tables 6 and 7
Cholesterol,CC(C)CCCC(C)C1CCC2C3CC=C4CC(O)CCC4(C)C3CC[C@]12C,RO2*,,,100000000.00,,,,,,,Journal Tables 6 and 7
Cyclohexane,C1CCCCC1,RO2*,,,1000000.00,,,,,,,Journal Tables 6 and 7
Deoxyguanosine 5'-monophosphate,Nc1nc2c(ncn2[C@H]2C[C@H](O)[C@@H](COP(=O)(O)O)O2)[nH]1,RO2*,,,12000000.00,,,,,,,Journal Tables 6 and 7
"1,4-Diazabicyclo[2.2.2]octane",C1CN2CCC(C2)N1,RO2*,,,12000000.00,,,,,,,Journal Tables 6 and 7
9-Diazofluorene,[N-]=[N+]=C1c2ccccc2-c2ccccc21,RO2*,,,6100000000.00,,,,,,,Journal Tables 6 and 7
"2,4-Di-tert-butylphenol",CC(C)(C)c1ccc(O)c(C(C)(C)C)c1,RO2*,,,490000000.00,,,,,,,Journal Tables 6 and 7
"2,3-Dimethyl-4-dimethylamino-1-phenyl-3-pyrazolin-5-one",Cc1c(N(C)C)c(=O)n(C)n1-c1ccccc1,RO2*,,,1200000000.00,,,,,,,Journal Tables 6 and 7
"2,3-Dimethylindole",Cc1[nH]c2ccccc2c1C,RO2*,,,6000000.00,,,,,,,Journal Tables 6 and 7
"3,4-Dimethyl-2-pyrazolin-5-one",CC1=NN=C(C)C1=O,RO2*,,,1300000000.00,,,,,,,Journal Tables 6 and 7
Dimethyl sulfide,CSC,RO2*,,,60000000.00,,,,,,,Journal Tables 6 and 7
"2,5-Diphenylfuran",c1ccc(-c2ccc(-c3ccccc3)o2)cc1,RO2*,,,40000000.00,,,,,,,Journal Tables 6 and 7
Glutathione,N[C@@H](CCC(=O)N[C@@H](CS)C(=O)NCC(=O)O)C(=O)O,RO2*,,,75000.00,,,,,,,Journal Tables 6 and 7
Hydroquinone,Oc1ccc(O)cc1,RO2*,,,650000000.00,,,,,,,Journal Tables 6 and 7
5-Hydroxytryptophan,N[C@@H](Cc1c[nH]c2ccc(O)cc12)C(=O)O,RO2*,,,100000000.00,,,,,,,Journal Tables 6 and 7
Isobarbiturate ion,O=C1CNC(=O)[N-]C1=O,RO2*,,,390000000.00,,,,,,,Journal Tables 6 and 7
Linoleic acid,CCCCC/C=C\C/C=C\CCCCCCCC(=O)O,RO2*,,,70000000.00,,,,,,,Journal Tables 6 and 7
4-Methoxyphenoxide ion,COc1ccc([O-])cc1,RO2*,,,110000000.00,,,,,,,Journal Tables 6 and 7
1-Methylindole,Cn1ccc2ccccc21,RO2*,,,600000000.00,,,,,,,Journal Tables 6 and 7
2-Methylindole,Cc1cc2ccccc2[nH]1,RO2*,,,900000000.00,,,,,,,Journal Tables 6 and 7
3-Methylindole,Cc1c[nH]c2ccccc12,RO2*,,,20000000.00,,,,,,,Journal Tables 6 and 7
Methyl 6-(methylthio)norbornane-2-carboxylate,COC(=O)C1C2CC(SC)CC1C2,RO2*,,,70000000.00,,,,,,,Journal Tables 6 and 7
4-Methylphenoxide ion,Cc1ccc([O-])cc1,RO2*,,,300000000.00,,,,,,,Journal Tables 6 and 7
6-(Methylthio)norbornane-2-carboxylic acid,CSC1CC2CC(C1)C2C(=O)O,RO2*,,,100000000.00,,,,,,,Journal Tables 6 and 7
1-Methyluracil,Cn1ccc(=O)[nH]c1=O,RO2*,,,1300000000.00,,,,,,,Journal Tables 6 and 7
"Metiazinic acid, conjugate base",CN1c2ccccc2Sc2cc(CC([O-])=O)ccc21,RO2*,,,1700000.00,,,,,,,Journal Tables 6 and 7
Phenol,Oc1ccccc1,RO2*,,,75000.00,,,,,,,Journal Tables 6 and 7
Phenoxide ion,[O-]c1ccccc1,RO2*,,,200000000.00,,,,,,,Journal Tables 6 and 7
"Promethazine, conjugate acid",CC(C[NH+](C)C)N1c2ccccc2Sc2ccccc21,RO2*,,,700000.00,,,,,,,Journal Tables 6 and 7
"Propyl 3,4,5-trihydroxybenzoate",CCCOC(=O)c1cc(O)c(O)c(O)c1,RO2*,,,7000.00,,,,,,,Journal Tables 6 and 7
"N,N,N',N'-Tetramethyl-p-phenylenediamine",CN(C)c1ccc(N(C)C)cc1,RO2*,,,780000000.00,,,,,,,Journal Tables 6 and 7
"3,3'-Thiodipropionic acid",O=C(O)CCSCCC(=O)O,RO2*,,,500000000.00,,,,,,,Journal Tables 6 and 7
Tryptophan,N[C@@H](Cc1c[nH]c2ccccc12)C(=O)O,RO2*,,,17000000.00,,,,,,,Journal Tables 6 and 7
"6-Hydroxy-2,5,7,8-tetramethylchroman-2-carboxylate ion",Cc1c(C)c(O)c2c(c1C)OC(C)(C(=O)[O-])CC2,RO2*,,,37000000.00,,,,,,,Journal Tables 6 and 7
"N,N-Dimethyl-4-nitrosoaniline",CN(C)c1ccc(N=O)cc1,sec-RO2*,,,270000000.00,,,,,,,Journal Tables 6 and 7
Copper(I) ion,[Cu+],tert-RO2*,,,200000000.00,,,,,,,Journal Tables 6 and 7
"Chlorpromazine, conjugate acid",CC(C[NH+](C)C)N1c2ccccc2Sc2ccc(Cl)cc21,sec-RO2*,,,2300000.00,,,,,,,Journal Tables 6 and 7
"Propyl 3,4,5-trihydroxybenzoate",CCCOC(=O)c1cc(O)c(O)c(O)c1,sec-RO2*,,,360000000.00,,,,,,,Journal Tables 6 and 7
"Iron(III) deuteroporphyrin, dimethyl ester, (2-propanol)2",COC(=O)CCC1=C(C)c2cc3cc(C)c(cc4cc(C)c(cc5nc(cc1n2)C(CCC(=O)OC)=C5C)[n-]4)[n-]3.[Fe+3].CC(C)O.CC(C)O,sec-RO2*,,,360.00,,,,,,,Journal Tables 6 and 7
"Tyrosine, negative ion",N[C@@H](Cc1ccc(O)cc1)C(=O)[O-],sec-RO2*,,,120000000.00,,,,,,,Journal Tables 6 and 7
Chlorite ion,[O-][Cl+][O-],sec-RO2*,,,12000000.00,,,,,,,Journal Tables 6 and 7
Iron(III) deuteroporphyrin IX (2-propoxy)(2-propanol),CC1=C(CCC(=O)O)c2cc3nc(cc4[n-]c(cc4C)cc4[n-]c(cc1n2)cc4C)C(C)=C3CCC(=O)O.[Fe+3].CC(C)[O-].CC(C)O,sec-RO2*,,,150000000.00,,,,,,,Journal Tables 6 and 7
"5,10,15,20-Tetraphenylporphinatogallium(III) ion",C1=CC=C(C=C1)C2=C3C=CC(=C(C4=NC(=C(C5=CC=C([N-]5)C(=C6C=CC2=N6)C7=CC=CC=C7)C8=CC=CC=C8)C=C4)C9=CC=CC=C9)[N-]3.[Ga+3],sec-RO2*,,,800000000.00,,,,,,,Journal Tables 6 and 7
"2,3,7,8,12,13,17,18-Octaethylporphinato(carbonyl)cyanoruthenium(II) ion",CCC1=C(C2=CC3=NC(=CC4=C(C(=C([N-]4)C=C5C(=C(C(=N5)C=C1[N-]2)CC)CC)CC)CC)C(=C3CC)CC)CC.[C-]#[O+].[Ru+2].[C-]#N,sec-RO2*,,,1500000000.00,,,,,,,Journal Tables 6 and 7
Sulfite Ion,O=S([O-])[O-],sec-RO2*,,,730000000.00,,,,,,,Journal Tables 6 and 7
Ascorbate ion,O=C1O[C@H](CO)OC1=C([O-])CO,sec-RO2*,,,1200000000.00,,,,,,,Journal Tables 6 and 7
Bilirubin dianion,C=CC1=C(C)/C(=C/C2=C(C)C(CCC(=O)[O-])=C(CC3=C(CCC(=O)[O-])C(C)=C(/C=C4\NC(=O)C(C)=C4C=C)N3)N2)NC1=O,sec-RO2*,,,38000000.00,,,,,,,Journal Tables 6 and 7
tert-Butyl-4-hydroxyanisole,COc1cc(C(C)(C)C)ccc1O,sec-RO2*,,,1500000000.00,,,,,,,Journal Tables 6 and 7
Deoxyguanosine 5'-monophosphate,Nc1nc2c(ncn2[C@H]2C[C@H](O)[C@@H](COP(=O)(O)O)O2)[nH]1,sec-RO2*,,,12000000.00,,,,,,,Journal Tables 6 and 7
"1,4-Diazabicyclo[2.2.2]octane",C1CN2CCC(C2)N1,sec-RO2*,,,12000000.00,,,,,,,Journal Tables 6 and 7
9-Diazofluorene,[N-]=[N+]=C1c2ccccc2-c2ccccc21,sec-RO2*,,,6100000000.00,,,,,,,Journal Tables 6 and 7
"2,4-Di-tert-butylphenol",CC(C)(C)c1ccc(O)c(C(C)(C)C)c1,sec-RO2*,,,490000000.00,,,,,,,Journal Tables 6 and 7
"2,3-Dimethyl-4-dimethylamino-1-phenyl-3-pyrazolin-5-one",Cc1c(N(C)C)c(=O)n(C)n1-c1ccccc1,sec-RO2*,,,1200000000.00,,,,,,,Journal Tables 6 and 7
"2,3-Dimethylindole",Cc1[nH]c2ccccc2c1C,sec-RO2*,,,6.00,,,,,,,Journal Tables 6 and 7
"3,4-Dimethyl-2-pyrazolin-5-one",CC1=NN=C(C)C1=O,sec-RO2*,,,1300000000.00,,,,,,,Journal Tables 6 and 7
"2,5-Diphenylfuran",c1ccc(-c2ccc(-c3ccccc3)o2)cc1,sec-RO2*,,,40000000.00,,,,,,,Journal Tables 6 and 7
Glutathione,N[C@@H](CCC(=O)N[C@@H](CS)C(=O)NCC(=O)O)C(=O)O,sec-RO2*,,,750000.00,,,,,,,Journal Tables 6 and 7
Hydroquinone,Oc1ccc(O)cc1,sec-RO2*,,,6500000.00,,,,,,,Journal Tables 6 and 7
5-Hydroxytryptophan,N[C@@H](Cc1c[nH]c2ccc(O)cc12)C(=O)O,sec-RO2*,,,100000000.00,,,,,,,Journal Tables 6 and 7
Isobarbiturate ion,O=C1CNC(=O)[N-]C1=O,sec-RO2*,,,390000000.00,,,,,,,Journal Tables 6 and 7
4-Methoxyphenol,COc1ccc(O)cc1,sec-RO2*,,,800000000.00,,,,,,,Journal Tables 6 and 7
4-Methoxyphenoxide ion,COc1ccc([O-])cc1,sec-RO2*,,,110000000.00,,,,,,,Journal Tables 6 and 7
1-Methylindole,Cn1ccc2ccccc21,sec-RO2*,,,600000000.00,,,,,,,Journal Tables 6 and 7
2-Methylindole,Cc1cc2ccccc2[nH]1,sec-RO2*,,,900000000.00,,,,,,,Journal Tables 6 and 7
3-Methylindole,Cc1c[nH]c2ccccc12,sec-RO2*,,,20000000.00,,,,,,,Journal Tables 6 and 7
Methyl 6-(methylthio)norbornane-2-carboxylate,COC(=O)C1C2CC(SC)CC1C2,sec-RO2*,,,70000000.00,,,,,,,Journal Tables 6 and 7
4-Methylphenoxide ion,Cc1ccc([O-])cc1,sec-RO2*,,,300000000.00,,,,,,,Journal Tables 6 and 7
6-(Methylthio)norbornane-2-carboxylic acid,CSC1CC2CC(C1)C2C(=O)O,sec-RO2*,,,100000000.00,,,,,,,Journal Tables 6 and 7
1-Methyluracil,Cn1ccc(=O)[nH]c1=O,sec-RO2*,,,1300000000.00,,,,,,,Journal Tables 6 and 7
"Metiazinic acid, conjugate base",CN1c2ccccc2Sc2cc(CC([O-])=O)ccc21,sec-RO2*,,,1700000.00,,,,,,,Journal Tables 6 and 7
Phenol,Oc1ccccc1,sec-RO2*,,,75000.00,,,,,,,Journal Tables 6 and 7
Phenoxide ion,[O-]c1ccccc1,sec-RO2*,,,200000000.00,,,,,,,Journal Tables 6 and 7
"Promethazine, conjugate acid",CC(C[NH+](C)C)N1c2ccccc2Sc2ccccc21,sec-RO2*,,,700000.00,,,,,,,Journal Tables 6 and 7
"N,N,N',N'-Tetramethyl-p-phenylenediamine",CN(C)c1ccc(N(C)C)cc1,sec-RO2*,,,780000000.00,,,,,,,Journal Tables 6 and 7
"3,3'-Thiodipropionic acid",O=C(O)CCSCCC(=O)O,sec-RO2*,,,500000000.00,,,,,,,Journal Tables 6 and 7
Tryptophan,N[C@@H](Cc1c[nH]c2ccccc12)C(=O)O,sec-RO2*,,,17000000.00,,,,,,,Journal Tables 6 and 7
"2,2'-Azinobis(3-ethylbenzothiazoline-6-sulfonate ion)",CCn1/c(=N\N=c2\sc3cc(S(=O)(=O)[O-])ccc3n2CC)sc2cc(S(=O)(=O)[O-])ccc21,RO2**,,,100000.00,298.00,,,,,,Journal Tables 6 and 7
"2,6-Di-tert-butyl-4-methoxyphenol",COc1cc(C(C)(C)C)cc(C(C)(C)C)c1O,tert-RO2*,,,110000.00,297.00,,,,,,Journal Tables 6 and 7
"2,6-Di-tert-butyl-4-methylphenol",Cc1cc(C(C)(C)C)cc(C(C)(C)C)c1O,tert-RO2*,,,24000.00,297.00,,,,,,Journal Tables 6 and 7
"N,N-Diethylaniline",CCN(CC)c1ccccc1,tert-RO2*,,,48.00,303.00,,,,,,Journal Tables 6 and 7
"9,10-Dihydro-9-anthracenyl hydroperoxide",OOC1c2ccccc2Cc2ccccc21,tert-RO2*,,,740.00,294.00,,,,,,Journal Tables 6 and 7
"3,4-Dihydro-6-hydroxy-5,7,8-trimethylbenzothiopyran",Cc1c(C)c(O)c2c(c1C)SCCC2,tert-RO2*,,,1800000.00,297.00,,,,,,Journal Tables 6 and 7
"1-Ethyl-1,2,3,4-tetrahydro-6-hydroxy-5,7,8-trimethylquinoline",CCN1CCCc2c(C)c(O)c(C)c(C)c21,tert-RO2*,,,2000000.00,297.00,,,,,,Journal Tables 6 and 7
"6-Hydroxy-2,2,5,7,8-pentamethylchromene",CC1=CC(C)(C)Oc2c1cc(O)c(C)c2C,tert-RO2*,,,2000000.00,297.00,,,,,,Journal Tables 6 and 7
"4-Methoxy-2,3,5,6-tetramethylphenol",COc1c(C)c(C)c(O)c(C)c1C,tert-RO2*,,,280000.00,297.00,,,,,,Journal Tables 6 and 7
Piperidine,C1CCNCC1,tert-RO2*,,,21.00,303.00,,,,,,Journal Tables 6 and 7
Pyrrolidine,C1CCNC1,tert-RO2*,,,380.00,303.00,,,,,,Journal Tables 6 and 7
"alpha-Tetralin hydroperoxide, deuterated (OOD)",[2H]OOC1CCCc2ccccc21,tert-RO2*,,,0.50,190.00,,,,,,Journal Tables 6 and 7
"2,3,5,6-Tetramethylphenol",Cc1cc(C)c(C)c(O)c1C,tert-RO2*,,,69000.00,297.00,,,,,,Journal Tables 6 and 7
alpha-Tocopherol,Cc1c(C)c2c(c(C)c1O)CCC(C)(CCCC(C)CCCC(C)CCCC(C)C)O2,tert-RO2*,,,2600000.00,297.00,,,,,,Journal Tables 6 and 7
gamma-Tocopherol,Cc1cc(O)c(C)c2c1OC(C)(CCCC(C)CCCC(C)CCCC(C)C)CC2,tert-RO2*,,,700000.00,297.00,,,,,,Journal Tables 6 and 7
delta-Tocopherol,Cc1cc(O)cc2c1OC(C)(CCCC(C)CCCC(C)CCCC(C)C)CC2,tert-RO2*,,,330000.00,297.00,,,,,,Journal Tables 6 and 7
Triethylamine,CCN(CC)CC,tert-RO2*,,,23.00,303.00,,,,,,Journal Tables 6 and 7
Triphenylmethyl hydroperoxide,OOC(c1ccccc1)(c1ccccc1)c1ccccc1,tert-RO2*,,,700.00,294.00,,,,,,Journal Tables 6 and 7
"3,7-Dioctylphenothiazine",CCCCCCCCc1cc2c(cc1CCCCCCCC)Sc1ccccc1N2,sec-RO2*,,,21000000.00,298.00,,,,,,Journal Tables 6 and 7
Phenothiazine,c1ccc2c(c1)Nc1ccccc1S2,sec-RO2*,,,3400000.00,298.00,,,,,,Journal Tables 6 and 7
3-tert-Butyl-4-hydroxyanisole,COc1ccc(O)c(C(C)(C)C)c1,sec-RO2*,,,3400000.00,298.00,,,,,,Journal Tables 6 and 7
"2,6-Di-tert-butyl-4-methylphenol",Cc1cc(C(C)(C)C)cc(C(C)(C)C)c1O,sec-RO2*,,,10000.00,298.00,,,,,,Journal Tables 6 and 7
Diphenylamine,c1ccc(Nc2ccccc2)cc1,sec-RO2*,,,3000000.00,298.00,,,,,,Journal Tables 6 and 7
"N,N'-Diphenyl-p-phenylenediamine",c1ccc(Nc2ccc(Nc3ccccc3)cc2)cc1,sec-RO2*,,,40000000.00,298.00,,,,,,Journal Tables 6 and 7
alpha-Tocopherol,Cc1c(C)c2c(c(C)c1O)CCC(C)(CCCC(C)CCCC(C)CCCC(C)C)O2,sec-RO2*,,,7900000.00,298.00,,,,,,Journal Tables 6 and 7
4-tert-Butyl-N-(4-tert-butylphenyl)-1-naphthylamine-N-oxyl,CC(C)(C)c1ccc(N([O])c2ccc3cc(C(C)(C)C)ccc3c2)cc1,tert-RO2*,,,1400.00,253.00,,,,,,Journal Tables 6 and 7
N-(4-tert-Butylphenyl)-1-naphthylamine-N-oxyl,CC(C)(C)c1ccc(N([O])c2cccc3ccccc23)cc1,tert-RO2*,,,3400.00,253.00,,,,,,Journal Tables 6 and 7
"3,8-Di-tert-butyl-N-(4-tert-butylphenyl)-1-naphthylamine-N-oxyl",CC(C)(C)c1ccc(N([O])c2cc3cccc(C(C)(C)C)c3cc2C(C)(C)C)cc1,tert-RO2*,,,3300.00,253.00,,,,,,Journal Tables 6 and 7
alpha-Tocopherol,Cc1c(C)c2c(c(C)c1O)CCC(C)(CCCC(C)CCCC(C)CCCC(C)C)O2,RO2*,,,14000000.00,298.00,,,,,,Journal Tables 6 and 7
"5,10,15,20-Tetrakis(4-methylphenyl)porphinatozinc(II)",CC1=CC=C(C=C1)C2=C3C=CC(=C(C4=NC(=C(C5=CC=C([N-]5)C(=C6C=CC2=N6)C7=CC=C(C=C7)C)C8=CC=C(C=C8)C)C=C4)C9=CC=C(C=C9)C)[N-]3.[Zn+2],RO2*,,,1000000000.00,298.00,,,,,,Journal Tables 6 and 7
"5,10,15,20-Tetrakis(4-methylphenyl)porphinatozinc(II) pyridine complex",CC1=CC=C(C=C1)C2=C3C=CC(=C(C4=NC(=C(C5=CC=C([N-]5)C(=C6C=CC2=N6)C7=CC=C(C=C7)C)C8=CC=C(C=C8)C)C=C4)C9=CC=C(C=C9)C)[N-]3.[Zn+2].n1ccccc1,RO2*,,,26000000.00,298.00,,,,,,Journal Tables 6 and 7
Aniline,Nc1ccccc1,RO2*,,,50000.00,298.00,,,,,,Journal Tables 6 and 7
4-Methoxyphenol,COc1ccc(O)cc1,RO2*,,,200000.00,298.00,,,,,,Journal Tables 6 and 7
Arachidonic acid,CCCCC/C=C\C/C=C\C/C=C\C/C=C\CCCC(=O)O,sec-RO2*,,,1500000.00,298.00,,,,,,Journal Tables 6 and 7
"2,2'-Azinobis(3-ethylbenzothiazoline-6-sulfonate ion)",CCn1/c(=N\N=c2\sc3cc(S(=O)(=O)[O-])ccc3n2CC)sc2cc(S(=O)(=O)[O-])ccc21,sec-RO2*,,,500000000.00,298.00,,,,,,Journal Tables 6 and 7
Dimethyl sulfide,CSC,sec-RO2*,,,6000000.00,298.00,,,,,,Journal Tables 6 and 7
Linoleic acid,CCCCC/C=C\C/C=C\CCCCCCCC(=O)O,sec-RO2*,,,800000.00,298.00,,,,,,Journal Tables 6 and 7
Oleic acid,CCCCCCCC/C=C\CCCCCCCC(=O)O,sec-RO2*,,,300000.00,298.00,,,,,,Journal Tables 6 and 7
"N,N,N',N'-Tetramethyl-p-phenylenediamine",CN(C)c1ccc(N(C)C)cc1,tert-RO2*,,20.00,4800.00,200.00,,,,,,Journal Tables 6 and 7
"3,5-Di-tert-butyl-4-hydroxybenzaldehyde",CC(C)(C)c1cc(C=O)cc(C(C)(C)C)c1O,tert-RO2*,,3.30,690.00,200.00,,,,,,Journal Tables 6 and 7
"3,5-Di-tert-butyl-4-hydroxybenzoic acid",CC(C)(C)c1cc(C(=O)O)cc(C(C)(C)C)c1O,tert-RO2*,,4.20,510.00,200.00,,,,,,Journal Tables 6 and 7
"O-d-2,6-Di-tert-butyl-4-methoxyphenol",[2H]Oc1cc(C(C)(C)C)cc(C(C)(C)C)c1OC,tert-RO2*,,2.10,1400.00,200.00,,,,,,Journal Tables 6 and 7
"O-d-2,6-Di-tert-butyl-4-methylphenol",[2H]Oc1cc(C(C)(C)C)cc(C(C)(C)C)c1C,tert-RO2*,,5.90,460.00,200.00,,,,,,Journal Tables 6 and 7
"2,6-Di-tert-butylphenol",CC(C)(C)c1cccc(C(C)(C)C)c1O,tert-RO2*,,4.20,1600.00,200.00,,,,,,Journal Tables 6 and 7
"O-d-2,6-Di-tert-butylphenol",[2H]Oc1cccc(C(C)(C)C)c1C(C)(C)C,tert-RO2*,,5.00,99.00,200.00,,,,,,Journal Tables 6 and 7
Diphenylphosphine,c1ccc(Pc2ccccc2)cc1,tert-RO2*,,10.50,180.00,200.00,,,,,,Journal Tables 6 and 7
"2-Methoxy-1,3,2-dioxaphospholane",COP1OCCO1,tert-RO2*,,19.00,11.00,200.00,,,,,,Journal Tables 6 and 7
Methoxydiphenylphosphine,COP(c1ccccc1)c1ccccc1,tert-RO2*,,5.40,190.00,200.00,,,,,,Journal Tables 6 and 7
N-Methylaniline,CNc1ccccc1,tert-RO2*,,10.50,570.00,200.00,,,,,,Journal Tables 6 and 7
Methyldiphenylphosphine,CP(c1ccccc1)c1ccccc1,tert-RO2*,,6.30,2800.00,200.00,,,,,,Journal Tables 6 and 7
2-Naphthalenethiol,Sc1ccc2ccccc2c1,tert-RO2*,,6.30,1400.00,200.00,,,,,,Journal Tables 6 and 7
1-Naphthylamine,Nc1cccc2ccccc12,tert-RO2*,,4.20,1300.00,200.00,,,,,,Journal Tables 6 and 7
1-Naphthylamine-N-d2,[2H]N([2H])c1cccc2ccccc12,tert-RO2*,,4.20,80.00,200.00,,,,,,Journal Tables 6 and 7
2-Naphthylamine,Nc1ccc2ccccc2c1,tert-RO2*,,9.60,310.00,200.00,,,,,,Journal Tables 6 and 7
1-Naphthol,Oc1cccc2ccccc12,tert-RO2*,,7.10,35000.00,200.00,,,,,,Journal Tables 6 and 7
1-Naphthol-O-d,[2H]Oc1cccc2ccccc12,tert-RO2*,,11.30,2800.00,200.00,,,,,,Journal Tables 6 and 7
2-Naphthol,Oc1ccc2ccccc2c1,tert-RO2*,,10.80,3800.00,200.00,,,,,,Journal Tables 6 and 7
Phenol,Oc1ccccc1,tert-RO2*,,21.80,32.00,200.00,,,,,,Journal Tables 6 and 7
N-Phenyl-1-naphthylamine,c1ccc(Nc2cccc3ccccc23)cc1,tert-RO2*,,4.20,10000.00,200.00,,,,,,Journal Tables 6 and 7
N-Phenyl-1-naphthylamine-N-d1,[2H]N(c1ccccc1)c1cccc2ccccc12,tert-RO2*,,2.90,1100.00,200.00,,,,,,Journal Tables 6 and 7
Propionaldehyde,CCC=O,tert-RO2*,,28.00,0.06,200.00,,,,,,Journal Tables 6 and 7
alpha-Tetralin hydroperoxide,OOC1CCCc2ccccc21,tert-RO2*,,18.80,12.00,200.00,,,,,,Journal Tables 6 and 7
Thiophenol,Sc1ccccc1,tert-RO2*,,4.60,2000.00,200.00,,,,,,Journal Tables 6 and 7
Triallyl phosphite,C=CCOP(OCC=C)OCC=C,tert-RO2*,,15.50,45.00,200.00,,,,,,Journal Tables 6 and 7
"2,4,6-Tri-tert-butylphenol",CC(C)(C)c1cc(C(C)(C)C)c(O)c(C(C)(C)C)c1,tert-RO2*,,2.10,4500.00,200.00,,,,,,Journal Tables 6 and 7
Tri(tert-butyl) phosphite,CC(C)(C)OP(OC(C)(C)C)OC(C)(C)C,tert-RO2*,,23.00,0.51,200.00,,,,,,Journal Tables 6 and 7
Tri(4-chlorophenyl)phosphine,Clc1ccc(P(c2ccc(Cl)cc2)c2ccc(Cl)cc2)cc1,tert-RO2*,,17.00,230.00,200.00,,,,,,Journal Tables 6 and 7
Triethyl phosphite,CCOP(OCC)OCC,tert-RO2*,,14.00,22.00,200.00,,,,,,Journal Tables 6 and 7
Tri(4-fluorophenyl)phosphine,Fc1ccc(P(c2ccc(F)cc2)c2ccc(F)cc2)cc1,tert-RO2*,,13.00,16.00,200.00,,,,,,Journal Tables 6 and 7
Triisopropyl phosphite,CC(C)OP(OC(C)C)OC(C)C,tert-RO2*,,18.00,32.00,200.00,,,,,,Journal Tables 6 and 7
Tri(4-methoxyphenyl)phosphine,COc1ccc(P(c2ccc(OC)cc2)c2ccc(OC)cc2)cc1,tert-RO2*,,13.00,320.00,200.00,,,,,,Journal Tables 6 and 7
Tri(4-methylphenyl)phosphine,Cc1ccc(P(c2ccc(C)cc2)c2ccc(C)cc2)cc1,tert-RO2*,,16.00,130.00,200.00,,,,,,Journal Tables 6 and 7
Trimethyl phosphite,COP(OC)OC,tert-RO2*,,16.00,33.00,200.00,,,,,,Journal Tables 6 and 7
Triphenylphosphine,c1ccc(P(c2ccccc2)c2ccccc2)cc1,tert-RO2*,,12.50,430.00,200.00,,,,,,Journal Tables 6 and 7
Triphenyl phosphite,c1ccc(OP(Oc2ccccc2)Oc2ccccc2)cc1,tert-RO2*,,20.00,120.00,200.00,,,,,,Journal Tables 6 and 7
2-Naphthol-O-d,[2H]Oc1ccc2ccccc2c1,tert-RO2*,,16.00,210.00,200.00,,,,,,Journal Tables 6 and 7
4-tert-Butyl-N-(4-tert-butylphenyl)-1-naphthylamine,CC(C)(C)c1ccc(Nc2ccc3cc(C(C)(C)C)ccc3c2)cc1,tert-RO2*,,8.30,12000.00,200.00,,,,,,Journal Tables 6 and 7
N-tert-Butyl-2-naphthylamine,CC(C)(C)Nc1ccc2ccccc2c1,tert-RO2*,,7.20,250.00,200.00,,,,,,Journal Tables 6 and 7
N-tert-Butyl-N-hydroxy-2-naphthylamine,CC(C)(C)N(O)c1ccc2ccccc2c1,tert-RO2*,,4.60,17000.00,200.00,,,,,,Journal Tables 6 and 7
N-(4-tert-Butylphenyl)-1-naphthylamine,CC(C)(C)c1ccc(Nc2cccc3ccccc23)cc1,tert-RO2*,,14.60,8500.00,200.00,,,,,,Journal Tables 6 and 7
"3,8-Di-tert-butyl-N-(4-tert-butylphenyl)-1-naphthylamine",CC(C)(C)c1ccc(Nc2cc3cccc(C(C)(C)C)c3cc2C(C)(C)C)cc1,tert-RO2*,,13.90,12000.00,200.00,,,,,,Journal Tables 6 and 7
"3,8-Di-tert-butyl-N-phenyl-1-naphthylamine",CC(C)(C)c1cc2cccc(Nc3ccccc3)c2cc1C(C)(C)C,tert-RO2*,,11.10,23000.00,200.00,,,,,,Journal Tables 6 and 7
Diphenylamine,c1ccc(Nc2ccccc2)cc1,tert-RO2*,,6.50,920.00,200.00,,,,,,Journal Tables 6 and 7
N-Phenyl-2-naphthylamine,c1ccc(Nc2ccc3ccccc3c2)cc1,tert-RO2*,,9.50,790.00,200.00,,,,,,Journal Tables 6 and 7
C6H5NH2,Nc1ccccc1,RO2*,-$0.80,19.50,570000.00,400.00,,Amine,Electron Transfer,,,4.2 Table
C6H5NH2,Nc1ccccc1,sec-RO2*,$2.70,21.20,170000.00,400.00,,Amine,Electron Transfer,,,4.2 Table
C6H5NH2,Nc1ccccc1,tert-RO2*,$9.60,24.60,120000.00,400.00,,Amine,Electron Transfer,,,4.2 Table
C6H5(CH3)NH,CNc1ccccc1,RO2*,-$2.90,18.50,380000.00,400.00,,Amine,Electron Transfer,,,4.2 Table
C6H5(CH3)NH,CNc1ccccc1,sec-RO2*,$0.60,20.10,240000.00,400.00,,Amine,Electron Transfer,,,4.2 Table
C6H5(CH3)NH,CNc1ccccc1,tert-RO2*,$7.50,23.50,85000.00,400.00,,Amine,Electron Transfer,,,4.2 Table
(CH3)2NH,CNC,RO2*,$13.80,26.80,32000.00,400.00,,Amine,Electron Transfer,,,4.2 Table
(CH3)2NH,CNC,sec-RO2*,$17.30,28.60,18000.00,400.00,,Amine,Electron Transfer,,,4.2 Table
(CH3)2NH,CNC,tert-RO2*,$24.20,32.40,5900.00,400.00,,Amine,Electron Transfer,,,4.2 Table
C6H5NH2,Nc1ccccc1,RO2*,-$0.80,19.50,170000.00,333.00,,Amine,Electron Transfer,,,4.2 Table
C6H5NH2,Nc1ccccc1,sec-RO2*,$2.70,21.20,94000.00,333.00,,Amine,Electron Transfer,,,4.2 Table
C6H5NH2,Nc1ccccc1,tert-RO2*,$9.60,24.60,28000.00,333.00,,Amine,Electron Transfer,,,4.2 Table
C6H5(CH3)NH,CNc1ccccc1,RO2*,-$2.90,18.50,130000.00,333.00,,Amine,Electron Transfer,,,4.2 Table
C6H5(CH3)NH,CNc1ccccc1,sec-RO2*,$0.60,20.10,70000.00,333.00,,Amine,Electron Transfer,,,4.2 Table
C6H5(CH3)NH,CNc1ccccc1,tert-RO2*,$7.50,23.50,21000.00,333.00,,Amine,Electron Transfer,,,4.2 Table
(CH3)2NH,CNC,RO2*,$13.80,26.80,6300.00,333.00,,Amine,Electron Transfer,,,4.2 Table
(CH3)2NH,CNC,sec-RO2*,$17.30,28.60,3300.00,333.00,,Amine,Electron Transfer,,,4.2 Table
(CH3)2NH,CNC,tert-RO2*,$24.20,32.40,830.00,333.00,,Amine,Electron Transfer,,,4.2 Table
CH3(CH2)3CH3,CCCCC,RO2*,$34.30,60.30,0.21,333.00,,Hydrocarbon,Hydrogen Abstraction,,,2.1 Table
CH3(CH2)3CH3,CCCCC,sec-RO2*,$37.80,62.20,0.11,333.00,,Hydrocarbon,Hydrogen Abstraction,,,2.1 Table
CH3(CH2)3CH3,CCCCC,tert-RO2*,$44.70,65.80,0.02,333.00,,Hydrocarbon,Hydrogen Abstraction,,,2.1 Table
(CH3)2CHCH2CH3,CCC(C)C,RO2*,$23.20,54.80,0.25,333.00,,Hydrocarbon,Hydrogen Abstraction,,,2.1 Table
(CH3)2CHCH2CH3,CCC(C)C,sec-RO2*,$26.70,56.50,0.14,333.00,,Hydrocarbon,Hydrogen Abstraction,,,2.1 Table
(CH3)2CHCH2CH3,CCC(C)C,tert-RO2*,$33.60,60.00,0.04,333.00,,Hydrocarbon,Hydrogen Abstraction,,,2.1 Table
C(CH3)4,CC(C)(C)C,RO2*,$49.40,68.30,0.02,333.00,,Hydrocarbon,Hydrogen Abstraction,,,2.1 Table
C(CH3)4,CC(C)(C)C,sec-RO2*,$52.90,70.30,0.01,333.00,,Hydrocarbon,Hydrogen Abstraction,,,2.1 Table
C(CH3)4,CC(C)(C)C,tert-RO2*,$59.80,74.10,0.03,333.00,,Hydrocarbon,Hydrogen Abstraction,,,2.1 Table
cyclo-C5H10,C1CCCC1,RO2*,$26.40,56.40,1.42,333.00,,Hydrocarbon,Hydrogen Abstraction,,,2.1 Table
cyclo-C5H10,C1CCCC1,sec-RO2*,$29.90,58.10,0.77,333.00,,Hydrocarbon,Hydrogen Abstraction,,,2.1 Table
cyclo-C5H10,C1CCCC1,tert-RO2*,$36.80,61.60,0.22,333.00,,Hydrocarbon,Hydrogen Abstraction,,,2.1 Table
cyclo-C6H12,C1CCCCC1,RO2*,$30.60,58.50,0.80,333.00,,Hydrocarbon,Hydrogen Abstraction,,,2.1 Table
cyclo-C6H12,C1CCCCC1,sec-RO2*,$34.10,60.20,0.44,333.00,,Hydrocarbon,Hydrogen Abstraction,,,2.1 Table
cyclo-C6H12,C1CCCCC1,tert-RO2*,$41.00,63.80,0.18,333.00,,Hydrocarbon,Hydrogen Abstraction,,,2.1 Table
cyclo-C6H11CH3,CC1CCCCC1,RO2*,$30.30,53.40,1.22,333.00,,Hydrocarbon,Hydrogen Abstraction,,,2.1 Table
cyclo-C6H11CH3,CC1CCCCC1,sec-RO2*,$23.80,55.10,0.67,333.00,,Hydrocarbon,Hydrogen Abstraction,,,2.1 Table
cyclo-C6H11CH3,CC1CCCCC1,tert-RO2*,$30.70,58.50,0.25,333.00,,Hydrocarbon,Hydrogen Abstraction,,,2.1 Table
CH2=CHCH3,C=CC,RO2*,-$5.80,54.70,0.08,333.00,,Hydrocarbon,Hydrogen Abstraction,,,2.1 Table
CH2=CHCH3,C=CC,sec-RO2*,-$2.30,56.20,0.05,333.00,,Hydrocarbon,Hydrogen Abstraction,,,2.1 Table
CH2=CHCH3,C=CC,tert-RO2*,$4.60,59.30,0.02,333.00,,Hydrocarbon,Hydrogen Abstraction,,,2.1 Table
cis-CH3CH=CHCH3,C/C=C\C,RO2*,-$18.00,49.50,1.00,333.00,,Hydrocarbon,Hydrogen Abstraction,,,2.1 Table
cis-CH3CH=CHCH3,C/C=C\C,sec-RO2*,-$14.50,51.00,0.60,333.00,,Hydrocarbon,Hydrogen Abstraction,,,2.1 Table
cis-CH3CH=CHCH3,C/C=C\C,tert-RO2*,-$7.60,53.90,0.20,333.00,,Hydrocarbon,Hydrogen Abstraction,,,2.1 Table
trans-CH3CH=CHCH3,C/C=C/C,RO2*,-$16.40,50.20,0.80,333.00,,Hydrocarbon,Hydrogen Abstraction,,,2.1 Table
trans-CH3CH=CHCH3,C/C=C/C,sec-RO2*,-$12.90,51.60,0.50,333.00,,Hydrocarbon,Hydrogen Abstraction,,,2.1 Table
trans-CH3CH=CHCH3,C/C=C/C,tert-RO2*,-$6.00,54.60,0.20,333.00,,Hydrocarbon,Hydrogen Abstraction,,,2.1 Table
CH2=CHCH2CH3,C=CCC,RO2*,-$28.90,45.10,1.70,333.00,,Hydrocarbon,Hydrogen Abstraction,,,2.1 Table
CH2=CHCH2CH3,C=CCC,sec-RO2*,-$24.70,46.80,0.90,333.00,,Hydrocarbon,Hydrogen Abstraction,,,2.1 Table
CH2=CHCH2CH3,C=CCC,tert-RO2*,-$17.80,49.60,0.30,333.00,,Hydrocarbon,Hydrogen Abstraction,,,2.1 Table
CH2=CHCH(CH3)2,C=CC(C)C,RO2*,-$33.60,43.20,1.70,333.00,,Hydrocarbon,Hydrogen Abstraction,,,2.1 Table
CH2=CHCH(CH3)2,C=CC(C)C,sec-RO2*,-$30.10,44.60,1.00,333.00,,Hydrocarbon,Hydrogen Abstraction,,,2.1 Table
CH2=CHCH(CH3)2,C=CC(C)C,tert-RO2*,-$23.20,47.40,0.40,333.00,,Hydrocarbon,Hydrogen Abstraction,,,2.1 Table
CH3CH=C(CH3)2,CC=C(C)C,RO2*,-$20.80,48.30,1.60,333.00,,Hydrocarbon,Hydrogen Abstraction,,,2.1 Table
CH3CH=C(CH3)2,CC=C(C)C,sec-RO2*,-$17.30,49.80,0.90,333.00,,Hydrocarbon,Hydrogen Abstraction,,,2.1 Table
CH3CH=C(CH3)2,CC=C(C)C,tert-RO2*,-$10.40,52.70,0.30,333.00,,Hydrocarbon,Hydrogen Abstraction,,,2.1 Table
(CH3)2C=C(CH3)2,CC(C)=C(C)C,RO2*,-$20.30,48.60,2.80,333.00,,Hydrocarbon,Hydrogen Abstraction,,,2.1 Table
(CH3)2C=C(CH3)2,CC(C)=C(C)C,sec-RO2*,-$16.80,50.10,1.60,333.00,,Hydrocarbon,Hydrogen Abstraction,,,2.1 Table
(CH3)2C=C(CH3)2,CC(C)=C(C)C,tert-RO2*,-$9.90,52.90,0.60,333.00,,Hydrocarbon,Hydrogen Abstraction,,,2.1 Table
cyclo-C5H8,C1=CCCC1,RO2*,-$30.80,44.30,45.00,333.00,,Hydrocarbon,Hydrogen Abstraction,,,2.1 Table
cyclo-C5H8,C1=CCCC1,sec-RO2*,-$27.30,45.70,27.00,333.00,,Hydrocarbon,Hydrogen Abstraction,,,2.1 Table
cyclo-C5H8,C1=CCCC1,tert-RO2*,-$20.40,48.50,10.00,333.00,,Hydrocarbon,Hydrogen Abstraction,,,2.1 Table
cyclo-C6H10,C1=CCCCC1,sec-RO2*,-$28.20,45.40,30.00,333.00,,Hydrocarbon,Hydrogen Abstraction,,,2.1 Table
cyclo-C6H10,C1=CCCCC1,tert-RO2*,-$21.30,48.10,11.00,333.00,,Hydrocarbon,Hydrogen Abstraction,,,2.1 Table
cyclo-C6H10,C1=CCCCC1,RO2*,-$31.70,44.00,50.00,333.00,,Hydrocarbon,Hydrogen Abstraction,,,2.1 Table
Cyclopentadiene,C1=CCC=C1,RO2*,-$71.80,29.40,5000.00,333.00,,Hydrocarbon,Hydrogen Abstraction,,,2.1 Table
Cyclopentadiene,C1=CCC=C1,sec-RO2*,-$68.30,30.60,3200.00,333.00,,Hydrocarbon,Hydrogen Abstraction,,,2.1 Table
Cyclopentadiene,C1=CCC=C1,tert-RO2*,-$61.40,33.00,1300.00,333.00,,Hydrocarbon,Hydrogen Abstraction,,,2.1 Table
"1,3-Cyclohexadiene",C1=CCCC=C1,RO2*,-$63.60,32.20,3500.00,333.00,,Hydrocarbon,Hydrogen Abstraction,,,2.1 Table
"1,3-Cyclohexadiene",C1=CCCC=C1,sec-RO2*,-$60.10,33.40,2300.00,333.00,,Hydrocarbon,Hydrogen Abstraction,,,2.1 Table
"1,3-Cyclohexadiene",C1=CCCC=C1,tert-RO2*,-$53.20,35.90,930.00,333.00,,Hydrocarbon,Hydrogen Abstraction,,,2.1 Table
C6H5CH3,Cc1ccccc1,RO2*,-$0.80,48.10,0.86,333.00,,Hydrocarbon,Hydrogen Abstraction,,,2.1 Table
C6H5CH3,Cc1ccccc1,sec-RO2*,$2.70,49.70,0.48,333.00,,Hydrocarbon,Hydrogen Abstraction,,,2.1 Table
C6H5CH3,Cc1ccccc1,tert-RO2*,$9.60,52.80,0.16,333.00,,Hydrocarbon,Hydrogen Abstraction,,,2.1 Table
2-CH3C6H5CH3,Cc1ccccc1C,RO2*,$1.90,49.30,1.11,333.00,,Hydrocarbon,Hydrogen Abstraction,,,2.1 Table
2-CH3C6H5CH3,Cc1ccccc1C,sec-RO2*,$5.40,50.70,0.67,333.00,,Hydrocarbon,Hydrogen Abstraction,,,2.1 Table
2-CH3C6H5CH3,Cc1ccccc1C,tert-RO2*,$12.30,53.90,0.21,333.00,,Hydrocarbon,Hydrogen Abstraction,,,2.1 Table
4-CH3C6H4CH3,Cc1ccc(C)cc1,RO2*,-$3.60,46.80,2.74,333.00,,Hydrocarbon,Hydrogen Abstraction,,,2.1 Table
4-CH3C6H4CH3,Cc1ccc(C)cc1,sec-RO2*,-$0.10,48.30,1.59,333.00,,Hydrocarbon,Hydrogen Abstraction,,,2.1 Table
4-CH3C6H4CH3,Cc1ccc(C)cc1,tert-RO2*,$6.80,51.40,0.52,333.00,,Hydrocarbon,Hydrogen Abstraction,,,2.1 Table
4-CH3OC6H4CH3,COc1ccc(C)cc1,RO2*,-$3.80,46.70,1.42,333.00,,Hydrocarbon,Hydrogen Abstraction,,,2.1 Table
4-CH3OC6H4CH3,COc1ccc(C)cc1,sec-RO2*,-$0.30,48.20,0.83,333.00,,Hydrocarbon,Hydrogen Abstraction,,,2.1 Table
4-CH3OC6H4CH3,COc1ccc(C)cc1,tert-RO2*,$6.60,51.30,0.27,333.00,,Hydrocarbon,Hydrogen Abstraction,,,2.1 Table
4-(CH3)3CC6H4CH3,Cc1ccc(C(C)(C)C)cc1,RO2*,-$1.90,47.50,1.06,333.00,,Hydrocarbon,Hydrogen Abstraction,,,2.1 Table
4-(CH3)3CC6H4CH3,Cc1ccc(C(C)(C)C)cc1,sec-RO2*,$1.60,49.00,0.62,333.00,,Hydrocarbon,Hydrogen Abstraction,,,2.1 Table
4-(CH3)3CC6H4CH3,Cc1ccc(C(C)(C)C)cc1,tert-RO2*,$8.50,52.20,0.19,333.00,,Hydrocarbon,Hydrogen Abstraction,,,2.1 Table
4-ClC6H4CH3,Cc1ccc(Cl)cc1,RO2*,-$1.70,47.60,1.02,333.00,,Hydrocarbon,Hydrogen Abstraction,,,2.1 Table
4-ClC6H4CH3,Cc1ccc(Cl)cc1,sec-RO2*,$1.80,49.10,0.60,333.00,,Hydrocarbon,Hydrogen Abstraction,,,2.1 Table
4-ClC6H4CH3,Cc1ccc(Cl)cc1,tert-RO2*,$8.70,52.20,0.19,333.00,,Hydrocarbon,Hydrogen Abstraction,,,2.1 Table
4-CNC6H4CH3,Cc1ccc(C#N)cc1,RO2*,-$7.10,45.20,2.44,333.00,,Hydrocarbon,Hydrogen Abstraction,,,2.1 Table
4-CNC6H4CH3,Cc1ccc(C#N)cc1,sec-RO2*,-$3.60,46.80,1.37,333.00,,Hydrocarbon,Hydrogen Abstraction,,,2.1 Table
4-CNC6H4CH3,Cc1ccc(C#N)cc1,tert-RO2*,$3.30,49.80,0.46,333.00,,Hydrocarbon,Hydrogen Abstraction,,,2.1 Table
4-NO2C6H4CH3,Cc1ccc([N+](=O)[O-])cc1,RO2*,$0.50,48.60,0.71,333.00,,Hydrocarbon,Hydrogen Abstraction,,,2.1 Table
4-NO2C6H4CH3,Cc1ccc([N+](=O)[O-])cc1,sec-RO2*,$4.00,50.10,0.42,333.00,,Hydrocarbon,Hydrogen Abstraction,,,2.1 Table
4-NO2C6H4CH3,Cc1ccc([N+](=O)[O-])cc1,tert-RO2*,$10.90,53.30,0.13,333.00,,Hydrocarbon,Hydrogen Abstraction,,,2.1 Table
C6H5CH2CH3,CCc1ccccc1,RO2*,-$12.00,43.10,3.47,333.00,,Hydrocarbon,Hydrogen Abstraction,,,2.1 Table
C6H5CH2CH3,CCc1ccccc1,sec-RO2*,-$8.50,44.60,2.02,333.00,,Hydrocarbon,Hydrogen Abstraction,,,2.1 Table
C6H5CH2CH3,CCc1ccccc1,tert-RO2*,-$1.60,47.60,0.68,333.00,,Hydrocarbon,Hydrogen Abstraction,,,2.1 Table
C6H5CH(CH3)2,CC(C)c1ccccc1,RO2*,-$18.40,40.40,4.60,333.00,,Hydrocarbon,Hydrogen Abstraction,,,2.1 Table
C6H5CH(CH3)2,CC(C)c1ccccc1,sec-RO2*,-$14.90,41.90,2.68,333.00,,Hydrocarbon,Hydrogen Abstraction,,,2.1 Table
C6H5CH(CH3)2,CC(C)c1ccccc1,tert-RO2*,-$8.00,44.80,0.94,333.00,,Hydrocarbon,Hydrogen Abstraction,,,2.1 Table
(C6H5)2CH2,c1ccc(Cc2ccccc2)cc1,RO2*,-$19.00,40.20,9.89,333.00,,Hydrocarbon,Hydrogen Abstraction,,,2.1 Table
(C6H5)2CH2,c1ccc(Cc2ccccc2)cc1,sec-RO2*,-$15.50,41.70,5.75,333.00,,Hydrocarbon,Hydrogen Abstraction,,,2.1 Table
(C6H5)2CH2,c1ccc(Cc2ccccc2)cc1,tert-RO2*,-$8.60,44.60,2.02,333.00,,Hydrocarbon,Hydrogen Abstraction,,,2.1 Table
(C6H5)2CHCH3,CC(c1ccccc1)c1ccccc1,RO2*,-$24.80,37.80,11.81,333.00,,Hydrocarbon,Hydrogen Abstraction,,,2.1 Table
(C6H5)2CHCH3,CC(c1ccccc1)c1ccccc1,sec-RO2*,-$21.30,39.20,7.10,333.00,,Hydrocarbon,Hydrogen Abstraction,,,2.1 Table
(C6H5)2CHCH3,CC(c1ccccc1)c1ccccc1,tert-RO2*,-$14.40,42.10,2.50,333.00,,Hydrocarbon,Hydrogen Abstraction,,,2.1 Table
C6H5CH2CH2C6H5,c1ccc(CCc2ccccc2)cc1,RO2*,-$12.80,42.80,7.74,333.00,,Hydrocarbon,Hydrogen Abstraction,,,2.1 Table
C6H5CH2CH2C6H5,c1ccc(CCc2ccccc2)cc1,sec-RO2*,-$9.30,44.30,4.50,333.00,,Hydrocarbon,Hydrogen Abstraction,,,2.1 Table
C6H5CH2CH2C6H5,c1ccc(CCc2ccccc2)cc1,tert-RO2*,-$2.40,47.30,1.52,333.00,,Hydrocarbon,Hydrogen Abstraction,,,2.1 Table
(C6H5)3CH,c1ccc(C(c2ccccc2)c2ccccc2)cc1,RO2*,-$26.20,37.30,14.10,333.00,,Hydrocarbon,Hydrogen Abstraction,,,2.1 Table
(C6H5)3CH,c1ccc(C(c2ccccc2)c2ccccc2)cc1,sec-RO2*,-$22.70,38.70,8.51,333.00,,Hydrocarbon,Hydrogen Abstraction,,,2.1 Table
(C6H5)3CH,c1ccc(C(c2ccccc2)c2ccccc2)cc1,tert-RO2*,-$15.80,41.50,3.10,333.00,,Hydrocarbon,Hydrogen Abstraction,,,2.1 Table
C6H5CH2CH=CH2,C=CCc1ccccc1,RO2*,-$26.40,37.20,29.20,333.00,,Hydrocarbon,Hydrogen Abstraction,,,2.1 Table
C6H5CH2CH=CH2,C=CCc1ccccc1,sec-RO2*,-$22.90,38.60,17.60,333.00,,Hydrocarbon,Hydrogen Abstraction,,,2.1 Table
C6H5CH2CH=CH2,C=CCc1ccccc1,tert-RO2*,-$16.00,41.40,6.41,333.00,,Hydrocarbon,Hydrogen Abstraction,,,2.1 Table
Indane,c1ccc2c(c1)CCC2,RO2*,-$14.20,42.40,48.00,333.00,,Hydrocarbon,Hydrogen Abstraction,,,2.1 Table
Indane,c1ccc2c(c1)CCC2,sec-RO2*,-$10.70,43.70,27.90,333.00,,Hydrocarbon,Hydrogen Abstraction,,,2.1 Table
Indane,c1ccc2c(c1)CCC2,tert-RO2*,-$3.80,46.70,9.50,333.00,,Hydrocarbon,Hydrogen Abstraction,,,2.1 Table
Tetraline,c1ccc2c(c1)CCCC2,RO2*,-$20.00,39.70,240.00,333.00,,Hydrocarbon,Hydrogen Abstraction,,,2.1 Table
Tetraline,c1ccc2c(c1)CCCC2,sec-RO2*,-$16.50,41.20,140.00,333.00,,Hydrocarbon,Hydrogen Abstraction,,,2.1 Table
Tetraline,c1ccc2c(c1)CCCC2,tert-RO2*,-$9.60,44.10,48.40,333.00,,Hydrocarbon,Hydrogen Abstraction,,,2.1 Table
CH3(CH2)3CH3,CCCCC,RO2*,$34.30,60.30,8.00,400.00,,Hydrocarbon,Hydrogen Abstraction,,,2.1 Table
CH3(CH2)3CH3,CCCCC,sec-RO2*,$37.80,62.20,4.50,400.00,,Hydrocarbon,Hydrogen Abstraction,,,2.1 Table
CH3(CH2)3CH3,CCCCC,tert-RO2*,$44.70,65.80,1.50,400.00,,Hydrocarbon,Hydrogen Abstraction,,,2.1 Table
(CH3)2CHCH2CH3,CCC(C)C,RO2*,$23.20,54.80,7.00,400.00,,Hydrocarbon,Hydrogen Abstraction,,,2.1 Table
(CH3)2CHCH2CH3,CCC(C)C,sec-RO2*,$26.70,56.50,4.20,400.00,,Hydrocarbon,Hydrogen Abstraction,,,2.1 Table
(CH3)2CHCH2CH3,CCC(C)C,tert-RO2*,$33.60,60.00,1.50,400.00,,Hydrocarbon,Hydrogen Abstraction,,,2.1 Table
C(CH3)4,CC(C)(C)C,RO2*,$49.40,68.30,1.40,400.00,,Hydrocarbon,Hydrogen Abstraction,,,2.1 Table
C(CH3)4,CC(C)(C)C,sec-RO2*,$52.90,70.30,0.80,400.00,,Hydrocarbon,Hydrogen Abstraction,,,2.1 Table
C(CH3)4,CC(C)(C)C,tert-RO2*,$59.80,74.10,0.00,400.00,,Hydrocarbon,Hydrogen Abstraction,,,2.1 Table
cyclo-C5H10,C1CCCC1,RO2*,$26.40,56.40,4.30,400.00,,Hydrocarbon,Hydrogen Abstraction,,,2.1 Table
cyclo-C5H10,C1CCCC1,sec-RO2*,$29.90,58.10,25.90,400.00,,Hydrocarbon,Hydrogen Abstraction,,,2.1 Table
cyclo-C5H10,C1CCCC1,tert-RO2*,$36.80,61.60,9.00,400.00,,Hydrocarbon,Hydrogen Abstraction,,,2.1 Table
cyclo-C6H12,C1CCCCC1,RO2*,$30.60,58.50,27.50,400.00,,Hydrocarbon,Hydrogen Abstraction,,,2.1 Table
cyclo-C6H12,C1CCCCC1,sec-RO2*,$34.10,60.20,16.50,400.00,,Hydrocarbon,Hydrogen Abstraction,,,2.1 Table
cyclo-C6H12,C1CCCCC1,tert-RO2*,$41.00,63.80,5.60,400.00,,Hydrocarbon,Hydrogen Abstraction,,,2.1 Table
cyclo-C6H11CH3,CC1CCCCC1,RO2*,$30.30,53.40,130.00,400.00,,Hydrocarbon,Hydrogen Abstraction,,,2.1 Table
cyclo-C6H11CH3,CC1CCCCC1,sec-RO2*,$23.80,55.10,76.60,400.00,,Hydrocarbon,Hydrogen Abstraction,,,2.1 Table
cyclo-C6H11CH3,CC1CCCCC1,tert-RO2*,$30.70,58.50,27.50,400.00,,Hydrocarbon,Hydrogen Abstraction,,,2.1 Table
CH2=CHCH3,C=CC,RO2*,-$5.80,54.70,2.20,400.00,,Hydrocarbon,Hydrogen Abstraction,,,2.1 Table
CH2=CHCH3,C=CC,sec-RO2*,-$2.30,56.20,1.40,400.00,,Hydrocarbon,Hydrogen Abstraction,,,2.1 Table
CH2=CHCH3,C=CC,tert-RO2*,$4.60,59.30,0.50,400.00,,Hydrocarbon,Hydrogen Abstraction,,,2.1 Table
cis-CH3CH=CHCH3,C/C=C\C,RO2*,-$18.00,49.50,21.00,400.00,,Hydrocarbon,Hydrogen Abstraction,,,2.1 Table
cis-CH3CH=CHCH3,C/C=C\C,sec-RO2*,-$14.50,51.00,13.00,400.00,,Hydrocarbon,Hydrogen Abstraction,,,2.1 Table
cis-CH3CH=CHCH3,C/C=C\C,tert-RO2*,-$7.60,53.90,27.00,400.00,,Hydrocarbon,Hydrogen Abstraction,,,2.1 Table
trans-CH3CH=CHCH3,C/C=C/C,RO2*,-$16.40,50.20,17.00,400.00,,Hydrocarbon,Hydrogen Abstraction,,,2.1 Table
trans-CH3CH=CHCH3,C/C=C/C,sec-RO2*,-$12.90,51.60,11.00,400.00,,Hydrocarbon,Hydrogen Abstraction,,,2.1 Table
trans-CH3CH=CHCH3,C/C=C/C,tert-RO2*,-$6.00,54.60,2.00,400.00,,Hydrocarbon,Hydrogen Abstraction,,,2.1 Table
CH2=CHCH2CH3,C=CCC,RO2*,-$28.90,45.10,26.00,400.00,,Hydrocarbon,Hydrogen Abstraction,,,2.1 Table
CH2=CHCH2CH3,C=CCC,sec-RO2*,-$24.70,46.80,15.00,400.00,,Hydrocarbon,Hydrogen Abstraction,,,2.1 Table
CH2=CHCH2CH3,C=CCC,tert-RO2*,-$17.80,49.60,6.70,400.00,,Hydrocarbon,Hydrogen Abstraction,,,2.1 Table
CH2=CHCH(CH3)2,C=CC(C)C,RO2*,-$33.60,43.20,23.00,400.00,,Hydrocarbon,Hydrogen Abstraction,,,2.1 Table
CH2=CHCH(CH3)2,C=CC(C)C,sec-RO2*,-$30.10,44.60,15.00,400.00,,Hydrocarbon,Hydrogen Abstraction,,,2.1 Table
CH2=CHCH(CH3)2,C=CC(C)C,tert-RO2*,-$23.20,47.40,6.50,400.00,,Hydrocarbon,Hydrogen Abstraction,,,2.1 Table
CH3CH=C(CH3)2,CC=C(C)C,RO2*,-$20.80,48.30,30.00,400.00,,Hydrocarbon,Hydrogen Abstraction,,,2.1 Table
CH3CH=C(CH3)2,CC=C(C)C,sec-RO2*,-$17.30,49.80,19.00,400.00,,Hydrocarbon,Hydrogen Abstraction,,,2.1 Table
CH3CH=C(CH3)2,CC=C(C)C,tert-RO2*,-$10.40,52.70,7.90,400.00,,Hydrocarbon,Hydrogen Abstraction,,,2.1 Table
(CH3)2C=C(CH3)2,CC(C)=C(C)C,RO2*,-$20.30,48.60,54.00,400.00,,Hydrocarbon,Hydrogen Abstraction,,,2.1 Table
(CH3)2C=C(CH3)2,CC(C)=C(C)C,sec-RO2*,-$16.80,50.10,34.00,400.00,,Hydrocarbon,Hydrogen Abstraction,,,2.1 Table
(CH3)2C=C(CH3)2,CC(C)=C(C)C,tert-RO2*,-$9.90,52.90,15.00,400.00,,Hydrocarbon,Hydrogen Abstraction,,,2.1 Table
cyclo-C5H8,C1=CCCC1,RO2*,-$30.80,44.30,660.00,400.00,,Hydrocarbon,Hydrogen Abstraction,,,2.1 Table
cyclo-C5H8,C1=CCCC1,sec-RO2*,-$27.30,45.70,430.00,400.00,,Hydrocarbon,Hydrogen Abstraction,,,2.1 Table
cyclo-C5H8,C1=CCCC1,tert-RO2*,-$20.40,48.50,190.00,400.00,,Hydrocarbon,Hydrogen Abstraction,,,2.1 Table
cyclo-C6H10,C1=CCCCC1,sec-RO2*,-$28.20,45.40,470.00,400.00,,Hydrocarbon,Hydrogen Abstraction,,,2.1 Table
cyclo-C6H10,C1=CCCCC1,tert-RO2*,-$21.30,48.10,210.00,400.00,,Hydrocarbon,Hydrogen Abstraction,,,2.1 Table
cyclo-C6H10,C1=CCCCC1,RO2*,-$31.70,44.00,720.00,400.00,,Hydrocarbon,Hydrogen Abstraction,,,2.1 Table
Cyclopentadiene,C1=CCC=C1,RO2*,-$71.80,29.40,29000.00,400.00,,Hydrocarbon,Hydrogen Abstraction,,,2.1 Table
Cyclopentadiene,C1=CCC=C1,sec-RO2*,-$68.30,30.60,20000.00,400.00,,Hydrocarbon,Hydrogen Abstraction,,,2.1 Table
Cyclopentadiene,C1=CCC=C1,tert-RO2*,-$61.40,33.00,9800.00,400.00,,Hydrocarbon,Hydrogen Abstraction,,,2.1 Table
"1,3-Cyclohexadiene",C1=CCCC=C1,RO2*,-$63.60,32.20,25000.00,400.00,,Hydrocarbon,Hydrogen Abstraction,,,2.1 Table
"1,3-Cyclohexadiene",C1=CCCC=C1,sec-RO2*,-$60.10,33.40,17000.00,400.00,,Hydrocarbon,Hydrogen Abstraction,,,2.1 Table
"1,3-Cyclohexadiene",C1=CCCC=C1,tert-RO2*,-$53.20,35.90,8200.00,400.00,,Hydrocarbon,Hydrogen Abstraction,,,2.1 Table
C6H5CH3,Cc1ccccc1,RO2*,-$0.80,48.10,16.00,400.00,,Hydrocarbon,Hydrogen Abstraction,,,2.1 Table
C6H5CH3,Cc1ccccc1,sec-RO2*,$2.70,49.70,9.70,400.00,,Hydrocarbon,Hydrogen Abstraction,,,2.1 Table
C6H5CH3,Cc1ccccc1,tert-RO2*,$9.60,52.80,3.80,400.00,,Hydrocarbon,Hydrogen Abstraction,,,2.1 Table
2-CH3C6H5CH3,Cc1ccccc1C,RO2*,$1.90,49.30,22.00,400.00,,Hydrocarbon,Hydrogen Abstraction,,,2.1 Table
2-CH3C6H5CH3,Cc1ccccc1C,sec-RO2*,$5.40,50.70,14.00,400.00,,Hydrocarbon,Hydrogen Abstraction,,,2.1 Table
2-CH3C6H5CH3,Cc1ccccc1C,tert-RO2*,$12.30,53.90,5.50,400.00,,Hydrocarbon,Hydrogen Abstraction,,,2.1 Table
4-CH3C6H4CH3,Cc1ccc(C)cc1,RO2*,-$3.60,46.80,46.00,400.00,,Hydrocarbon,Hydrogen Abstraction,,,2.1 Table
4-CH3C6H4CH3,Cc1ccc(C)cc1,sec-RO2*,-$0.10,48.30,30.00,400.00,,Hydrocarbon,Hydrogen Abstraction,,,2.1 Table
4-CH3C6H4CH3,Cc1ccc(C)cc1,tert-RO2*,$6.80,51.40,12.00,400.00,,Hydrocarbon,Hydrogen Abstraction,,,2.1 Table
4-CH3OC6H4CH3,COc1ccc(C)cc1,RO2*,-$3.80,46.70,24.00,400.00,,Hydrocarbon,Hydrogen Abstraction,,,2.1 Table
4-CH3OC6H4CH3,COc1ccc(C)cc1,sec-RO2*,-$0.30,48.20,15.00,400.00,,Hydrocarbon,Hydrogen Abstraction,,,2.1 Table
4-CH3OC6H4CH3,COc1ccc(C)cc1,tert-RO2*,$6.60,51.30,6.00,400.00,,Hydrocarbon,Hydrogen Abstraction,,,2.1 Table
4-(CH3)3CC6H4CH3,Cc1ccc(C(C)(C)C)cc1,RO2*,-$1.90,47.50,19.00,400.00,,Hydrocarbon,Hydrogen Abstraction,,,2.1 Table
4-(CH3)3CC6H4CH3,Cc1ccc(C(C)(C)C)cc1,sec-RO2*,$1.60,49.00,12.00,400.00,,Hydrocarbon,Hydrogen Abstraction,,,2.1 Table
4-(CH3)3CC6H4CH3,Cc1ccc(C(C)(C)C)cc1,tert-RO2*,$8.50,52.20,4.60,400.00,,Hydrocarbon,Hydrogen Abstraction,,,2.1 Table
4-ClC6H4CH3,Cc1ccc(Cl)cc1,RO2*,-$1.70,47.60,18.00,400.00,,Hydrocarbon,Hydrogen Abstraction,,,2.1 Table
4-ClC6H4CH3,Cc1ccc(Cl)cc1,sec-RO2*,$1.80,49.10,12.00,400.00,,Hydrocarbon,Hydrogen Abstraction,,,2.1 Table
4-ClC6H4CH3,Cc1ccc(Cl)cc1,tert-RO2*,$8.70,52.20,4.60,400.00,,Hydrocarbon,Hydrogen Abstraction,,,2.1 Table
4-CNC6H4CH3,Cc1ccc(C#N)cc1,RO2*,-$7.10,45.20,38.00,400.00,,Hydrocarbon,Hydrogen Abstraction,,,2.1 Table
4-CNC6H4CH3,Cc1ccc(C#N)cc1,sec-RO2*,-$3.60,46.80,23.00,400.00,,Hydrocarbon,Hydrogen Abstraction,,,2.1 Table
4-CNC6H4CH3,Cc1ccc(C#N)cc1,tert-RO2*,$3.30,49.80,9.40,400.00,,Hydrocarbon,Hydrogen Abstraction,,,2.1 Table
4-NO2C6H4CH3,Cc1ccc([N+](=O)[O-])cc1,RO2*,$0.50,48.60,14.00,400.00,,Hydrocarbon,Hydrogen Abstraction,,,2.1 Table
4-NO2C6H4CH3,Cc1ccc([N+](=O)[O-])cc1,sec-RO2*,$4.00,50.10,8.60,400.00,,Hydrocarbon,Hydrogen Abstraction,,,2.1 Table
4-NO2C6H4CH3,Cc1ccc([N+](=O)[O-])cc1,tert-RO2*,$10.90,53.30,3.30,400.00,,Hydrocarbon,Hydrogen Abstraction,,,2.1 Table
C6H5CH2CH3,CCc1ccccc1,RO2*,-$12.00,43.10,47.00,400.00,,Hydrocarbon,Hydrogen Abstraction,,,2.1 Table
C6H5CH2CH3,CCc1ccccc1,sec-RO2*,-$8.50,44.60,30.00,400.00,,Hydrocarbon,Hydrogen Abstraction,,,2.1 Table
C6H5CH2CH3,CCc1ccccc1,tert-RO2*,-$1.60,47.60,12.00,400.00,,Hydrocarbon,Hydrogen Abstraction,,,2.1 Table
C6H5CH(CH3)2,CC(C)c1ccccc1,RO2*,-$18.40,40.40,53.00,400.00,,Hydrocarbon,Hydrogen Abstraction,,,2.1 Table
C6H5CH(CH3)2,CC(C)c1ccccc1,sec-RO2*,-$14.90,41.90,34.00,400.00,,Hydrocarbon,Hydrogen Abstraction,,,2.1 Table
C6H5CH(CH3)2,CC(C)c1ccccc1,tert-RO2*,-$8.00,44.80,14.00,400.00,,Hydrocarbon,Hydrogen Abstraction,,,2.1 Table
(C6H5)2CH2,c1ccc(Cc2ccccc2)cc1,RO2*,-$19.00,40.20,110.00,400.00,,Hydrocarbon,Hydrogen Abstraction,,,2.1 Table
(C6H5)2CH2,c1ccc(Cc2ccccc2)cc1,sec-RO2*,-$15.50,41.70,72.00,400.00,,Hydrocarbon,Hydrogen Abstraction,,,2.1 Table
(C6H5)2CH2,c1ccc(Cc2ccccc2)cc1,tert-RO2*,-$8.60,44.60,30.00,400.00,,Hydrocarbon,Hydrogen Abstraction,,,2.1 Table
(C6H5)2CHCH3,CC(c1ccccc1)c1ccccc1,RO2*,-$24.80,37.80,120.00,400.00,,Hydrocarbon,Hydrogen Abstraction,,,2.1 Table
(C6H5)2CHCH3,CC(c1ccccc1)c1ccccc1,sec-RO2*,-$21.30,39.20,76.00,400.00,,Hydrocarbon,Hydrogen Abstraction,,,2.1 Table
(C6H5)2CHCH3,CC(c1ccccc1)c1ccccc1,tert-RO2*,-$14.40,42.10,32.00,400.00,,Hydrocarbon,Hydrogen Abstraction,,,2.1 Table
C6H5CH2CH2C6H5,c1ccc(CCc2ccccc2)cc1,RO2*,-$12.80,42.80,100.00,400.00,,Hydrocarbon,Hydrogen Abstraction,,,2.1 Table
C6H5CH2CH2C6H5,c1ccc(CCc2ccccc2)cc1,sec-RO2*,-$9.30,44.30,66.00,400.00,,Hydrocarbon,Hydrogen Abstraction,,,2.1 Table
C6H5CH2CH2C6H5,c1ccc(CCc2ccccc2)cc1,tert-RO2*,-$2.40,47.30,27.00,400.00,,Hydrocarbon,Hydrogen Abstraction,,,2.1 Table
(C6H5)3CH,c1ccc(C(c2ccccc2)c2ccccc2)cc1,RO2*,-$26.20,37.30,130.00,400.00,,Hydrocarbon,Hydrogen Abstraction,,,2.1 Table
(C6H5)3CH,c1ccc(C(c2ccccc2)c2ccccc2)cc1,sec-RO2*,-$22.70,38.70,88.00,400.00,,Hydrocarbon,Hydrogen Abstraction,,,2.1 Table
(C6H5)3CH,c1ccc(C(c2ccccc2)c2ccccc2)cc1,tert-RO2*,-$15.80,41.50,38.00,400.00,,Hydrocarbon,Hydrogen Abstraction,,,2.1 Table
C6H5CH2CH=CH2,C=CCc1ccccc1,RO2*,-$26.40,37.20,280.00,400.00,,Hydrocarbon,Hydrogen Abstraction,,,2.1 Table
C6H5CH2CH=CH2,C=CCc1ccccc1,sec-RO2*,-$22.90,38.60,180.00,400.00,,Hydrocarbon,Hydrogen Abstraction,,,2.1 Table
C6H5CH2CH=CH2,C=CCc1ccccc1,tert-RO2*,-$16.00,41.40,78.50,400.00,,Hydrocarbon,Hydrogen Abstraction,,,2.1 Table
Indane,c1ccc2c(c1)CCC2,RO2*,-$14.20,42.40,620.00,400.00,,Hydrocarbon,Hydrogen Abstraction,,,2.1 Table
Indane,c1ccc2c(c1)CCC2,sec-RO2*,-$10.70,43.70,390.00,400.00,,Hydrocarbon,Hydrogen Abstraction,,,2.1 Table
Indane,c1ccc2c(c1)CCC2,tert-RO2*,-$3.80,46.70,160.00,400.00,,Hydrocarbon,Hydrogen Abstraction,,,2.1 Table
Tetraline,c1ccc2c(c1)CCCC2,RO2*,-$20.00,39.70,2600.00,400.00,,Hydrocarbon,Hydrogen Abstraction,,,2.1 Table
Tetraline,c1ccc2c(c1)CCCC2,sec-RO2*,-$16.50,41.20,1700.00,400.00,,Hydrocarbon,Hydrogen Abstraction,,,2.1 Table
Tetraline,c1ccc2c(c1)CCCC2,tert-RO2*,-$9.60,44.10,700.00,400.00,,Hydrocarbon,Hydrogen Abstraction,,,2.1 Table
(2-C10H7)2NH,c1ccc2cc(Nc3ccc4ccccc4c3)ccc2c1,RO2*,-$8.80,15.70,890000.00,400.00,360.20,Amine,Electron Transfer,,135,4.2 Table
(2-C10H7)2NH,c1ccc2cc(Nc3ccc4ccccc4c3)ccc2c1,sec-RO2*,-$5.30,17.30,550000.00,400.00,360.20,Amine,Electron Transfer,,135,4.2 Table
(2-C10H7)2NH,c1ccc2cc(Nc3ccc4ccccc4c3)ccc2c1,tert-RO2*,$1.60,20.60,200000.00,400.00,360.20,Amine,Electron Transfer,,135,4.2 Table
(C6H5)2NH,c1ccc(Nc2ccccc2)cc1,RO2*,-$4.30,17.80,470000.00,400.00,364.70,Amine,Electron Transfer,,136,4.2 Table
(C6H5)2NH,c1ccc(Nc2ccccc2)cc1,sec-RO2*,-$0.80,19.50,280000.00,400.00,364.70,Amine,Electron Transfer,,136,4.2 Table
(C6H5)2NH,c1ccc(Nc2ccccc2)cc1,tert-RO2*,$6.10,22.80,110000.00,400.00,364.70,Amine,Electron Transfer,,136,4.2 Table
(4-BrC6H4)2NH,Brc1ccc(Nc2ccc(Br)cc2)cc1,RO2*,-$4.80,17.60,500000.00,400.00,364.20,Amine,Electron Transfer,,137,4.2 Table
(4-BrC6H4)2NH,Brc1ccc(Nc2ccc(Br)cc2)cc1,sec-RO2*,-$1.30,19.20,310000.00,400.00,364.20,Amine,Electron Transfer,,137,4.2 Table
(4-BrC6H4)2NH,Brc1ccc(Nc2ccc(Br)cc2)cc1,tert-RO2*,-$5.60,17.20,570000.00,400.00,364.20,Amine,Electron Transfer,,137,4.2 Table
(4-CH3OC6H4)2NH,COc1ccc(Nc2ccc(OC)cc2)cc1,RO2*,-$0.40,10.70,4000000.00,400.00,348.60,Amine,Electron Transfer,,138,4.2 Table
(4-CH3OC6H4)2NH,COc1ccc(Nc2ccc(OC)cc2)cc1,sec-RO2*,-$16.90,12.10,2600000.00,400.00,348.60,Amine,Electron Transfer,,138,4.2 Table
(4-CH3OC6H4)2NH,COc1ccc(Nc2ccc(OC)cc2)cc1,tert-RO2*,-$10.00,15.20,1000000.00,400.00,348.60,Amine,Electron Transfer,,138,4.2 Table
(4-CH3C6H4)2NH,Cc1ccc(Nc2ccc(C)cc2)cc1,RO2*,-$11.50,14.50,1300000.00,400.00,357.50,Amine,Electron Transfer,,139,4.2 Table
(4-CH3C6H4)2NH,Cc1ccc(Nc2ccc(C)cc2)cc1,sec-RO2*,-$8.00,16.10,790000.00,400.00,357.50,Amine,Electron Transfer,,139,4.2 Table
(4-CH3C6H4)2NH,Cc1ccc(Nc2ccc(C)cc2)cc1,tert-RO2*,-$1.10,19.30,300000.00,400.00,357.50,Amine,Electron Transfer,,139,4.2 Table
(4-(CH3)3CC6H4)2NH,CC(C)(C)c1ccc(Nc2ccc(C(C)(C)C)cc2)cc1,RO2*,-$10.20,15.10,1100000.00,400.00,358.80,Amine,Electron Transfer,,140,4.2 Table
(4-(CH3)3CC6H4)2NH,CC(C)(C)c1ccc(Nc2ccc(C(C)(C)C)cc2)cc1,sec-RO2*,-$6.70,16.70,660000.00,400.00,358.80,Amine,Electron Transfer,,140,4.2 Table
(4-(CH3)3CC6H4)2NH,CC(C)(C)c1ccc(Nc2ccc(C(C)(C)C)cc2)cc1,tert-RO2*,$0.20,19.90,250000.00,400.00,358.80,Amine,Electron Transfer,,140,4.2 Table
4-CH3OC6H4NHC6H5,COc1ccc(Nc2ccccc2)cc1,RO2*,-$13.10,13.80,1600000.00,400.00,355.90,Amine,Electron Transfer,,141,4.2 Table
4-CH3OC6H4NHC6H5,COc1ccc(Nc2ccccc2)cc1,sec-RO2*,-$9.60,15.40,970000.00,400.00,355.90,Amine,Electron Transfer,,141,4.2 Table
4-CH3OC6H4NHC6H5,COc1ccc(Nc2ccccc2)cc1,tert-RO2*,-$2.70,18.60,370000.00,400.00,355.90,Amine,Electron Transfer,,141,4.2 Table
4-NO2C6H4NHC6H4,O=[N+]([O-])c1ccc(Nc2ccccc2)cc1,RO2*,$3.90,21.80,140000.00,400.00,372.90,Amine,Electron Transfer,,142,4.2 Table
4-NO2C6H4NHC6H4,O=[N+]([O-])c1ccc(Nc2ccccc2)cc1,sec-RO2*,$7.40,23.50,85000.00,400.00,372.90,Amine,Electron Transfer,,142,4.2 Table
4-NO2C6H4NHC6H4,O=[N+]([O-])c1ccc(Nc2ccccc2)cc1,tert-RO2*,$14.30,27.00,30000.00,400.00,372.90,Amine,Electron Transfer,,142,4.2 Table
4-(CH3)3CC6H4NHC6H5,CC(C)(C)c1ccc(Nc2ccccc2)cc1,RO2*,-$8.70,15.80,860000.00,400.00,360.30,Amine,Electron Transfer,,143,4.2 Table
4-(CH3)3CC6H4NHC6H5,CC(C)(C)c1ccc(Nc2ccccc2)cc1,sec-RO2*,-$5.20,17.40,530000.00,400.00,360.30,Amine,Electron Transfer,,143,4.2 Table
4-(CH3)3CC6H4NHC6H5,CC(C)(C)c1ccc(Nc2ccccc2)cc1,tert-RO2*,$1.70,20.70,200000.00,400.00,360.30,Amine,Electron Transfer,,143,4.2 Table
1-C10H7NH2,Nc1cccc2ccccc12,RO2*,$5.70,22.60,220000.00,400.00,374.70,Amine,Electron Transfer,,144,4.2 Table
1-C10H7NH2,Nc1cccc2ccccc12,sec-RO2*,$9.20,24.40,130000.00,400.00,374.70,Amine,Electron Transfer,,144,4.2 Table
1-C10H7NH2,Nc1cccc2ccccc12,tert-RO2*,$16.10,28.00,44000.00,400.00,374.70,Amine,Electron Transfer,,144,4.2 Table
2-C10H7NH2,Nc1ccc2ccccc2c1,RO2*,$10.50,25.10,110000.00,400.00,379.50,Amine,Electron Transfer,,145,4.2 Table
2-C10H7NH2,Nc1ccc2ccccc2c1,sec-RO2*,$14.00,26.90,61000.00,400.00,379.50,Amine,Electron Transfer,,145,4.2 Table
2-C10H7NH2,Nc1ccc2ccccc2c1,tert-RO2*,$20.90,30.60,20000.00,400.00,379.50,Amine,Electron Transfer,,145,4.2 Table
2-C10H7NHC6H4NH-2'-C10H7,c1ccc2cc(Nc3ccc(Nc4ccc5ccccc5c4)cc3)ccc2c1,RO2*,-$22.40,9.80,11000000.00,400.00,346.60,Amine,Electron Transfer,,146,4.2 Table
2-C10H7NHC6H4NH-2'-C10H7,c1ccc2cc(Nc3ccc(Nc4ccc5ccccc5c4)cc3)ccc2c1,sec-RO2*,-$18.90,11.30,6700000.00,400.00,346.60,Amine,Electron Transfer,,146,4.2 Table
2-C10H7NHC6H4NH-2'-C10H7,c1ccc2cc(Nc3ccc(Nc4ccc5ccccc5c4)cc3)ccc2c1,tert-RO2*,-$12.00,14.30,2700000.00,400.00,346.60,Amine,Electron Transfer,,146,4.2 Table
4-C8H17NHC6H4NHC8H17,CCCCCCCCNc1ccc(NCCCCCCCC)cc1,RO2*,-$22.10,10.00,10000000.00,400.00,346.90,Amine,Electron Transfer,,147,4.2 Table
4-C8H17NHC6H4NHC8H17,CCCCCCCCNc1ccc(NCCCCCCCC)cc1,sec-RO2*,-$18.60,11.40,6500000.00,400.00,346.90,Amine,Electron Transfer,,147,4.2 Table
4-C8H17NHC6H4NHC8H17,CCCCCCCCNc1ccc(NCCCCCCCC)cc1,tert-RO2*,-$11.70,14.40,2600000.00,400.00,346.90,Amine,Electron Transfer,,147,4.2 Table
4-C6H5NHC6H4NHC6H5,c1ccc(Nc2ccc(Nc3ccccc3)cc2)cc1,RO2*,-$13.10,13.80,3200000.00,400.00,355.90,Amine,Electron Transfer,,148,4.2 Table
4-C6H5NHC6H4NHC6H5,c1ccc(Nc2ccc(Nc3ccccc3)cc2)cc1,sec-RO2*,-$9.60,15.40,1900000.00,400.00,355.90,Amine,Electron Transfer,,148,4.2 Table
4-C6H5NHC6H4NHC6H5,c1ccc(Nc2ccc(Nc3ccccc3)cc2)cc1,tert-RO2*,-$2.70,18.60,680000.00,400.00,355.90,Amine,Electron Transfer,,148,4.2 Table
4-(CH3)2CHNH-4-C6H4NHC6H4CH(CH3)2,CC(C)c1ccc(Nc2ccc(Nc3ccc(C(C)C)cc3)cc2)cc1,RO2*,-$35.40,4.70,49000000.00,400.00,333.60,Amine,Electron Transfer,,149,4.2 Table
4-(CH3)2CHNH-4-C6H4NHC6H4CH(CH3)2,CC(C)c1ccc(Nc2ccc(Nc3ccc(C(C)C)cc3)cc2)cc1,sec-RO2*,-$31.90,6.00,33000000.00,400.00,333.60,Amine,Electron Transfer,,149,4.2 Table
4-(CH3)2CHNH-4-C6H4NHC6H4CH(CH3)2,CC(C)c1ccc(Nc2ccc(Nc3ccc(C(C)C)cc3)cc2)cc1,tert-RO2*,-$25.00,8.80,14000000.00,400.00,333.60,Amine,Electron Transfer,,149,4.2 Table
4-C6H5NHC6H4NHCH(CH3)2,CC(C)Nc1ccc(Nc2ccccc2)cc1,RO2*,-$19.80,10.90,7500000.00,400.00,349.20,Amine,Electron Transfer,,150,4.2 Table
4-C6H5NHC6H4NHCH(CH3)2,CC(C)Nc1ccc(Nc2ccccc2)cc1,sec-RO2*,-$16.30,12.40,4800000.00,400.00,349.20,Amine,Electron Transfer,,150,4.2 Table
4-C6H5NHC6H4NHCH(CH3)2,CC(C)Nc1ccc(Nc2ccccc2)cc1,tert-RO2*,-$9.40,15.50,1900000.00,400.00,349.20,Amine,Electron Transfer,,150,4.2 Table
"C6H5NH-1-3,7-[(CH3)3C]2C10H5",CC(C)(C)c1ccc2cc(Nc3ccccc3C(C)(C)C)ccc2c1,RO2*,-$24.10,9.10,6500000.00,400.00,344.90,Amine,Electron Transfer,,151,4.2 Table
"C6H5NH-1-3,7-[(CH3)3C]2C10H5",CC(C)(C)c1ccc2cc(Nc3ccccc3C(C)(C)C)ccc2c1,sec-RO2*,-$20.60,10.60,4100000.00,400.00,344.90,Amine,Electron Transfer,,151,4.2 Table
"C6H5NH-1-3,7-[(CH3)3C]2C10H5",CC(C)(C)c1ccc2cc(Nc3ccccc3C(C)(C)C)ccc2c1,tert-RO2*,-$13.70,13.50,1700000.00,400.00,344.90,Amine,Electron Transfer,,151,4.2 Table
1-C10H7NHC6H5,c1ccc(Nc2cccc3ccccc23)cc1,RO2*,-$11.90,14.30,1400000.00,400.00,357.10,Amine,Electron Transfer,,152,4.2 Table
1-C10H7NHC6H5,c1ccc(Nc2cccc3ccccc23)cc1,sec-RO2*,-$8.40,15.90,840000.00,400.00,357.10,Amine,Electron Transfer,,152,4.2 Table
1-C10H7NHC6H5,c1ccc(Nc2cccc3ccccc23)cc1,tert-RO2*,-$1.50,19.10,320000.00,400.00,357.10,Amine,Electron Transfer,,152,4.2 Table
2-C10H7NHC6H5,c1ccc(Nc2ccc3ccccc3c2)cc1,RO2*,-$6.10,17.00,600000.00,400.00,362.90,Amine,Electron Transfer,,153,4.2 Table
2-C10H7NHC6H5,c1ccc(Nc2ccc3ccccc3c2)cc1,sec-RO2*,-$2.60,18.60,370000.00,400.00,362.90,Amine,Electron Transfer,,153,4.2 Table
2-C10H7NHC6H5,c1ccc(Nc2ccc3ccccc3c2)cc1,tert-RO2*,$4.30,17.80,470000.00,400.00,362.90,Amine,Electron Transfer,,153,4.2 Table
2-C10H7NH(4'-C6H5O)C6H4,c1ccc(Oc2ccc(Nc3ccc4ccccc4c3)cc2)cc1,RO2*,-$19.50,11.00,3700000.00,400.00,349.50,Amine,Electron Transfer,,154,4.2 Table
2-C10H7NH(4'-C6H5O)C6H4,c1ccc(Oc2ccc(Nc3ccc4ccccc4c3)cc2)cc1,sec-RO2*,-$16.00,12.50,2300000.00,400.00,349.50,Amine,Electron Transfer,,154,4.2 Table
2-C10H7NH(4'-C6H5O)C6H4,c1ccc(Oc2ccc(Nc3ccc4ccccc4c3)cc2)cc1,tert-RO2*,-$9.10,15.60,920000.00,400.00,349.50,Amine,Electron Transfer,,154,4.2 Table
"1,2-cyclo-[C(cyclo-CH2CH2O)CH2C(NH-(cyclo-C6H11))]C6H4",c1ccc(C(CC2CCOC2)NC2CCCCC2)cc1,RO2*,$0.80,20.20,230000.00,400.00,369.80,Amine,Electron Transfer,,155,4.2 Table
"1,2-cyclo-[C(cyclo-CH2CH2O)CH2C(NH-(cyclo-C6H11))]C6H4",c1ccc(C(CC2CCOC2)NC2CCCCC2)cc1,sec-RO2*,$4.30,21.90,140000.00,400.00,369.80,Amine,Electron Transfer,,155,4.2 Table
"1,2-cyclo-[C(cyclo-CH2CH2O)CH2C(NH-(cyclo-C6H11))]C6H4",c1ccc(C(CC2CCOC2)NC2CCCCC2)cc1,tert-RO2*,$11.20,25.40,48000.00,400.00,369.80,Amine,Electron Transfer,,155,4.2 Table
1-[NHC6H4-4'-C(CH3)3]-4-(CH3)3CC10H6,CC(C)(C)c1ccc(Nc2ccc3cc(C(C)(C)C)ccc3c2)cc1,RO2*,-$16.90,12.10,2600000.00,400.00,352.10,Amine,Electron Transfer,,156,4.2 Table
1-[NHC6H4-4'-C(CH3)3]-4-(CH3)3CC10H6,CC(C)(C)c1ccc(Nc2ccc3cc(C(C)(C)C)ccc3c2)cc1,sec-RO2*,-$13.40,13.70,1600000.00,400.00,352.10,Amine,Electron Transfer,,156,4.2 Table
1-[NHC6H4-4'-C(CH3)3]-4-(CH3)3CC10H6,CC(C)(C)c1ccc(Nc2ccc3cc(C(C)(C)C)ccc3c2)cc1,tert-RO2*,-$6.50,16.80,640000.00,400.00,352.10,Amine,Electron Transfer,,156,4.2 Table
"1,2-cyclo-[C(CH3)CH2C(CH3)2NH]C6H4",CC1CC(N)C(C)(C)C1c1ccccc1,RO2*,-$0.50,19.60,280000.00,400.00,368.50,Amine,Electron Transfer,,157,4.2 Table
"1,2-cyclo-[C(CH3)CH2C(CH3)2NH]C6H4",CC1CC(N)C(C)(C)C1c1ccccc1,sec-RO2*,$3.00,21.30,170000.00,400.00,368.50,Amine,Electron Transfer,,157,4.2 Table
"1,2-cyclo-[C(CH3)CH2C(CH3)2NH]C6H4",CC1CC(N)C(C)(C)C1c1ccccc1,tert-RO2*,$9.90,24.80,58000.00,400.00,368.50,Amine,Electron Transfer,,157,4.2 Table
,,,,,,,,,,,,
,,,,,,,,,,,,
,,,,,,,,,,,,
,,,,,,,,,,,,
,,,,,,,,,,,,
,,,,,,,,,,,,
,,,,,,,,,,,,
,,,,,,,,,,,,
,,,,,,,,,,,,
,,,,,,,,,,,,
,,,,,,,,,,,,
,,,,,,,,,,,,
,,,,,,,,,,,,
,,,,,,,,,,,,
,,,,,,,,,,,,
,,,,,,,,,,,,
,,,,,,,,,,,,
,,,,,,,,,,,,
,,,,,,,,,,,,
,,,,,,,,,,,,
,,,,,,,,,,,,
,,,,,,,,,,,,
,,,,,,,,,,,,
,,,,,,,,,,,,
,,,,,,,,,,,,
,,,,,,,,,,,,
,,,,,,,,,,,,
,,,,,,,,,,,,
,,,,,,,,,,,,
,,,,,,,,,,,,
,,,,,,,,,,,,
,,,,,,,,,,,,
,,,,,,,,,,,,
,,,,,,,,,,,,
,,,,,,,,,,,,
,,,,,,,,,,,,
,,,,,,,,,,,,
,,,,,,,,,,,,
,,,,,,,,,,,,
,,,,,,,,,,,,
,,,,,,,,,,,,
,,,,,,,,,,,,
,,,,,,,,,,,,
,,,,,,,,,,,,
,,,,,,,,,,,,
,,,,,,,,,,,,
,,,,,,,,,,,,
,,,,,,,,,,,,
,,,,,,,,,,,,
,,,,,,,,,,,,
,,,,,,,,,,,,
,,,,,,,,,,,,
,,,,,,,,,,,,
,,,,,,,,,,,,
,,,,,,,,,,,,
,,,,,,,,,,,,
,,,,,,,,,,,,
,,,,,,,,,,,,
,,,,,,,,,,,,
,,,,,,,,,,,,
,,,,,,,,,,,,
,,,,,,,,,,,,
,,,,,,,,,,,,
,,,,,,,,,,,,
,,,,,,,,,,,,
,,,,,,,,,,,,
,,,,,,,,,,,,
,,,,,,,,,,,,
,,,,,,,,,,,,
,,,,,,,,,,,,
,,,,,,,,,,,,
,,,,,,,,,,,,
,,,,,,,,,,,,
,,,,,,,,,,,,
,,,,,,,,,,,,
,,,,,,,,,,,,
,,,,,,,,,,,,
,,,,,,,,,,,,
,,,,,,,,,,,,
,,,,,,,,,,,,
,,,,,,,,,,,,
,,,,,,,,,,,,
,,,,,,,,,,,,
,,,,,,,,,,,,
,,,,,,,,,,,,
,,,,,,,,,,,,
,,,,,,,,,,,,
,,,,,,,,,,,,
,,,,,,,,,,,,
,,,,,,,,,,,,
,,,,,,,,,,,,
,,,,,,,,,,,,
,,,,,,,,,,,,
,,,,,,,,,,,,
,,,,,,,,,,,,
,,,,,,,,,,,,
,,,,,,,,,,,,
,,,,,,,,,,,,
,,,,,,,,,,,,
,,,,,,,,,,,,
,,,,,,,,,,,,
,,,,,,,,,,,,
,,,,,,,,,,,,
,,,,,,,,,,,,
,,,,,,,,,,,,
,,,,,,,,,,,,
,,,,,,,,,,,,
,,,,,,,,,,,,
,,,,,,,,,,,,
,,,,,,,,,,,,
,,,,,,,,,,,,
,,,,,,,,,,,,
,,,,,,,,,,,,
,,,,,,,,,,,,
,,,,,,,,,,,,
,,,,,,,,,,,,
,,,,,,,,,,,,
,,,,,,,,,,,,
,,,,,,,,,,,,
,,,,,,,,,,,,
,,,,,,,,,,,,
,,,,,,,,,,,,
,,,,,,,,,,,,
,,,,,,,,,,,,
,,,,,,,,,,,,
,,,,,,,,,,,,
,,,,,,,,,,,,
,,,,,,,,,,,,
,,,,,,,,,,,,
,,,,,,,,,,,,
,,,,,,,,,,,,
,,,,,,,,,,,,
,,,,,,,,,,,,
,,,,,,,,,,,,
,,,,,,,,,,,,
,,,,,,,,,,,,
,,,,,,,,,,,,
,,,,,,,,,,,,
,,,,,,,,,,,,
,,,,,,,,,,,,
,,,,,,,,,,,,
,,,,,,,,,,,,
,,,,,,,,,,,,
,,,,,,,,,,,,
,,,,,,,,,,,,
,,,,,,,,,,,,
,,,,,,,,,,,,
,,,,,,,,,,,,
,,,,,,,,,,,,
,,,,,,,,,,,,
,,,,,,,,,,,,
,,,,,,,,,,,,
,,,,,,,,,,,,
,,,,,,,,,,,,
,,,,,,,,,,,,
,,,,,,,,,,,,
,,,,,,,,,,,,
,,,,,,,,,,,,
,,,,,,,,,,,,
,,,,,,,,,,,,
,,,,,,,,,,,,
,,,,,,,,,,,,
,,,,,,,,,,,,
,,,,,,,,,,,,
,,,,,,,,,,,,
,,,,,,,,,,,,
,,,,,,,,,,,,
,,,,,,,,,,,,
"1,3,5-[3',5'-[(CH3)2C]2-4'-HO-C6H2CH2]3C6H3",CC(C)c1cc(O)c(C(C)C)c(Cc2cc(Cc3cc(C(C)C)cc(O)c3C(C)C)cc(Cc3cc(C(C)C)cc(O)c3C(C)C)c2)c1,RO2*,-$24.10,20.40,210000.00,400.00,344.90,Phenol,Hydrogen Abstraction,,1,3.3 Table
"1,3,5-[3',5'-[(CH3)2C]2-4'-HO-C6H2CH2]3C6H3",CC(C)c1cc(O)c(C(C)C)c(Cc2cc(Cc3cc(C(C)C)cc(O)c3C(C)C)cc(Cc3cc(C(C)C)cc(O)c3C(C)C)c2)c1,sec-RO2*,-$20.60,22.00,130000.00,400.00,344.90,Phenol,Hydrogen Abstraction,,1,3.3 Table
"1,3,5-[3',5'-[(CH3)2C]2-4'-HO-C6H2CH2]3C6H3",CC(C)c1cc(O)c(C(C)C)c(Cc2cc(Cc3cc(C(C)C)cc(O)c3C(C)C)cc(Cc3cc(C(C)C)cc(O)c3C(C)C)c2)c1,tert-RO2*,-$13.70,25.10,51000.00,400.00,344.90,Phenol,Hydrogen Abstraction,,1,3.3 Table
"2,2'-CH2-[4,6-[(CH3)3C]2C6H2OH]2",CC(C)(C)c1cc(Cc2cc(C(C)(C)C)cc(C(C)(C)C)c2O)c(O)c(C(C)(C)C)c1,RO2*,-$28.10,18.60,240000.00,400.00,340.90,Phenol,Hydrogen Abstraction,,24,3.3 Table
"2,2'-CH2-[4,6-[(CH3)3C]2C6H2OH]2",CC(C)(C)c1cc(Cc2cc(C(C)(C)C)cc(C(C)(C)C)c2O)c(O)c(C(C)(C)C)c1,sec-RO2*,-$24.60,20.20,150000.00,400.00,340.90,Phenol,Hydrogen Abstraction,,24,3.3 Table
"2,2'-CH2-[4,6-[(CH3)3C]2C6H2OH]2",CC(C)(C)c1cc(Cc2cc(C(C)(C)C)cc(C(C)(C)C)c2O)c(O)c(C(C)(C)C)c1,tert-RO2*,-$17.70,23.30,58000.00,400.00,340.90,Phenol,Hydrogen Abstraction,,24,3.3 Table
"C-[4-(CH2)2COOCH2-2,6-[(CH3)3C]2C6H2OH]",CC(C)(C)c1cc(CCC(=O)OCC(COC(=O)CCc2cc(C(C)(C)C)c(O)c(C(C)(C)C)c2)(COC(=O)CCc2cc(C(C)(C)C)c(O)c(C(C)(C)C)c2)COC(=O)CCc2cc(C(C)(C)C)c(O)c(C(C)(C)C)c2)cc(C(C)(C)C)c1O,RO2*,-$28.00,18.70,120000.00,400.00,341.00,Phenol,Hydrogen Abstraction,,31,3.3 Table
"C-[4-(CH2)2COOCH2-2,6-[(CH3)3C]2C6H2OH]",CC(C)(C)c1cc(CCC(=O)OCC(COC(=O)CCc2cc(C(C)(C)C)c(O)c(C(C)(C)C)c2)(COC(=O)CCc2cc(C(C)(C)C)c(O)c(C(C)(C)C)c2)COC(=O)CCc2cc(C(C)(C)C)c(O)c(C(C)(C)C)c2)cc(C(C)(C)C)c1O,sec-RO2*,-$24.50,20.20,74000.00,400.00,341.00,Phenol,Hydrogen Abstraction,,31,3.3 Table
"C-[4-(CH2)2COOCH2-2,6-[(CH3)3C]2C6H2OH]",CC(C)(C)c1cc(CCC(=O)OCC(COC(=O)CCc2cc(C(C)(C)C)c(O)c(C(C)(C)C)c2)(COC(=O)CCc2cc(C(C)(C)C)c(O)c(C(C)(C)C)c2)COC(=O)CCc2cc(C(C)(C)C)c(O)c(C(C)(C)C)c2)cc(C(C)(C)C)c1O,tert-RO2*,-$17.60,23.30,29000.00,400.00,341.00,Phenol,Hydrogen Abstraction,,31,3.3 Table
"2,4-[(CH3)3C]2-6-CH3-C6H2OH",Cc1cc(C(C)(C)C)cc(C(C)(C)C)c1O,RO2*,-$15.10,24.50,20000.00,400.00,353.90,Phenol,Hydrogen Abstraction,,49,3.3 Table
"2,4-[(CH3)3C]2-6-CH3-C6H2OH",Cc1cc(C(C)(C)C)cc(C(C)(C)C)c1O,sec-RO2*,-$11.60,26.10,12000.00,400.00,353.90,Phenol,Hydrogen Abstraction,,49,3.3 Table
"2,4-[(CH3)3C]2-6-CH3-C6H2OH",Cc1cc(C(C)(C)C)cc(C(C)(C)C)c1O,tert-RO2*,-$4.70,29.40,4600.00,400.00,353.90,Phenol,Hydrogen Abstraction,,49,3.3 Table
"4,4'-[2,6-[(CH3)3C]2C6H2OH]2",CC(C)(C)c1cc(-c2cc(C(C)(C)C)c(O)c(C(C)(C)C)c2)cc(C(C)(C)C)c1O,RO2*,-$26.40,19.40,190000.00,400.00,342.60,Phenol,Hydrogen Abstraction,,50,3.3 Table
"4,4'-[2,6-[(CH3)3C]2C6H2OH]2",CC(C)(C)c1cc(-c2cc(C(C)(C)C)c(O)c(C(C)(C)C)c2)cc(C(C)(C)C)c1O,sec-RO2*,-$22.90,20.90,120000.00,400.00,342.60,Phenol,Hydrogen Abstraction,,50,3.3 Table
"4,4'-[2,6-[(CH3)3C]2C6H2OH]2",CC(C)(C)c1cc(-c2cc(C(C)(C)C)c(O)c(C(C)(C)C)c2)cc(C(C)(C)C)c1O,tert-RO2*,-$16.00,24.00,48000.00,400.00,342.60,Phenol,Hydrogen Abstraction,,50,3.3 Table
"2,6-[(CH3)3C]2C6H3OH",CC(C)(C)c1cccc(C(C)(C)C)c1O,RO2*,-$22.30,21.20,55000.00,400.00,346.70,Phenol,Hydrogen Abstraction,,51,3.3 Table
"2,6-[(CH3)3C]2C6H3OH",CC(C)(C)c1cccc(C(C)(C)C)c1O,sec-RO2*,-$18.80,22.80,34000.00,400.00,346.70,Phenol,Hydrogen Abstraction,,51,3.3 Table
"2,6-[(CH3)3C]2C6H3OH",CC(C)(C)c1cccc(C(C)(C)C)c1O,tert-RO2*,-$11.90,26.00,13000.00,400.00,346.70,Phenol,Hydrogen Abstraction,,51,3.3 Table
"2,6-[(CH3)3C]2-4-CH3CONHC6H2OH",CC(=O)Nc1cc(C(C)(C)C)c(O)c(C(C)(C)C)c1,RO2*,-$42.30,12.70,700000.00,400.00,339.00,Phenol,Hydrogen Abstraction,,52,3.3 Table
"2,6-[(CH3)3C]2-4-CH3CONHC6H2OH",CC(=O)Nc1cc(C(C)(C)C)c(O)c(C(C)(C)C)c1,sec-RO2*,-$38.80,14.20,450000.00,400.00,339.00,Phenol,Hydrogen Abstraction,,52,3.3 Table
"2,6-[(CH3)3C]2-4-CH3CONHC6H2OH",CC(=O)Nc1cc(C(C)(C)C)c(O)c(C(C)(C)C)c1,tert-RO2*,-$31.90,17.00,190000.00,400.00,339.00,Phenol,Hydrogen Abstraction,,52,3.3 Table
"2,6-[(CH3)3C]2-4-CH3COC6H2OH",CC(=O)c1cc(C(C)(C)C)c(O)c(C(C)(C)C)c1,RO2*,-$23.50,20.70,63000.00,400.00,345.50,Phenol,Hydrogen Abstraction,,53,3.3 Table
"2,6-[(CH3)3C]2-4-CH3COC6H2OH",CC(=O)c1cc(C(C)(C)C)c(O)c(C(C)(C)C)c1,sec-RO2*,-$20.00,22.20,40000.00,400.00,345.50,Phenol,Hydrogen Abstraction,,53,3.3 Table
"2,6-[(CH3)3C]2-4-CH3COC6H2OH",CC(=O)c1cc(C(C)(C)C)c(O)c(C(C)(C)C)c1,tert-RO2*,-$13.10,25.40,15000.00,400.00,345.50,Phenol,Hydrogen Abstraction,,53,3.3 Table
"2,6-[(CH3)3C]2-4-C6H5CH2C6H2OH",CC(C)(C)c1cc(Cc2ccccc2)cc(C(C)(C)C)c1O,RO2*,-$29.30,18.10,140000.00,400.00,339.70,Phenol,Hydrogen Abstraction,,54,3.3 Table
"2,6-[(CH3)3C]2-4-C6H5CH2C6H2OH",CC(C)(C)c1cc(Cc2ccccc2)cc(C(C)(C)C)c1O,sec-RO2*,-$25.80,19.60,88000.00,400.00,339.70,Phenol,Hydrogen Abstraction,,54,3.3 Table
"2,6-[(CH3)3C]2-4-C6H5CH2C6H2OH",CC(C)(C)c1cc(Cc2ccccc2)cc(C(C)(C)C)c1O,tert-RO2*,-$18.90,22.70,35000.00,400.00,339.70,Phenol,Hydrogen Abstraction,,54,3.3 Table
"2,6-[(CH3)3C]2-4-(CH3)3COC6H2OH",CC(C)(C)Oc1cc(C(C)(C)C)c(O)c(C(C)(C)C)c1,RO2*,-$37.70,14.60,400000.00,400.00,331.30,Phenol,Hydrogen Abstraction,,55,3.3 Table
"2,6-[(CH3)3C]2-4-(CH3)3COC6H2OH",CC(C)(C)Oc1cc(C(C)(C)C)c(O)c(C(C)(C)C)c1,sec-RO2*,-$34.20,16.10,250000.00,400.00,331.30,Phenol,Hydrogen Abstraction,,55,3.3 Table
"2,6-[(CH3)3C]2-4-(CH3)3COC6H2OH",CC(C)(C)Oc1cc(C(C)(C)C)c(O)c(C(C)(C)C)c1,tert-RO2*,-$27.30,19.00,110000.00,400.00,331.30,Phenol,Hydrogen Abstraction,,55,3.3 Table
"2,6-[(CH3)3C]2-4-CH3OC6H2OH",COc1cc(C(C)(C)C)c(O)c(C(C)(C)C)c1,RO2*,-$38.30,14.40,420000.00,400.00,330.70,Phenol,Hydrogen Abstraction,,62,3.3 Table
"2,6-[(CH3)3C]2-4-CH3OC6H2OH",COc1cc(C(C)(C)C)c(O)c(C(C)(C)C)c1,sec-RO2*,-$34.80,15.80,280000.00,400.00,330.70,Phenol,Hydrogen Abstraction,,62,3.3 Table
"2,6-[(CH3)3C]2-4-CH3OC6H2OH",COc1cc(C(C)(C)C)c(O)c(C(C)(C)C)c1,tert-RO2*,-$27.90,18.70,120000.00,400.00,330.70,Phenol,Hydrogen Abstraction,,62,3.3 Table
"2,6-[(CH3)3C]2-4-CH3C6H2OH",Cc1cc(C(C)(C)C)c(O)c(C(C)(C)C)c1,RO2*,-$30.00,17.80,150000.00,400.00,339.00,Phenol,Hydrogen Abstraction,,64,3.3 Table
"2,6-[(CH3)3C]2-4-CH3C6H2OH",Cc1cc(C(C)(C)C)c(O)c(C(C)(C)C)c1,sec-RO2*,-$26.50,19.30,97000.00,400.00,339.00,Phenol,Hydrogen Abstraction,,64,3.3 Table
"2,6-[(CH3)3C]2-4-CH3C6H2OH",Cc1cc(C(C)(C)C)c(O)c(C(C)(C)C)c1,tert-RO2*,-$19.60,22.40,38000.00,400.00,339.00,Phenol,Hydrogen Abstraction,,64,3.3 Table
"2,6-[(CH3)3C]2-4-NO2C6H2OH",CC(C)(C)c1cc([N+](=O)[O-])cc(C(C)(C)C)c1O,RO2*,-$11.00,26.40,11000.00,400.00,358.00,Phenol,Hydrogen Abstraction,,68,3.3 Table
"2,6-[(CH3)3C]2-4-NO2C6H2OH",CC(C)(C)c1cc([N+](=O)[O-])cc(C(C)(C)C)c1O,sec-RO2*,-$7.50,28.10,6800.00,400.00,358.00,Phenol,Hydrogen Abstraction,,68,3.3 Table
"2,6-[(CH3)3C]2-4-NO2C6H2OH",CC(C)(C)c1cc([N+](=O)[O-])cc(C(C)(C)C)c1O,tert-RO2*,-$0.60,31.40,2500.00,400.00,358.00,Phenol,Hydrogen Abstraction,,68,3.3 Table
"2,6-[(CH3)3C]2-4-C6H5C6H2OH",CC(C)(C)c1cc(-c2ccccc2)cc(C(C)(C)C)c1O,RO2*,-$31.30,17.30,180000.00,400.00,337.70,Phenol,Hydrogen Abstraction,,70,3.3 Table
"2,6-[(CH3)3C]2-4-C6H5C6H2OH",CC(C)(C)c1cc(-c2ccccc2)cc(C(C)(C)C)c1O,sec-RO2*,-$27.80,18.80,110000.00,400.00,337.70,Phenol,Hydrogen Abstraction,,70,3.3 Table
"2,6-[(CH3)3C]2-4-C6H5C6H2OH",CC(C)(C)c1cc(-c2ccccc2)cc(C(C)(C)C)c1O,tert-RO2*,-$20.90,21.80,46000.00,400.00,337.70,Phenol,Hydrogen Abstraction,,70,3.3 Table
"2,6-[(CH3)3C]2-4-C6H5SC6H2OH",CC(C)(C)c1cc(Sc2ccccc2)cc(C(C)(C)C)c1O,RO2*,-$22.60,21.10,56000.00,400.00,346.40,Phenol,Hydrogen Abstraction,,73,3.3 Table
"2,6-[(CH3)3C]2-4-C6H5SC6H2OH",CC(C)(C)c1cc(Sc2ccccc2)cc(C(C)(C)C)c1O,sec-RO2*,-$19.10,22.60,36000.00,400.00,346.40,Phenol,Hydrogen Abstraction,,73,3.3 Table
"2,6-[(CH3)3C]2-4-C6H5SC6H2OH",CC(C)(C)c1cc(Sc2ccccc2)cc(C(C)(C)C)c1O,tert-RO2*,-$12.20,25.80,14000.00,400.00,346.40,Phenol,Hydrogen Abstraction,,73,3.3 Table
"2,6-(C6H5)2-4-NH2CH2C6H2OH",NCc1cc(-c2ccccc2)c(O)c(-c2ccccc2)c1,RO2*,-$46.10,11.30,1100.00,400.00,322.90,Phenol,Hydrogen Abstraction,,89,3.3 Table
"2,6-(C6H5)2-4-NH2CH2C6H2OH",NCc1cc(-c2ccccc2)c(O)c(-c2ccccc2)c1,sec-RO2*,-$42.60,12.60,720000.00,400.00,322.90,Phenol,Hydrogen Abstraction,,89,3.3 Table
"2,6-(C6H5)2-4-NH2CH2C6H2OH",NCc1cc(-c2ccccc2)c(O)c(-c2ccccc2)c1,tert-RO2*,-$35.70,15.40,310000.00,400.00,322.90,Phenol,Hydrogen Abstraction,,89,3.3 Table
"2,6-(C6H5)2-4-HOOCCH2C6H2OH",O=C(O)Cc1cc(-c2ccccc2)c(O)c(-c2ccccc2)c1,RO2*,-$43.10,12.40,770000.00,400.00,325.90,Phenol,Hydrogen Abstraction,,91,3.3 Table
"2,6-(C6H5)2-4-HOOCCH2C6H2OH",O=C(O)Cc1cc(-c2ccccc2)c(O)c(-c2ccccc2)c1,sec-RO2*,-$39.60,13.80,500000.00,400.00,325.90,Phenol,Hydrogen Abstraction,,91,3.3 Table
"2,6-(C6H5)2-4-HOOCCH2C6H2OH",O=C(O)Cc1cc(-c2ccccc2)c(O)c(-c2ccccc2)c1,tert-RO2*,-$32.70,16.80,200000.00,400.00,325.90,Phenol,Hydrogen Abstraction,,91,3.3 Table
"2,6-(C6H5)2-4-CH3SC6H2OH",CSc1cc(-c2ccccc2)c(O)c(-c2ccccc2)c1,RO2*,-$28.60,18.40,130000.00,400.00,340.40,Phenol,Hydrogen Abstraction,,94,3.3 Table
"2,6-(C6H5)2-4-CH3SC6H2OH",CSc1cc(-c2ccccc2)c(O)c(-c2ccccc2)c1,sec-RO2*,-$25.10,19.90,81000.00,400.00,340.40,Phenol,Hydrogen Abstraction,,94,3.3 Table
"2,6-(C6H5)2-4-CH3SC6H2OH",CSc1cc(-c2ccccc2)c(O)c(-c2ccccc2)c1,tert-RO2*,-$18.20,23.00,32000.00,400.00,340.40,Phenol,Hydrogen Abstraction,,94,3.3 Table
"2,6-(C6H5)2-4-CH3OC6H2OH",COc1cc(-c2ccccc2)c(O)c(-c2ccccc2)c1,RO2*,-$41.00,13.30,590000.00,400.00,328.00,Phenol,Hydrogen Abstraction,,95,3.3 Table
"2,6-(C6H5)2-4-CH3OC6H2OH",COc1cc(-c2ccccc2)c(O)c(-c2ccccc2)c1,sec-RO2*,-$37.50,14.70,380000.00,400.00,328.00,Phenol,Hydrogen Abstraction,,95,3.3 Table
"2,6-(C6H5)2-4-CH3OC6H2OH",COc1cc(-c2ccccc2)c(O)c(-c2ccccc2)c1,tert-RO2*,-$30.60,17.60,160000.00,400.00,328.00,Phenol,Hydrogen Abstraction,,95,3.3 Table
"Si[2,6-[(CH3)3C]2-4-CH2CH2OC6H2OH]4",CC(C)(C)c1cc(CCO[Si](OCCc2cc(C(C)(C)C)cc(C(C)(C)C)c2O)(OCCc2cc(C(C)(C)C)cc(C(C)(C)C)c2O)OCCc2cc(C(C)(C)C)cc(C(C)(C)C)c2O)c(O)c(C(C)(C)C)c1,RO2*,-$28.10,18.60,480000.00,400.00,340.90,Phenol,Hydrogen Abstraction,,122,3.3 Table
"Si[2,6-[(CH3)3C]2-4-CH2CH2OC6H2OH]4",CC(C)(C)c1cc(CCO[Si](OCCc2cc(C(C)(C)C)cc(C(C)(C)C)c2O)(OCCc2cc(C(C)(C)C)cc(C(C)(C)C)c2O)OCCc2cc(C(C)(C)C)cc(C(C)(C)C)c2O)c(O)c(C(C)(C)C)c1,sec-RO2*,-$24.60,20.20,300000.00,400.00,340.90,Phenol,Hydrogen Abstraction,,122,3.3 Table
"Si[2,6-[(CH3)3C]2-4-CH2CH2OC6H2OH]4",CC(C)(C)c1cc(CCO[Si](OCCc2cc(C(C)(C)C)cc(C(C)(C)C)c2O)(OCCc2cc(C(C)(C)C)cc(C(C)(C)C)c2O)OCCc2cc(C(C)(C)C)cc(C(C)(C)C)c2O)c(O)c(C(C)(C)C)c1,tert-RO2*,-$17.70,23.30,120000.00,400.00,340.90,Phenol,Hydrogen Abstraction,,122,3.3 Table
"4,4'-CH2SCH2-[2,6-[(CH3)3C]2C6H2OH",CC(C)(C)c1cc(CSCc2cc(C(C)(C)C)c(O)c(C(C)(C)C)c2)cc(C(C)(C)C)c1O,RO2*,-$29.10,18.20,260000.00,400.00,339.90,Phenol,Hydrogen Abstraction,,123,3.3 Table
"4,4'-CH2SCH2-[2,6-[(CH3)3C]2C6H2OH",CC(C)(C)c1cc(CSCc2cc(C(C)(C)C)c(O)c(C(C)(C)C)c2)cc(C(C)(C)C)c1O,sec-RO2*,-$25.60,19.70,170000.00,400.00,339.90,Phenol,Hydrogen Abstraction,,123,3.3 Table
"4,4'-CH2SCH2-[2,6-[(CH3)3C]2C6H2OH",CC(C)(C)c1cc(CSCc2cc(C(C)(C)C)c(O)c(C(C)(C)C)c2)cc(C(C)(C)C)c1O,tert-RO2*,-$18.70,22.80,72000.00,400.00,339.90,Phenol,Hydrogen Abstraction,,123,3.3 Table
"2,2'-SS-[4-CH3-6-CH3(C6H5)CHC6H2OH]2",Cc1cc(SSc2cc(C)cc(C(C)c3ccccc3)c2O)c(O)c(C(C)c2ccccc2)c1,RO2*,-$33.80,16.20,250000.00,400.00,335.20,Phenol,Hydrogen Abstraction,,124,3.3 Table
"2,2'-SS-[4-CH3-6-CH3(C6H5)CHC6H2OH]2",Cc1cc(SSc2cc(C)cc(C(C)c3ccccc3)c2O)c(O)c(C(C)c2ccccc2)c1,sec-RO2*,-$30.30,17.70,160000.00,400.00,335.20,Phenol,Hydrogen Abstraction,,124,3.3 Table
"2,2'-SS-[4-CH3-6-CH3(C6H5)CHC6H2OH]2",Cc1cc(SSc2cc(C)cc(C(C)c3ccccc3)c2O)c(O)c(C(C)c2ccccc2)c1,tert-RO2*,-$23.40,20.70,63000.00,400.00,335.20,Phenol,Hydrogen Abstraction,,124,3.3 Table
Indophenol,O=C1C=CC=CC1=Nc1ccc(O)cc1,RO2*,-$42.00,12.90,660000.00,400.00,327.00,Phenol,Hydrogen Abstraction,,126,3.3 Table
Indophenol,O=C1C=CC=CC1=Nc1ccc(O)cc1,sec-RO2*,-$38.50,14.30,430000.00,400.00,327.00,Phenol,Hydrogen Abstraction,,126,3.3 Table
Indophenol,O=C1C=CC=CC1=Nc1ccc(O)cc1,tert-RO2*,-$31.60,17.10,190000.00,400.00,327.00,Phenol,Hydrogen Abstraction,,126,3.3 Table
2-HOC6H4OH,Oc1ccccc1O,RO2*,-$31.00,11.00,1200000.00,400.00,338.00,Phenol,Hydrogen Abstraction,,3,3.2 Table
2-HOC6H4OH,Oc1ccccc1O,sec-RO2*,-$27.50,12.50,750000.00,400.00,338.00,Phenol,Hydrogen Abstraction,,3,3.2 Table
2-HOC6H4OH,Oc1ccccc1O,tert-RO2*,-$20.60,15.50,300000.00,400.00,338.00,Phenol,Hydrogen Abstraction,,3,3.2 Table
2-HO-4-(CH3)3CC6H3OH,CC(C)(C)c1ccc(O)c(O)c1,RO2*,-$26.60,12.90,660000.00,400.00,342.40,Phenol,Hydrogen Abstraction,,4,3.2 Table
2-HO-4-(CH3)3CC6H3OH,CC(C)(C)c1ccc(O)c(O)c1,sec-RO2*,-$23.10,14.40,420000.00,400.00,342.40,Phenol,Hydrogen Abstraction,,4,3.2 Table
2-HO-4-(CH3)3CC6H3OH,CC(C)(C)c1ccc(O)c(O)c1,tert-RO2*,-$16.20,17.50,170000.00,400.00,342.40,Phenol,Hydrogen Abstraction,,4,3.2 Table
4-CH3C6H4OH,Cc1ccc(O)cc1,RO2*,-$11.20,19.80,83000.00,400.00,357.80,Phenol,Hydrogen Abstraction,,9,3.2 Table
4-CH3C6H4OH,Cc1ccc(O)cc1,sec-RO2*,-$7.70,21.40,51000.00,400.00,357.80,Phenol,Hydrogen Abstraction,,9,3.2 Table
4-CH3C6H4OH,Cc1ccc(O)cc1,tert-RO2*,-$0.80,24.80,18000.00,400.00,357.80,Phenol,Hydrogen Abstraction,,9,3.2 Table
(CH3)3C6(OH)(CH2)3O,CC(C)(C)c1c(O)ccc2c1CCCCO2,RO2*,-$40.20,7.30,3600000.00,400.00,328.80,Phenol,Hydrogen Abstraction,,10,3.2 Table
(CH3)3C6(OH)(CH2)3O,CC(C)(C)c1c(O)ccc2c1CCCCO2,sec-RO2*,-$36.70,8.70,2300000.00,400.00,328.80,Phenol,Hydrogen Abstraction,,10,3.2 Table
(CH3)3C6(OH)(CH2)3O,CC(C)(C)c1c(O)ccc2c1CCCCO2,tert-RO2*,-$29.80,11.50,1000000.00,400.00,328.80,Phenol,Hydrogen Abstraction,,10,3.2 Table
(CH3)3C6(OH)CH2CH(CH3)O,CC1Cc2c(ccc(O)c2C(C)(C)C)O1,RO2*,-$44.60,5.60,5900000.00,400.00,324.40,Phenol,Hydrogen Abstraction,,20,3.2 Table
(CH3)3C6(OH)CH2CH(CH3)O,CC1Cc2c(ccc(O)c2C(C)(C)C)O1,sec-RO2*,-$41.10,7.00,3900000.00,400.00,324.40,Phenol,Hydrogen Abstraction,,20,3.2 Table
(CH3)3C6(OH)CH2CH(CH3)O,CC1Cc2c(ccc(O)c2C(C)(C)C)O1,tert-RO2*,-$34.20,9.70,1700000.00,400.00,324.40,Phenol,Hydrogen Abstraction,,20,3.2 Table
1-HOC13H9,Oc1cccc2c1Cc1ccccc1-2,RO2*,-$32.70,10.30,1400000.00,400.00,336.30,Phenol,Hydrogen Abstraction,,25,3.2 Table
1-HOC13H9,Oc1cccc2c1Cc1ccccc1-2,sec-RO2*,-$29.20,11.80,920000.00,400.00,336.30,Phenol,Hydrogen Abstraction,,25,3.2 Table
1-HOC13H9,Oc1cccc2c1Cc1ccccc1-2,tert-RO2*,-$22.30,14.70,380000.00,400.00,336.30,Phenol,Hydrogen Abstraction,,25,3.2 Table
1-HOC10H7,Oc1cccc2ccccc12,RO2*,-$27.60,12.40,770000.00,400.00,341.40,Phenol,Hydrogen Abstraction,,29,3.2 Table
1-HOC10H7,Oc1cccc2ccccc12,sec-RO2*,-$24.10,13.90,490000.00,400.00,341.40,Phenol,Hydrogen Abstraction,,29,3.2 Table
1-HOC10H7,Oc1cccc2ccccc12,tert-RO2*,-$17.20,17.00,190000.00,400.00,341.40,Phenol,Hydrogen Abstraction,,29,3.2 Table
2-HOC10H7,Oc1ccc2ccccc2c1,RO2*,-$17.20,17.00,190000.00,400.00,351.80,Phenol,Hydrogen Abstraction,,30,3.2 Table
2-HOC10H7,Oc1ccc2ccccc2c1,sec-RO2*,-$13.70,18.60,120000.00,400.00,351.80,Phenol,Hydrogen Abstraction,,30,3.2 Table
2-HOC10H7,Oc1ccc2ccccc2c1,tert-RO2*,-$6.80,21.90,44000.00,400.00,351.80,Phenol,Hydrogen Abstraction,,30,3.2 Table
1-HOC14H9,Oc1cccc2c1ccc1ccccc12,RO2*,-$16.30,17.40,170000.00,400.00,352.70,Phenol,Hydrogen Abstraction,,32,3.2 Table
1-HOC14H9,Oc1cccc2c1ccc1ccccc12,sec-RO2*,-$12.80,19.00,110000.00,400.00,352.70,Phenol,Hydrogen Abstraction,,32,3.2 Table
1-HOC14H9,Oc1cccc2c1ccc1ccccc12,tert-RO2*,-$5.90,22.30,39000.00,400.00,352.70,Phenol,Hydrogen Abstraction,,32,3.2 Table
C6H5OH,Oc1ccccc1,RO2*,-$2.00,24.20,22000.00,400.00,367.00,Phenol,Hydrogen Abstraction,,36,3.2 Table
C6H5OH,Oc1ccccc1,sec-RO2*,$1.50,25.90,13000.00,400.00,367.00,Phenol,Hydrogen Abstraction,,36,3.2 Table
C6H5OH,Oc1ccccc1,tert-RO2*,$8.40,29.50,4500.00,400.00,367.00,Phenol,Hydrogen Abstraction,,36,3.2 Table
4-CH3COC6H4OH,CC(=O)c1ccc(O)cc1,RO2*,$0.50,25.40,15000.00,400.00,369.50,Phenol,Hydrogen Abstraction,,38,3.2 Table
4-CH3COC6H4OH,CC(=O)c1ccc(O)cc1,sec-RO2*,$4.00,27.20,9000.00,400.00,369.50,Phenol,Hydrogen Abstraction,,38,3.2 Table
4-CH3COC6H4OH,CC(=O)c1ccc(O)cc1,tert-RO2*,$10.90,30.80,3000.00,400.00,369.50,Phenol,Hydrogen Abstraction,,38,3.2 Table
4-NH2C6H4OH,Nc1ccc(O)cc1,RO2*,-$14.30,18.30,130000.00,400.00,354.70,Phenol,Hydrogen Abstraction,,40,3.2 Table
4-NH2C6H4OH,Nc1ccc(O)cc1,sec-RO2*,-$10.80,20.00,78000.00,400.00,354.70,Phenol,Hydrogen Abstraction,,40,3.2 Table
4-NH2C6H4OH,Nc1ccc(O)cc1,tert-RO2*,-$3.90,23.30,29000.00,400.00,354.70,Phenol,Hydrogen Abstraction,,40,3.2 Table
4-C6H5CH2OC6H4OH,Oc1ccc(OCc2ccccc2)cc1,RO2*,-$21.50,15.10,340000.00,400.00,347.50,Phenol,Hydrogen Abstraction,,41,3.2 Table
4-C6H5CH2OC6H4OH,Oc1ccc(OCc2ccccc2)cc1,sec-RO2*,-$18.00,16.60,220000.00,400.00,347.50,Phenol,Hydrogen Abstraction,,41,3.2 Table
4-C6H5CH2OC6H4OH,Oc1ccc(OCc2ccccc2)cc1,tert-RO2*,-$11.10,19.80,83000.00,400.00,347.50,Phenol,Hydrogen Abstraction,,41,3.2 Table
4-CH3(CH2)3OC6H4OH,CCCCOc1ccc(O)cc1,RO2*,-$23.20,14.30,430000.00,400.00,345.80,Phenol,Hydrogen Abstraction,,44,3.2 Table
4-CH3(CH2)3OC6H4OH,CCCCOc1ccc(O)cc1,sec-RO2*,-$19.70,15.90,270000.00,400.00,345.80,Phenol,Hydrogen Abstraction,,44,3.2 Table
4-CH3(CH2)3OC6H4OH,CCCCOc1ccc(O)cc1,tert-RO2*,-$12.80,19.00,110000.00,400.00,345.80,Phenol,Hydrogen Abstraction,,44,3.2 Table
4-(CH3)3CC6H4OH,CC(C)(C)c1ccc(O)cc1,RO2*,-$12.10,19.30,97000.00,400.00,356.90,Phenol,Hydrogen Abstraction,,46,3.2 Table
4-(CH3)3CC6H4OH,CC(C)(C)c1ccc(O)cc1,sec-RO2*,-$8.60,21.00,58000.00,400.00,356.90,Phenol,Hydrogen Abstraction,,46,3.2 Table
4-(CH3)3CC6H4OH,CC(C)(C)c1ccc(O)cc1,tert-RO2*,-$1.70,24.30,21000.00,400.00,356.90,Phenol,Hydrogen Abstraction,,46,3.2 Table
"2,4-[(CH3)3C]2C6H3OH",CC(C)(C)c1ccc(O)c(C(C)(C)C)c1,RO2*,-$11.50,19.60,88000.00,400.00,357.50,Phenol,Hydrogen Abstraction,,47,3.2 Table
"2,4-[(CH3)3C]2C6H3OH",CC(C)(C)c1ccc(O)c(C(C)(C)C)c1,sec-RO2*,-$8.00,21.30,53000.00,400.00,357.50,Phenol,Hydrogen Abstraction,,47,3.2 Table
"2,4-[(CH3)3C]2C6H3OH",CC(C)(C)c1ccc(O)c(C(C)(C)C)c1,tert-RO2*,-$1.10,24.60,20000.00,400.00,357.50,Phenol,Hydrogen Abstraction,,47,3.2 Table
"2-(CH3)3C-4,6-(CH3)2C6H2OH",Cc1cc(C)c(O)c(C(C)(C)C)c1,RO2*,-$15.20,17.90,150000.00,400.00,353.80,Phenol,Hydrogen Abstraction,,74,3.2 Table
"2-(CH3)3C-4,6-(CH3)2C6H2OH",Cc1cc(C)c(O)c(C(C)(C)C)c1,sec-RO2*,-$11.70,19.50,91000.00,400.00,353.80,Phenol,Hydrogen Abstraction,,74,3.2 Table
"2-(CH3)3C-4,6-(CH3)2C6H2OH",Cc1cc(C)c(O)c(C(C)(C)C)c1,tert-RO2*,-$4.80,22.80,34000.00,400.00,353.80,Phenol,Hydrogen Abstraction,,74,3.2 Table
2-(CH3)3C-4-CH3OC6H3OH,COc1ccc(O)c(C(C)(C)C)c1,RO2*,-$27.60,12.40,770000.00,400.00,341.40,Phenol,Hydrogen Abstraction,,75,3.2 Table
2-(CH3)3C-4-CH3OC6H3OH,COc1ccc(O)c(C(C)(C)C)c1,sec-RO2*,-$24.10,13.90,490000.00,400.00,341.40,Phenol,Hydrogen Abstraction,,75,3.2 Table
2-(CH3)3C-4-CH3OC6H3OH,COc1ccc(O)c(C(C)(C)C)c1,tert-RO2*,-$17.20,17.00,190000.00,400.00,341.40,Phenol,Hydrogen Abstraction,,75,3.2 Table
4-CH3OC6H4OH,COc1ccc(O)cc1,RO2*,-$20.00,15.70,290000.00,400.00,349.00,Phenol,Hydrogen Abstraction,,78,3.2 Table
4-CH3OC6H4OH,COc1ccc(O)cc1,sec-RO2*,-$16.50,17.30,180000.00,400.00,349.00,Phenol,Hydrogen Abstraction,,78,3.2 Table
4-CH3OC6H4OH,COc1ccc(O)cc1,tert-RO2*,-$9.60,20.50,67000.00,400.00,349.00,Phenol,Hydrogen Abstraction,,78,3.2 Table
"2,3-(CH3)2C6H3OH",Cc1cccc(O)c1C,RO2*,-$15.50,17.80,150000.00,400.00,353.50,Phenol,Hydrogen Abstraction,,79,3.2 Table
"2,3-(CH3)2C6H3OH",Cc1cccc(O)c1C,sec-RO2*,-$12.00,19.40,94000.00,400.00,353.50,Phenol,Hydrogen Abstraction,,79,3.2 Table
"2,3-(CH3)2C6H3OH",Cc1cccc(O)c1C,tert-RO2*,-$5.10,22.70,35000.00,400.00,353.50,Phenol,Hydrogen Abstraction,,79,3.2 Table
"3,4-(CH3)2C6H3OH",Cc1ccc(O)cc1C,RO2*,-$16.40,17.40,170000.00,400.00,352.60,Phenol,Hydrogen Abstraction,,80,3.2 Table
"3,4-(CH3)2C6H3OH",Cc1ccc(O)cc1C,sec-RO2*,-$12.90,19.00,110000.00,400.00,352.60,Phenol,Hydrogen Abstraction,,80,3.2 Table
"3,4-(CH3)2C6H3OH",Cc1ccc(O)cc1C,tert-RO2*,-$6.00,22.20,40000.00,400.00,352.60,Phenol,Hydrogen Abstraction,,80,3.2 Table
"3,5-(CH3)2C6H3OH",Cc1cc(C)cc(O)c1,RO2*,-$15.00,18.00,140000.00,400.00,354.00,Phenol,Hydrogen Abstraction,,81,3.2 Table
"3,5-(CH3)2C6H3OH",Cc1cc(C)cc(O)c1,sec-RO2*,-$11.50,19.60,88000.00,400.00,354.00,Phenol,Hydrogen Abstraction,,81,3.2 Table
"3,5-(CH3)2C6H3OH",Cc1cc(C)cc(O)c1,tert-RO2*,-$4.60,22.90,33000.00,400.00,354.00,Phenol,Hydrogen Abstraction,,81,3.2 Table
"2,4-(CH3)2C6H3OH",Cc1ccc(O)c(C)c1,RO2*,-$10.50,20.00,78000.00,400.00,358.50,Phenol,Hydrogen Abstraction,,82,3.2 Table
"2,4-(CH3)2C6H3OH",Cc1ccc(O)c(C)c1,sec-RO2*,-$7.00,21.80,46000.00,400.00,358.50,Phenol,Hydrogen Abstraction,,82,3.2 Table
"2,4-(CH3)2C6H3OH",Cc1ccc(O)c(C)c1,tert-RO2*,-$0.10,25.20,16000.00,400.00,358.50,Phenol,Hydrogen Abstraction,,82,3.2 Table
"2,6-(CH3)2C6H3OH",Cc1cccc(C)c1O,RO2*,-$14.10,18.40,130000.00,400.00,354.90,Phenol,Hydrogen Abstraction,,83,3.2 Table
"2,6-(CH3)2C6H3OH",Cc1cccc(C)c1O,sec-RO2*,-$10.60,20.00,78000.00,400.00,354.90,Phenol,Hydrogen Abstraction,,83,3.2 Table
"2,6-(CH3)2C6H3OH",Cc1cccc(C)c1O,tert-RO2*,-$3.70,23.30,29000.00,400.00,354.90,Phenol,Hydrogen Abstraction,,83,3.2 Table
4-(CH3)2NC6H4OH,CN(C)c1ccc(O)cc1,RO2*,-$42.20,6.60,4400000.00,400.00,326.80,Phenol,Hydrogen Abstraction,,85,3.2 Table
4-(CH3)2NC6H4OH,CN(C)c1ccc(O)cc1,sec-RO2*,-$38.70,7.90,3000000.00,400.00,326.80,Phenol,Hydrogen Abstraction,,85,3.2 Table
4-(CH3)2NC6H4OH,CN(C)c1ccc(O)cc1,tert-RO2*,-$31.80,10.70,1300000.00,400.00,326.80,Phenol,Hydrogen Abstraction,,85,3.2 Table
"2,4,6-(CH3)3C6H2OH",Cc1cc(C)c(O)c(C)c1,RO2*,-$22.20,14.80,380000.00,400.00,346.80,Phenol,Hydrogen Abstraction,,110,3.2 Table
"2,4,6-(CH3)3C6H2OH",Cc1cc(C)c(O)c(C)c1,sec-RO2*,-$18.70,16.30,240000.00,400.00,346.80,Phenol,Hydrogen Abstraction,,110,3.2 Table
"2,4,6-(CH3)3C6H2OH",Cc1cc(C)c(O)c(C)c1,tert-RO2*,-$11.80,19.50,91000.00,400.00,346.80,Phenol,Hydrogen Abstraction,,110,3.2 Table
alpha-Tocopherol,Cc1c(C)c2c(c(C)c1O)CCC(C)(CCCC(C)CCCC(C)CCCC(C)C)O2,RO2*,-$41.30,6.90,4000000.00,400.00,327.70,Phenol,Hydrogen Abstraction,,130,3.2 Table
alpha-Tocopherol,Cc1c(C)c2c(c(C)c1O)CCC(C)(CCCC(C)CCCC(C)CCCC(C)C)O2,sec-RO2*,-$37.80,8.20,2700000.00,400.00,327.70,Phenol,Hydrogen Abstraction,,130,3.2 Table
alpha-Tocopherol,Cc1c(C)c2c(c(C)c1O)CCC(C)(CCCC(C)CCCC(C)CCCC(C)C)O2,tert-RO2*,-$30.90,11.00,1200000.00,400.00,327.70,Phenol,Hydrogen Abstraction,,130,3.2 Table
beta-Tocopherol,Cc1cc(O)c(C)c2c1O[C@](C)(CCC[C@H](C)CCC[C@H](C)CCCC(C)C)CC2,RO2*,-$36.60,8.70,2300000.00,400.00,332.40,Phenol,Hydrogen Abstraction,,131,3.2 Table
beta-Tocopherol,Cc1cc(O)c(C)c2c1O[C@](C)(CCC[C@H](C)CCC[C@H](C)CCCC(C)C)CC2,sec-RO2*,-$33.10,10.20,1500000.00,400.00,332.40,Phenol,Hydrogen Abstraction,,131,3.2 Table
beta-Tocopherol,Cc1cc(O)c(C)c2c1O[C@](C)(CCC[C@H](C)CCC[C@H](C)CCCC(C)C)CC2,tert-RO2*,-$26.20,13.00,640000.00,400.00,332.40,Phenol,Hydrogen Abstraction,,131,3.2 Table
delta-Tocopherol,Cc1cc(O)cc2c1OC(C)(CCCC(C)CCCC(C)CCCC(C)C)CC2,RO2*,-$52.00,2.90,13000000.00,400.00,317.00,Phenol,Hydrogen Abstraction,,133,3.2 Table
delta-Tocopherol,Cc1cc(O)cc2c1OC(C)(CCCC(C)CCCC(C)CCCC(C)C)CC2,sec-RO2*,-$48.50,4.20,9000000.00,400.00,317.00,Phenol,Hydrogen Abstraction,,133,3.2 Table
delta-Tocopherol,Cc1cc(O)cc2c1OC(C)(CCCC(C)CCCC(C)CCCC(C)C)CC2,tert-RO2*,-$41.60,6.80,4100000.00,400.00,317.00,Phenol,Hydrogen Abstraction,,133,3.2 Table
,,,,,,,,,,,3,3.4 Table
,,,,,,,,,,,3,3.4 Table
,,,,,,,,,,,4,3.4 Table
,,,,,,,,,,,4,3.4 Table
,,,,,,,,,,,9,3.4 Table
,,,,,,,,,,,9,3.4 Table
,,,,,,,,,,,10,3.4 Table
,,,,,,,,,,,10,3.4 Table
,,,,,,,,,,,20,3.4 Table
,,,,,,,,,,,20,3.4 Table
,,,,,,,,,,,25,3.4 Table
,,,,,,,,,,,25,3.4 Table
,,,,,,,,,,,29,3.4 Table
,,,,,,,,,,,29,3.4 Table
,,,,,,,,,,,30,3.4 Table
,,,,,,,,,,,30,3.4 Table
,,,,,,,,,,,32,3.4 Table
,,,,,,,,,,,32,3.4 Table
,,,,,,,,,,,36,3.4 Table
,,,,,,,,,,,36,3.4 Table
,,,,,,,,,,,38,3.4 Table
,,,,,,,,,,,38,3.4 Table
,,,,,,,,,,,40,3.4 Table
,,,,,,,,,,,40,3.4 Table
,,,,,,,,,,,41,3.4 Table
,,,,,,,,,,,41,3.4 Table
,,,,,,,,,,,44,3.4 Table
,,,,,,,,,,,44,3.4 Table
,,,,,,,,,,,46,3.4 Table
,,,,,,,,,,,46,3.4 Table
,,,,,,,,,,,47,3.4 Table
,,,,,,,,,,,47,3.4 Table
,,,,,,,,,,,74,3.4 Table
,,,,,,,,,,,74,3.4 Table
,,,,,,,,,,,75,3.4 Table
,,,,,,,,,,,75,3.4 Table
,,,,,,,,,,,78,3.4 Table
,,,,,,,,,,,78,3.4 Table
,,,,,,,,,,,79,3.4 Table
,,,,,,,,,,,79,3.4 Table
,,,,,,,,,,,80,3.4 Table
,,,,,,,,,,,80,3.4 Table
,,,,,,,,,,,81,3.4 Table
,,,,,,,,,,,81,3.4 Table
,,,,,,,,,,,82,3.4 Table
,,,,,,,,,,,82,3.4 Table
,,,,,,,,,,,83,3.4 Table
,,,,,,,,,,,83,3.4 Table
,,,,,,,,,,,85,3.4 Table
,,,,,,,,,,,85,3.4 Table
,,,,,,,,,,,110,3.4 Table
,,,,,,,,,,,110,3.4 Table
,,,,,,,,,,,113,3.4 Table
,,,,,,,,,,,113,3.4 Table
,,,,,,,,,,,121,3.4 Table
,,,,,,,,,,,121,3.4 Table
,,,,,,,,,,,130,3.4 Table
,,,,,,,,,,,130,3.4 Table
,,,,,,,,,,,131,3.4 Table
,,,,,,,,,,,131,3.4 Table
,,,,,,,,,,,133,3.4 Table
,,,,,,,,,,,133,3.4 Table
,,,,,,,,,,,1,3.5 Table
,,,,,,,,,,,1,3.5 Table
,,,,,,,,,,,24,3.5 Table
,,,,,,,,,,,24,3.5 Table
,,,,,,,,,,,31,3.5 Table
,,,,,,,,,,,31,3.5 Table
,,,,,,,,,,,49,3.5 Table
,,,,,,,,,,,49,3.5 Table
,,,,,,,,,,,50,3.5 Table
,,,,,,,,,,,50,3.5 Table
,,,,,,,,,,,51,3.5 Table
,,,,,,,,,,,51,3.5 Table
,,,,,,,,,,,52,3.5 Table
,,,,,,,,,,,52,3.5 Table
,,,,,,,,,,,53,3.5 Table
,,,,,,,,,,,53,3.5 Table
,,,,,,,,,,,54,3.5 Table
,,,,,,,,,,,54,3.5 Table
,,,,,,,,,,,55,3.5 Table
,,,,,,,,,,,55,3.5 Table
,,,,,,,,,,,56,3.5 Table
,,,,,,,,,,,56,3.5 Table
,,,,,,,,,,,57,3.5 Table
,,,,,,,,,,,57,3.5 Table
,,,,,,,,,,,58,3.5 Table
,,,,,,,,,,,58,3.5 Table
,,,,,,,,,,,60,3.5 Table
,,,,,,,,,,,60,3.5 Table
,,,,,,,,,,,61,3.5 Table
,,,,,,,,,,,61,3.5 Table
,,,,,,,,,,,62,3.5 Table
,,,,,,,,,,,62,3.5 Table
,,,,,,,,,,,64,3.5 Table
,,,,,,,,,,,64,3.5 Table
,,,,,,,,,,,68,3.5 Table
,,,,,,,,,,,68,3.5 Table
,,,,,,,,,,,70,3.5 Table
,,,,,,,,,,,70,3.5 Table
,,,,,,,,,,,73,3.5 Table
,,,,,,,,,,,73,3.5 Table
,,,,,,,,,,,89,3.5 Table
,,,,,,,,,,,89,3.5 Table
,,,,,,,,,,,90,3.5 Table
,,,,,,,,,,,90,3.5 Table
,,,,,,,,,,,91,3.5 Table
,,,,,,,,,,,91,3.5 Table
,,,,,,,,,,,92,3.5 Table
,,,,,,,,,,,92,3.5 Table
,,,,,,,,,,,94,3.5 Table
,,,,,,,,,,,94,3.5 Table
,,,,,,,,,,,95,3.5 Table
,,,,,,,,,,,95,3.5 Table
,,,,,,,,,,,96,3.5 Table
,,,,,,,,,,,96,3.5 Table
,,,,,,,,,,,97,3.5 Table
,,,,,,,,,,,97,3.5 Table
,,,,,,,,,,,122,3.5 Table
,,,,,,,,,,,122,3.5 Table
,,,,,,,,,,,123,3.5 Table
,,,,,,,,,,,123,3.5 Table
(2-C10H7)2NH,c1ccc2cc(Nc3ccc4ccccc4c3)ccc2c1,RO2*,-$8.80,15.70,340000.00,333.00,360.20,Amine,Electron Transfer,,135,4.2 Table
(2-C10H7)2NH,c1ccc2cc(Nc3ccc4ccccc4c3)ccc2c1,sec-RO2*,-$5.30,17.30,190000.00,333.00,360.20,Amine,Electron Transfer,,135,4.2 Table
(2-C10H7)2NH,c1ccc2cc(Nc3ccc4ccccc4c3)ccc2c1,tert-RO2*,$1.60,20.60,59000.00,333.00,360.20,Amine,Electron Transfer,,135,4.2 Table
(C6H5)2NH,c1ccc(Nc2ccccc2)cc1,RO2*,-$4.30,17.80,160000.00,333.00,364.70,Amine,Electron Transfer,,136,4.2 Table
(C6H5)2NH,c1ccc(Nc2ccccc2)cc1,sec-RO2*,-$0.80,19.50,87000.00,333.00,364.70,Amine,Electron Transfer,,136,4.2 Table
(C6H5)2NH,c1ccc(Nc2ccccc2)cc1,tert-RO2*,$6.10,22.80,26000.00,333.00,364.70,Amine,Electron Transfer,,136,4.2 Table
(4-BrC6H4)2NH,Brc1ccc(Nc2ccc(Br)cc2)cc1,RO2*,-$4.80,17.60,170000.00,333.00,364.20,Amine,Electron Transfer,,137,4.2 Table
(4-BrC6H4)2NH,Brc1ccc(Nc2ccc(Br)cc2)cc1,sec-RO2*,-$1.30,19.20,97000.00,333.00,364.20,Amine,Electron Transfer,,137,4.2 Table
(4-BrC6H4)2NH,Brc1ccc(Nc2ccc(Br)cc2)cc1,tert-RO2*,-$5.60,17.20,200000.00,333.00,364.20,Amine,Electron Transfer,,137,4.2 Table
(4-CH3OC6H4)2NH,COc1ccc(Nc2ccc(OC)cc2)cc1,RO2*,-$0.40,10.70,2100000.00,333.00,348.60,Amine,Electron Transfer,,138,4.2 Table
(4-CH3OC6H4)2NH,COc1ccc(Nc2ccc(OC)cc2)cc1,sec-RO2*,-$16.90,12.10,1300000.00,333.00,348.60,Amine,Electron Transfer,,138,4.2 Table
(4-CH3OC6H4)2NH,COc1ccc(Nc2ccc(OC)cc2)cc1,tert-RO2*,-$10.00,15.20,410000.00,333.00,348.60,Amine,Electron Transfer,,138,4.2 Table
(4-CH3C6H4)2NH,Cc1ccc(Nc2ccc(C)cc2)cc1,RO2*,-$11.50,14.50,530000.00,333.00,357.50,Amine,Electron Transfer,,139,4.2 Table
(4-CH3C6H4)2NH,Cc1ccc(Nc2ccc(C)cc2)cc1,sec-RO2*,-$8.00,16.10,300000.00,333.00,357.50,Amine,Electron Transfer,,139,4.2 Table
(4-CH3C6H4)2NH,Cc1ccc(Nc2ccc(C)cc2)cc1,tert-RO2*,-$1.10,19.30,94000.00,333.00,357.50,Amine,Electron Transfer,,139,4.2 Table
(4-(CH3)3CC6H4)2NH,CC(C)(C)c1ccc(Nc2ccc(C(C)(C)C)cc2)cc1,RO2*,-$10.20,15.10,430000.00,333.00,358.80,Amine,Electron Transfer,,140,4.2 Table
(4-(CH3)3CC6H4)2NH,CC(C)(C)c1ccc(Nc2ccc(C(C)(C)C)cc2)cc1,sec-RO2*,-$6.70,16.70,240000.00,333.00,358.80,Amine,Electron Transfer,,140,4.2 Table
(4-(CH3)3CC6H4)2NH,CC(C)(C)c1ccc(Nc2ccc(C(C)(C)C)cc2)cc1,tert-RO2*,$0.20,19.90,76000.00,333.00,358.80,Amine,Electron Transfer,,140,4.2 Table
4-CH3OC6H4NHC6H5,COc1ccc(Nc2ccccc2)cc1,RO2*,-$13.10,13.80,680000.00,333.00,355.90,Amine,Electron Transfer,,141,4.2 Table
4-CH3OC6H4NHC6H5,COc1ccc(Nc2ccccc2)cc1,sec-RO2*,-$9.60,15.40,380000.00,333.00,355.90,Amine,Electron Transfer,,141,4.2 Table
4-CH3OC6H4NHC6H5,COc1ccc(Nc2ccccc2)cc1,tert-RO2*,-$2.70,18.60,120000.00,333.00,355.90,Amine,Electron Transfer,,141,4.2 Table
4-NO2C6H4NHC6H4,O=[N+]([O-])c1ccc(Nc2ccccc2)cc1,RO2*,$3.90,21.80,38000.00,333.00,372.90,Amine,Electron Transfer,,142,4.2 Table
4-NO2C6H4NHC6H4,O=[N+]([O-])c1ccc(Nc2ccccc2)cc1,sec-RO2*,$7.40,23.50,21000.00,333.00,372.90,Amine,Electron Transfer,,142,4.2 Table
4-NO2C6H4NHC6H4,O=[N+]([O-])c1ccc(Nc2ccccc2)cc1,tert-RO2*,$14.30,27.00,5800.00,333.00,372.90,Amine,Electron Transfer,,142,4.2 Table
4-(CH3)3CC6H4NHC6H5,CC(C)(C)c1ccc(Nc2ccccc2)cc1,RO2*,-$8.70,15.80,330000.00,333.00,360.30,Amine,Electron Transfer,,143,4.2 Table
4-(CH3)3CC6H4NHC6H5,CC(C)(C)c1ccc(Nc2ccccc2)cc1,sec-RO2*,-$5.20,17.40,190000.00,333.00,360.30,Amine,Electron Transfer,,143,4.2 Table
4-(CH3)3CC6H4NHC6H5,CC(C)(C)c1ccc(Nc2ccccc2)cc1,tert-RO2*,$1.70,20.70,57000.00,333.00,360.30,Amine,Electron Transfer,,143,4.2 Table
1-C10H7NH2,Nc1cccc2ccccc12,RO2*,$5.70,22.60,57000.00,333.00,374.70,Amine,Electron Transfer,,144,4.2 Table
1-C10H7NH2,Nc1cccc2ccccc12,sec-RO2*,$9.20,24.40,30000.00,333.00,374.70,Amine,Electron Transfer,,144,4.2 Table
1-C10H7NH2,Nc1cccc2ccccc12,tert-RO2*,$16.10,28.00,8100.00,333.00,374.70,Amine,Electron Transfer,,144,4.2 Table
2-C10H7NH2,Nc1ccc2ccccc2c1,RO2*,$10.50,25.10,23000.00,333.00,379.50,Amine,Electron Transfer,,145,4.2 Table
2-C10H7NH2,Nc1ccc2ccccc2c1,sec-RO2*,$14.00,26.90,12000.00,333.00,379.50,Amine,Electron Transfer,,145,4.2 Table
2-C10H7NH2,Nc1ccc2ccccc2c1,tert-RO2*,$20.90,30.60,3200.00,333.00,379.50,Amine,Electron Transfer,,145,4.2 Table
2-C10H7NHC6H4NH-2'-C10H7,c1ccc2cc(Nc3ccc(Nc4ccc5ccccc5c4)cc3)ccc2c1,RO2*,-$22.40,9.80,5800000.00,333.00,346.60,Amine,Electron Transfer,,146,4.2 Table
2-C10H7NHC6H4NH-2'-C10H7,c1ccc2cc(Nc3ccc(Nc4ccc5ccccc5c4)cc3)ccc2c1,sec-RO2*,-$18.90,11.30,3400000.00,333.00,346.60,Amine,Electron Transfer,,146,4.2 Table
2-C10H7NHC6H4NH-2'-C10H7,c1ccc2cc(Nc3ccc(Nc4ccc5ccccc5c4)cc3)ccc2c1,tert-RO2*,-$12.00,14.30,1100000.00,333.00,346.60,Amine,Electron Transfer,,146,4.2 Table
4-C8H17NHC6H4NHC8H17,CCCCCCCCNc1ccc(NCCCCCCCC)cc1,RO2*,-$22.10,10.00,5400000.00,333.00,346.90,Amine,Electron Transfer,,147,4.2 Table
4-C8H17NHC6H4NHC8H17,CCCCCCCCNc1ccc(NCCCCCCCC)cc1,sec-RO2*,-$18.60,11.40,3300000.00,333.00,346.90,Amine,Electron Transfer,,147,4.2 Table
4-C8H17NHC6H4NHC8H17,CCCCCCCCNc1ccc(NCCCCCCCC)cc1,tert-RO2*,-$11.70,14.40,1100000.00,333.00,346.90,Amine,Electron Transfer,,147,4.2 Table
4-C6H5NHC6H4NHC6H5,c1ccc(Nc2ccc(Nc3ccccc3)cc2)cc1,RO2*,-$13.10,13.80,1400000.00,333.00,355.90,Amine,Electron Transfer,,148,4.2 Table
4-C6H5NHC6H4NHC6H5,c1ccc(Nc2ccc(Nc3ccccc3)cc2)cc1,sec-RO2*,-$9.60,15.40,770000.00,333.00,355.90,Amine,Electron Transfer,,148,4.2 Table
4-C6H5NHC6H4NHC6H5,c1ccc(Nc2ccc(Nc3ccccc3)cc2)cc1,tert-RO2*,-$2.70,18.60,240000.00,333.00,355.90,Amine,Electron Transfer,,148,4.2 Table
4-(CH3)2CHNH-4-C6H4NHC6H4CH(CH3)2,CC(C)c1ccc(Nc2ccc(Nc3ccc(C(C)C)cc3)cc2)cc1,RO2*,-$35.40,4.70,37000000.00,333.00,333.60,Amine,Electron Transfer,,149,4.2 Table
4-(CH3)2CHNH-4-C6H4NHC6H4CH(CH3)2,CC(C)c1ccc(Nc2ccc(Nc3ccc(C(C)C)cc3)cc2)cc1,sec-RO2*,-$31.90,6.00,23000000.00,333.00,333.60,Amine,Electron Transfer,,149,4.2 Table
4-(CH3)2CHNH-4-C6H4NHC6H4CH(CH3)2,CC(C)c1ccc(Nc2ccc(Nc3ccc(C(C)C)cc3)cc2)cc1,tert-RO2*,-$25.00,8.80,8300000.00,333.00,333.60,Amine,Electron Transfer,,149,4.2 Table
4-C6H5NHC6H4NHCH(CH3)2,CC(C)Nc1ccc(Nc2ccccc2)cc1,RO2*,-$19.80,10.90,3900000.00,333.00,349.20,Amine,Electron Transfer,,150,4.2 Table
4-C6H5NHC6H4NHCH(CH3)2,CC(C)Nc1ccc(Nc2ccccc2)cc1,sec-RO2*,-$16.30,12.40,2300000.00,333.00,349.20,Amine,Electron Transfer,,150,4.2 Table
4-C6H5NHC6H4NHCH(CH3)2,CC(C)Nc1ccc(Nc2ccccc2)cc1,tert-RO2*,-$9.40,15.50,740000.00,333.00,349.20,Amine,Electron Transfer,,150,4.2 Table
"C6H5NH-1-3,7-[(CH3)3C]2C10H5",CC(C)(C)c1ccc2cc(Nc3ccccc3C(C)(C)C)ccc2c1,RO2*,-$24.10,9.10,3700000.00,333.00,344.90,Amine,Electron Transfer,,151,4.2 Table
"C6H5NH-1-3,7-[(CH3)3C]2C10H5",CC(C)(C)c1ccc2cc(Nc3ccccc3C(C)(C)C)ccc2c1,sec-RO2*,-$20.60,10.60,2200000.00,333.00,344.90,Amine,Electron Transfer,,151,4.2 Table
"C6H5NH-1-3,7-[(CH3)3C]2C10H5",CC(C)(C)c1ccc2cc(Nc3ccccc3C(C)(C)C)ccc2c1,tert-RO2*,-$13.70,13.50,760000.00,333.00,344.90,Amine,Electron Transfer,,151,4.2 Table
1-C10H7NHC6H5,c1ccc(Nc2cccc3ccccc23)cc1,RO2*,-$11.90,14.30,570000.00,333.00,357.10,Amine,Electron Transfer,,152,4.2 Table
1-C10H7NHC6H5,c1ccc(Nc2cccc3ccccc23)cc1,sec-RO2*,-$8.40,15.90,320000.00,333.00,357.10,Amine,Electron Transfer,,152,4.2 Table
1-C10H7NHC6H5,c1ccc(Nc2cccc3ccccc23)cc1,tert-RO2*,-$1.50,19.10,100000.00,333.00,357.10,Amine,Electron Transfer,,152,4.2 Table
2-C10H7NHC6H5,c1ccc(Nc2ccc3ccccc3c2)cc1,RO2*,-$6.10,17.00,220000.00,333.00,362.90,Amine,Electron Transfer,,153,4.2 Table
2-C10H7NHC6H5,c1ccc(Nc2ccc3ccccc3c2)cc1,sec-RO2*,-$2.60,18.60,120000.00,333.00,362.90,Amine,Electron Transfer,,153,4.2 Table
2-C10H7NHC6H5,c1ccc(Nc2ccc3ccccc3c2)cc1,tert-RO2*,$4.30,17.80,160000.00,333.00,362.90,Amine,Electron Transfer,,153,4.2 Table
2-C10H7NH(4'-C6H5O)C6H4,c1ccc(Oc2ccc(Nc3ccc4ccccc4c3)cc2)cc1,RO2*,-$19.50,11.00,1200000.00,333.00,349.50,Amine,Electron Transfer,,154,4.2 Table
2-C10H7NH(4'-C6H5O)C6H4,c1ccc(Oc2ccc(Nc3ccc4ccccc4c3)cc2)cc1,sec-RO2*,-$16.00,12.50,1100000.00,333.00,349.50,Amine,Electron Transfer,,154,4.2 Table
2-C10H7NH(4'-C6H5O)C6H4,c1ccc(Oc2ccc(Nc3ccc4ccccc4c3)cc2)cc1,tert-RO2*,-$9.10,15.60,360000.00,333.00,349.50,Amine,Electron Transfer,,154,4.2 Table
"1,2-cyclo-[C(cyclo-CH2CH2O)CH2C(NH-(cyclo-C6H11))]C6H4",c1ccc(C(CC2CCOC2)NC2CCCCC2)cc1,RO2*,$0.80,20.20,68000.00,333.00,369.80,Amine,Electron Transfer,,155,4.2 Table
"1,2-cyclo-[C(cyclo-CH2CH2O)CH2C(NH-(cyclo-C6H11))]C6H4",c1ccc(C(CC2CCOC2)NC2CCCCC2)cc1,sec-RO2*,$4.30,21.90,37000.00,333.00,369.80,Amine,Electron Transfer,,155,4.2 Table
"1,2-cyclo-[C(cyclo-CH2CH2O)CH2C(NH-(cyclo-C6H11))]C6H4",c1ccc(C(CC2CCOC2)NC2CCCCC2)cc1,tert-RO2*,$11.20,25.40,10000.00,333.00,369.80,Amine,Electron Transfer,,155,4.2 Table
1-[NHC6H4-4'-C(CH3)3]-4-(CH3)3CC10H6,CC(C)(C)c1ccc(Nc2ccc3cc(C(C)(C)C)ccc3c2)cc1,RO2*,-$16.90,12.10,1300000.00,333.00,352.10,Amine,Electron Transfer,,156,4.2 Table
1-[NHC6H4-4'-C(CH3)3]-4-(CH3)3CC10H6,CC(C)(C)c1ccc(Nc2ccc3cc(C(C)(C)C)ccc3c2)cc1,sec-RO2*,-$13.40,13.70,710000.00,333.00,352.10,Amine,Electron Transfer,,156,4.2 Table
1-[NHC6H4-4'-C(CH3)3]-4-(CH3)3CC10H6,CC(C)(C)c1ccc(Nc2ccc3cc(C(C)(C)C)ccc3c2)cc1,tert-RO2*,-$6.50,16.80,230000.00,333.00,352.10,Amine,Electron Transfer,,156,4.2 Table
"1,2-cyclo-[C(CH3)CH2C(CH3)2NH]C6H4",CC1CC(N)C(C)(C)C1c1ccccc1,RO2*,-$0.50,19.60,84000.00,333.00,368.50,Amine,Electron Transfer,,157,4.2 Table
"1,2-cyclo-[C(CH3)CH2C(CH3)2NH]C6H4",CC1CC(N)C(C)(C)C1c1ccccc1,sec-RO2*,$3.00,21.30,46000.00,333.00,368.50,Amine,Electron Transfer,,157,4.2 Table
"1,2-cyclo-[C(CH3)CH2C(CH3)2NH]C6H4",CC1CC(N)C(C)(C)C1c1ccccc1,tert-RO2*,$9.90,24.80,13000.00,333.00,368.50,Amine,Electron Transfer,,157,4.2 Table
1-C??H?SH,Sc1cccc2ccccc12,HO*,-$40.60,10.90,620000.00,333.00,328.40,Thiophenol,Hydrogen Abstraction,,243,6.2 Table
1-C??H?SH,Sc1cccc2ccccc12,sec-RO*,-$37.10,11.90,130000.00,333.00,328.40,Thiophenol,Hydrogen Abstraction,,243,6.2 Table
1-C??H?SH,Sc1cccc2ccccc12,tert-RO*,-$30.20,13.90,210000.00,333.00,328.40,Thiophenol,Hydrogen Abstraction,,243,6.2 Table
2-C??H?SH,Sc1ccc2ccccc2c1,RO2*,-$42.20,10.50,720000.00,333.00,326.80,Thiophenol,Hydrogen Abstraction,,244,6.2 Table
2-C??H?SH,Sc1ccc2ccccc2c1,sec-RO2*,-$38.70,11.40,520000.00,333.00,326.80,Thiophenol,Hydrogen Abstraction,,244,6.2 Table
2-C??H?SH,Sc1ccc2ccccc2c1,tert-RO*,-$31.80,13.40,250000.00,333.00,326.80,Thiophenol,Hydrogen Abstraction,,244,6.2 Table
C?H?SH,Sc1ccccc1,RO2*,-$30.90,13.70,230000.00,333.00,338.10,Thiophenol,Hydrogen Abstraction,,245,6.2 Table
C?H?SH,Sc1ccccc1,sec-RO2*,-$27.40,14.70,160000.00,333.00,338.10,Thiophenol,Hydrogen Abstraction,,245,6.2 Table
C?H?SH,Sc1ccccc1,tert-RO2*,-$20.50,16.90,71000.00,333.00,338.10,Thiophenol,Hydrogen Abstraction,,245,6.2 Table
3-ClC?H?SH,Sc1cccc(Cl)c1,RO2*,-$33.20,13.00,290000.00,333.00,335.80,Thiophenol,Hydrogen Abstraction,,246,6.2 Table
3-ClC?H?SH,Sc1cccc(Cl)c1,sec-RO2*,-$29.70,14.00,200000.00,333.00,335.80,Thiophenol,Hydrogen Abstraction,,246,6.2 Table
3-ClC?H?SH,Sc1cccc(Cl)c1,tert-RO2*,-$22.80,16.10,95000.00,333.00,335.80,Thiophenol,Hydrogen Abstraction,,246,6.2 Table
4-ClC?H?SH,Sc1ccc(Cl)cc1,RO2*,-$34.90,12.50,350000.00,333.00,334.10,Thiophenol,Hydrogen Abstraction,,247,6.2 Table
4-ClC?H?SH,Sc1ccc(Cl)cc1,sec-RO2*,-$31.40,13.50,240000.00,333.00,334.10,Thiophenol,Hydrogen Abstraction,,247,6.2 Table
4-ClC?H?SH,Sc1ccc(Cl)cc1,tert-RO2*,-$24.50,15.60,110000.00,333.00,334.10,Thiophenol,Hydrogen Abstraction,,247,6.2 Table
4-CH?CH?OC?H?SH,CCOc1ccc(S)cc1,RO2*,-$39.40,11.30,540000.00,333.00,329.60,Thiophenol,Hydrogen Abstraction,,248,6.2 Table
4-CH?CH?OC?H?SH,CCOc1ccc(S)cc1,sec-RO2*,-$35.90,12.20,390000.00,333.00,329.60,Thiophenol,Hydrogen Abstraction,,248,6.2 Table
4-CH?CH?OC?H?SH,CCOc1ccc(S)cc1,tert-RO2*,-$29.00,14.20,190000.00,333.00,329.60,Thiophenol,Hydrogen Abstraction,,248,6.2 Table
4-CH?OC?H?SH,COc1ccc(S)cc1,RO2*,-$39.70,11.20,560000.00,333.00,329.30,Thiophenol,Hydrogen Abstraction,,249,6.2 Table
4-CH?OC?H?SH,COc1ccc(S)cc1,sec-RO2*,-$36.20,12.10,400000.00,333.00,329.30,Thiophenol,Hydrogen Abstraction,,249,6.2 Table
4-CH?OC?H?SH,COc1ccc(S)cc1,tert-RO2*,-$29.30,14.20,190000.00,333.00,329.30,Thiophenol,Hydrogen Abstraction,,249,6.2 Table
3-CH?C?H?SH,Cc1cccc(S)c1,RO2*,-$30.90,13.70,230000.00,333.00,338.10,Thiophenol,Hydrogen Abstraction,,250,6.2 Table
3-CH?C?H?SH,Cc1cccc(S)c1,sec-RO2*,-$27.40,14.70,160000.00,333.00,338.10,Thiophenol,Hydrogen Abstraction,,250,6.2 Table
3-CH?C?H?SH,Cc1cccc(S)c1,tert-RO2*,-$20.50,16.90,71000.00,333.00,338.10,Thiophenol,Hydrogen Abstraction,,250,6.2 Table
4-CH?C?H?SH,Cc1ccc(S)cc1,RO2*,-$34.20,12.70,330000.00,333.00,334.80,Thiophenol,Hydrogen Abstraction,,251,6.2 Table
4-CH?C?H?SH,Cc1ccc(S)cc1,sec-RO2*,-$30.70,13.70,230000.00,333.00,334.80,Thiophenol,Hydrogen Abstraction,,251,6.2 Table
4-CH3C6H4SH,Cc1ccc(S)cc1,tert-RO2*,-$23.80,15.80,110000.00,333.00,334.80,Thiophenol,Hydrogen Abstraction,,251,6.2 Table
4-(CH3)3CC6H4SH,CC(C)(C)c1ccc(S)cc1,RO2*,-$31.30,13.50,240000.00,333.00,337.70,Thiophenol,Hydrogen Abstraction,,252,6.2 Table
4-(CH3)3CC6H4SH,CC(C)(C)c1ccc(S)cc1,sec-RO2*,-$27.80,14.60,160000.00,333.00,337.70,Thiophenol,Hydrogen Abstraction,,252,6.2 Table
4-(CH3)3CC6H4SH,CC(C)(C)c1ccc(S)cc1,tert-RO2*,-$20.90,16.70,77000.00,333.00,337.70,Thiophenol,Hydrogen Abstraction,,252,6.2 Table
4-F3CC6H4SH,FC(F)(F)c1ccc(S)cc1,RO2*,-$30.40,13.90,210000.00,333.00,338.60,Thiophenol,Hydrogen Abstraction,,253,6.2 Table
4-F3CC6H4SH,FC(F)(F)c1ccc(S)cc1,sec-RO2*,-$26.90,14.90,150000.00,333.00,338.60,Thiophenol,Hydrogen Abstraction,,253,6.2 Table
4-F3CC6H4SH,FC(F)(F)c1ccc(S)cc1,tert-RO2*,-$20.00,17.00,69000.00,333.00,338.60,Thiophenol,Hydrogen Abstraction,,253,6.2 Table
"2,4,6-(CH3)3C6H2SH",Cc1cc(C)c(S)c(C)c1,RO2*,-$32.40,13.30,260000.00,333.00,336.60,Thiophenol,Hydrogen Abstraction,,254,6.2 Table
"2,4,6-(CH3)3C6H2SH",Cc1cc(C)c(S)c(C)c1,sec-RO2*,-$28.90,14.30,180000.00,333.00,336.60,Thiophenol,Hydrogen Abstraction,,254,6.2 Table
"2,4,6-(CH3)3C6H2SH",Cc1cc(C)c(S)c(C)c1,tert-RO2*,-$22.00,16.40,86000.00,333.00,336.60,Thiophenol,Hydrogen Abstraction,,254,6.2 Table
cyclo-[-CH(NOH)(CH2)3-CH(CH2)3],ONC1CCCCCCC1,sec-RO2*,-$46.70,5.40,4600000.00,333.00,318.81,Hydroxylamine,Hydrogen Abstraction,,158,5.2 Table
cyclo-[-CH(NOH)(CH2)2-CH(CH2)3],ONC1CCCCCC1,sec-RO2*,-$43.30,6.70,2800000.00,333.00,322.20,Hydroxylamine,Hydrogen Abstraction,,159,5.2 Table
cyclo-[C(CH3)2CH2C(O)NHCH2C(CH3)2N(OH)],CC1(C)CNC(=O)CC(C)(C)N1O,sec-RO2*,-$61.20,0.30,29000000.00,333.00,304.30,Hydroxylamine,Hydrogen Abstraction,,160,5.2 Table
cyclo-[C(CH3)2C(4'-FC6H4)=NC(CH3)2N(OH)],CC(C)C(=NC(C)(C)NO)c1ccc(F)cc1,sec-RO2*,-$68.40,0.00,32000000.00,333.00,296.10,Hydroxylamine,Hydrogen Abstraction,,163,5.2 Table
cyclo-[C(CH3)2C(CH3)=NC(CH3)2N(OH)],CC(=NC(C)(C)NO)C(C)C,sec-RO2*,-$70.40,0.00,32000000.00,333.00,295.20,Hydroxylamine,Hydrogen Abstraction,,166,5.2 Table
cyclo-[C(CH3)2C(4'-CH3C6H4)=NC(CH3)2N(OH)],Cc1ccc(C(=NC(C)(C)NO)C(C)C)cc1,sec-RO2*,-$67.50,0.00,32000000.00,333.00,296.90,Hydroxylamine,Hydrogen Abstraction,,167,5.2 Table
cyclo-[C(CH3)2C(CH3)2N=C(C6H5)N(OH)],CC(C)C(C)(C)N=C(NO)c1ccccc1,sec-RO2*,-$53.50,2.90,11000000.00,333.00,312.20,Hydroxylamine,Hydrogen Abstraction,,172,5.2 Table
cyclo-[C(CH3)2C(C6H5)=N(O)C(CH3)[N(CH3)OH]N(OH)],CC(C)C(c1ccccc1)=[N+]([O-])C(C)N(O)N(C)O,sec-RO2*,-$55.50,2.20,14000000.00,333.00,310.00,Hydroxylamine,Hydrogen Abstraction,,173,5.2 Table
cyclo-[C(CH3)2C(CH3)=N(O)C(CH3)2N(OH)],CC(C(C)C)=[N+]([O-])C(C)(C)NO,sec-RO2*,-$59.70,0.80,24000000.00,333.00,305.80,Hydroxylamine,Hydrogen Abstraction,,174,5.2 Table
cyclo-[C(CH3)2C(CHBr2)=N(O)C(CH3)2N(OH)],CC(C)C(C(Br)Br)=[N+]([O-])C(C)(C)NO,sec-RO2*,-$54.10,2.70,12000000.00,333.00,311.40,Hydroxylamine,Hydrogen Abstraction,,178,5.2 Table
cyclo-[C(CH3)2C(CH2Br)=N(O)C(CH3)2N(OH)],CC(C)C(CBr)=[N+]([O-])C(C)(C)NO,sec-RO2*,-$59.20,0.97,23000000.00,333.00,306.30,Hydroxylamine,Hydrogen Abstraction,,183,5.2 Table
cyclo-[C(CH3)2C(4'-CH3OC6H4)=N(O)C(CH3)2N(OH)],COc1ccc(C(C(C)C)=[N+]([O-])C(C)(C)NO)cc1,sec-RO2*,-$62.30,0.00,32000000.00,333.00,303.20,Hydroxylamine,Hydrogen Abstraction,,185,5.2 Table
"1,2-C6H3[C(C6H5)3]-cyclo-[C(CH3)=CHC(CH3)2N(OH)]",CC(=CC(C)(C)NO)c1ccc(C(c2ccccc2)(c2ccccc2)c2ccccc2)cc1,sec-RO2*,-$76.00,0.00,32000000.00,333.00,289.50,Hydroxylamine,Hydrogen Abstraction,,200,5.2 Table
C8H13[(CH3)3C]NOH,CC(C)(C)N(O)C1CCC=CCCC1,sec-RO2*,-$30.80,11.70,470000.00,333.00,334.70,Hydroxylamine,Hydrogen Abstraction,,201,5.2 Table
C6H5C(O)[(CH3)3C]NOH,CC(C)(C)N(O)C(=O)c1ccccc1,sec-RO2*,-$42.50,7.00,2600000.00,333.00,323.00,Hydroxylamine,Hydrogen Abstraction,,202,5.2 Table
[(CH3)3C]2C=NOH,CC(C)(C)C(=NO)C(C)(C)C,sec-RO2*,-$27.00,13.30,260000.00,333.00,338.50,Hydroxylamine,Hydrogen Abstraction,,207,5.2 Table
(CF3)2NOH,ON(C(F)(F)F)C(F)(F)F,sec-RO2*,-$19.80,11.90,440000.00,333.00,345.70,Hydroxylamine,Hydrogen Abstraction,,208,5.2 Table
(CH3)2CHN(OH)C(CH3)3,CC(C)N(O)C(C)(C)C,sec-RO2*,-$12.80,19.60,27000.00,333.00,352.70,Hydroxylamine,Hydrogen Abstraction,,209,5.2 Table
(CH3)2CHCH2C(O)N(OH)C(CH3)3,CC(C)CC(=O)N(O)C(C)(C)C,sec-RO2*,-$49.00,4.60,6100000.00,333.00,316.50,Hydroxylamine,Hydrogen Abstraction,,211,5.2 Table
4-NO2C6H4N(OH)C(CH3)3,CC(C)(C)N(O)c1ccc([N+](=O)[O-])cc1,sec-RO2*,-$29.90,12.00,420000.00,333.00,335.60,Hydroxylamine,Hydrogen Abstraction,,212,5.2 Table
C6H5CH=CHC(O)N(OH)C(CH3)3,CC(C)(C)N(O)C(=O)C=Cc1ccccc1,sec-RO2*,-$44.10,6.40,3200000.00,333.00,321.40,Hydroxylamine,Hydrogen Abstraction,,213,5.2 Table
4-C6H5C6H4C(O)N(OH)C(CH3)3,CC(C)(C)N(O)C(=O)c1ccc(-c2ccccc2)cc1,sec-RO2*,-$41.10,7.50,2100000.00,333.00,324.50,Hydroxylamine,Hydrogen Abstraction,,214,5.2 Table
C6H5CH2CH2C(O)N(OH)C(CH3)3,CC(C)(C)N(O)C(=O)CCc1ccccc1,sec-RO2*,-$46.90,5.30,4700000.00,333.00,318.60,Hydroxylamine,Hydrogen Abstraction,,215,5.2 Table
CH3(CH2)9C(O)N(OH)C(CH3)3,CCCCCCCCCCC(=O)N(O)C(C)(C)C,sec-RO2*,-$48.30,4.80,5700000.00,333.00,317.20,Hydroxylamine,Hydrogen Abstraction,,216,5.2 Table
cyclo-[C(CH3)2(CH2)3C(CH3)2N(OH)],CC1(C)CCC(C)(C)N(O)C1,sec-RO2*,-$74.30,0.00,32000000.00,333.00,291.20,Hydroxylamine,Hydrogen Abstraction,,217,5.2 Table
cyclo-[C(CH3)2CH2CH(OC(O)C6H5)CH2C(CH3)2N(OH)],CC1(C)CC(OC(=O)c2ccccc2)CC(C)(C)N1O,sec-RO2*,-$65.20,0.00,32000000.00,333.00,300.30,Hydroxylamine,Hydrogen Abstraction,,218,5.2 Table
cyclo-[C(CH3)2CHBrC(O)CH2C(CH3)2N(OH)],CC1(C)CC(=O)C(Br)C(C)(C)N1O,sec-RO2*,-$62.10,0.00,32000000.00,333.00,303.40,Hydroxylamine,Hydrogen Abstraction,,219,5.2 Table
cyclo-[C(CH3)2CHClC(O)CH2C(CH3)2N(OH)],CC1(C)CC(=O)C(Cl)C(C)(C)N1O,sec-RO2*,-$67.80,0.00,32000000.00,333.00,307.90,Hydroxylamine,Hydrogen Abstraction,,220,5.2 Table
cyclo-[C(CH3)2CH2CH(OH)CH2C(CH3)2N(OH)],CC1(C)CC(O)CC(C)(C)N1O,sec-RO2*,-$63.30,0.00,32000000.00,333.00,302.20,Hydroxylamine,Hydrogen Abstraction,,221,5.2 Table
cyclo-[C(CH3)2CH2C(O)CH2C(CH3)2N(OH)],CC1(C)CC(=O)CC(C)(C)N1O,sec-RO2*,-$65.10,0.00,32000000.00,333.00,300.40,Hydroxylamine,Hydrogen Abstraction,,222,5.2 Table
cyclo-[C(CH3)2CH(C(O)NH2)CH2C(CH3)2N(OH)],CC1(C)CC(C(N)=O)C(C)(C)N1O,sec-RO2*,-$74.50,0.00,32000000.00,333.00,291.00,Hydroxylamine,Hydrogen Abstraction,,223,5.2 Table
cyclo-[C(CH3)2CH(C(O)OH)CH2C(CH3)2N(OH)],CC1(C)CC(C(=O)O)C(C)(C)N1O,sec-RO2*,-$75.40,0.00,32000000.00,333.00,290.10,Hydroxylamine,Hydrogen Abstraction,,224,5.2 Table
cyclo-[C(CH3)2CH(OH)CH2C(CH3)2N(OH)],CC1(C)CC(O)C(C)(C)N1O,sec-RO2*,-$76.40,0.00,32000000.00,333.00,289.10,Hydroxylamine,Hydrogen Abstraction,,225,5.2 Table
cyclo-[C(CH3)2C(O)CH2C(CH3)2N(OH)],CC1(C)CC(=O)C(C)(C)N1O,sec-RO2*,-$66.80,0.00,32000000.00,333.00,298.70,Hydroxylamine,Hydrogen Abstraction,,226,5.2 Table
cyclo-[C(CH3)2C(O)N(OH)C(CH3)2N(OH)],CC1(C)C(=O)N(O)C(C)(C)N(O)N1O,sec-RO2*,-$59.50,0.87,23000000.00,333.00,300.90,Hydroxylamine,Hydrogen Abstraction,,227,5.2 Table
cyclo-[C(CH3)2N(O)=C(CH3)CH2C(CH3)2N(OH)],CC(C)CC(N(O)C(C)C)=[N+](C)[O-],sec-RO2*,-$56.70,1.20,65000000.00,333.00,308.80,Hydroxylamine,Hydrogen Abstraction,,232,5.2 Table
cyclo-[C(CH3)2CH2C(C6H5)=CHC(CH3)2N(OH)],CC1(C)CC(=Cc2ccccc2)CC(C)(C)N1O,sec-RO2*,-$69.60,0.00,32000000.00,333.00,295.90,Hydroxylamine,Hydrogen Abstraction,,235,5.2 Table
"1,2-C6H3[C(C6H5)3]-cyclo-[C(CH3)(C6H5)CH2C(CH3)2N(OH)]",CC(C)(CC(C)(c1ccccc1)c1ccc(C(c2ccccc2)(c2ccccc2)c2ccccc2)cc1)NO,sec-RO2*,-$72.70,0.00,32000000.00,333.00,292.80,Hydroxylamine,Hydrogen Abstraction,,237,5.2 Table
cyclo-[-CH(NOH)(CH2)3-CH(CH2)3],ONC1CCCCCCC1,tert-RO2*,-$39.80,8.00,1800000.00,333.00,318.81,Hydroxylamine,Hydrogen Abstraction,,158,5.3 Table
cyclo-[-CH(NOH)(CH2)2-CH(CH2)3],ONC1CCCCCC1,tert-RO2*,-$36.40,9.40,1100000.00,333.00,322.20,Hydroxylamine,Hydrogen Abstraction,,159,5.3 Table
cyclo-[C(CH3)2CH2C(O)NHCH2C(CH3)2N(OH)],CC1(C)CNC(=O)CC(C)(C)N1O,tert-RO2*,-$54.30,2.70,12000000.00,333.00,304.30,Hydroxylamine,Hydrogen Abstraction,,160,5.3 Table
cyclo-[C(CH3)2C(4'-FC6H4)=NC(CH3)2N(OH)],CC(C)C(=NC(C)(C)NO)c1ccc(F)cc1,tert-RO2*,-$61.50,0.20,30000000.00,333.00,296.10,Hydroxylamine,Hydrogen Abstraction,,163,5.3 Table
cyclo-[C(CH3)2C(CH3)=NC(CH3)2N(OH)],CC(=NC(C)(C)NO)C(C)C,tert-RO2*,-$63.50,0.00,32000000.00,333.00,295.20,Hydroxylamine,Hydrogen Abstraction,,166,5.3 Table
cyclo-[C(CH3)2C(4'-CH3C6H4)=NC(CH3)2N(OH)],Cc1ccc(C(=NC(C)(C)NO)C(C)C)cc1,tert-RO2*,-$60.60,0.50,27000000.00,333.00,296.90,Hydroxylamine,Hydrogen Abstraction,,167,5.3 Table
cyclo-[C(CH3)2C(CH3)2N=C(C6H5)N(OH)],CC(C)C(C)(C)N=C(NO)c1ccccc1,tert-RO2*,-$46.40,5.50,4400000.00,333.00,312.20,Hydroxylamine,Hydrogen Abstraction,,172,5.3 Table
cyclo-[C(CH3)2C(C6H5)=N(O)C(CH3)[N(CH3)OH]N(OH)],CC(C)C(c1ccccc1)=[N+]([O-])C(C)N(O)N(C)O,tert-RO2*,-$48.60,4.70,5900000.00,333.00,310.00,Hydroxylamine,Hydrogen Abstraction,,173,5.3 Table
cyclo-[C(CH3)2C(CH3)=N(O)C(CH3)2N(OH)],CC(C(C)C)=[N+]([O-])C(C)(C)NO,tert-RO2*,-$52.80,3.20,10000000.00,333.00,305.80,Hydroxylamine,Hydrogen Abstraction,,174,5.3 Table
cyclo-[C(CH3)2C(CHBr2)=N(O)C(CH3)2N(OH)],CC(C)C(C(Br)Br)=[N+]([O-])C(C)(C)NO,tert-RO2*,-$47.20,5.20,4900000.00,333.00,311.40,Hydroxylamine,Hydrogen Abstraction,,178,5.3 Table
cyclo-[C(CH3)2C(CH2Br)=N(O)C(CH3)2N(OH)],CC(C)C(CBr)=[N+]([O-])C(C)(C)NO,tert-RO2*,-$52.30,3.40,9400000.00,333.00,306.30,Hydroxylamine,Hydrogen Abstraction,,183,5.3 Table
cyclo-[C(CH3)2C(4'-CH3OC6H4)=N(O)C(CH3)2N(OH)],COc1ccc(C(C(C)C)=[N+]([O-])C(C)(C)NO)cc1,tert-RO2*,-$55.40,2.30,14000000.00,333.00,303.20,Hydroxylamine,Hydrogen Abstraction,,185,5.3 Table
"1,2-C6H3[C(C6H5)3]-cyclo-[C(CH3)=CHC(CH3)2N(OH)]",CC(=CC(C)(C)NO)c1ccc(C(c2ccccc2)(c2ccccc2)c2ccccc2)cc1,tert-RO2*,-$69.10,0.00,32000000.00,333.00,289.50,Hydroxylamine,Hydrogen Abstraction,,200,5.3 Table
C8H13[(CH3)3C]NOH,CC(C)(C)N(O)C1CCC=CCCC1,tert-RO2*,-$23.90,14.60,160000.00,333.00,334.70,Hydroxylamine,Hydrogen Abstraction,,201,5.3 Table
C6H5C(O)[(CH3)3C]NOH,CC(C)(C)N(O)C(=O)c1ccccc1,tert-RO2*,-$35.60,9.70,960000.00,333.00,323.00,Hydroxylamine,Hydrogen Abstraction,,202,5.3 Table
[(CH3)3C]2C=NOH,CC(C)(C)C(=NO)C(C)(C)C,tert-RO2*,-$20.10,16.30,89000.00,333.00,338.50,Hydroxylamine,Hydrogen Abstraction,,207,5.3 Table
(CF3)2NOH,ON(C(F)(F)F)C(F)(F)F,tert-RO2*,-$12.90,19.50,28000.00,333.00,345.70,Hydroxylamine,Hydrogen Abstraction,,208,5.3 Table
(CH3)2CHN(OH)C(CH3)3,CC(C)N(O)C(C)(C)C,tert-RO2*,-$5.90,22.90,8200.00,333.00,352.70,Hydroxylamine,Hydrogen Abstraction,,209,5.3 Table
(CH3)2CHCH2C(O)N(OH)C(CH3)3,CC(C)CC(=O)N(O)C(C)(C)C,tert-RO2*,-$42.10,7.10,2500000.00,333.00,316.50,Hydroxylamine,Hydrogen Abstraction,,211,5.3 Table
4-NO2C6H4N(OH)C(CH3)3,CC(C)(C)N(O)c1ccc([N+](=O)[O-])cc1,tert-RO2*,-$23.00,15.00,140000.00,333.00,335.60,Hydroxylamine,Hydrogen Abstraction,,212,5.3 Table
C6H5CH=CHC(O)N(OH)C(CH3)3,CC(C)(C)N(O)C(=O)C=Cc1ccccc1,tert-RO2*,-$37.20,9.10,1200000.00,333.00,321.40,Hydroxylamine,Hydrogen Abstraction,,213,5.3 Table
4-C6H5C6H4C(O)N(OH)C(CH3)3,CC(C)(C)N(O)C(=O)c1ccc(-c2ccccc2)cc1,tert-RO2*,-$34.20,10.30,780000.00,333.00,324.50,Hydroxylamine,Hydrogen Abstraction,,214,5.3 Table
C6H5CH2CH2C(O)N(OH)C(CH3)3,CC(C)(C)N(O)C(=O)CCc1ccccc1,tert-RO2*,-$40.00,8.00,1800000.00,333.00,318.60,Hydroxylamine,Hydrogen Abstraction,,215,5.3 Table
CH3(CH2)9C(O)N(OH)C(CH3)3,CCCCCCCCCCC(=O)N(O)C(C)(C)C,tert-RO2*,-$41.40,7.40,2200000.00,333.00,317.20,Hydroxylamine,Hydrogen Abstraction,,216,5.3 Table
cyclo-[C(CH3)2(CH2)3C(CH3)2N(OH)],CC1(C)CCC(C)(C)N(O)C1,tert-RO2*,-$67.40,0.00,32000000.00,333.00,291.20,Hydroxylamine,Hydrogen Abstraction,,217,5.3 Table
cyclo-[C(CH3)2CH2CH(OC(O)C6H5)CH2C(CH3)2N(OH)],CC1(C)CC(OC(=O)c2ccccc2)CC(C)(C)N1O,tert-RO2*,-$58.30,1.30,20000000.00,333.00,300.30,Hydroxylamine,Hydrogen Abstraction,,218,5.3 Table
cyclo-[C(CH3)2CHBrC(O)CH2C(CH3)2N(OH)],CC1(C)CC(=O)C(Br)C(C)(C)N1O,tert-RO2*,-$55.20,2.30,14000000.00,333.00,303.40,Hydroxylamine,Hydrogen Abstraction,,219,5.3 Table
cyclo-[C(CH3)2CHClC(O)CH2C(CH3)2N(OH)],CC1(C)CC(=O)C(Cl)C(C)(C)N1O,tert-RO2*,-$60.90,0.40,28000000.00,333.00,307.90,Hydroxylamine,Hydrogen Abstraction,,220,5.3 Table
cyclo-[C(CH3)2CH2CH(OH)CH2C(CH3)2N(OH)],CC1(C)CC(O)CC(C)(C)N1O,tert-RO2*,-$56.40,1.90,16000000.00,333.00,302.20,Hydroxylamine,Hydrogen Abstraction,,221,5.3 Table
cyclo-[C(CH3)2CH2C(O)CH2C(CH3)2N(OH)],CC1(C)CC(=O)CC(C)(C)N1O,tert-RO2*,-$58.20,1.30,20000000.00,333.00,300.40,Hydroxylamine,Hydrogen Abstraction,,222,5.3 Table
cyclo-[C(CH3)2CH(C(O)NH2)CH2C(CH3)2N(OH)],CC1(C)CC(C(N)=O)C(C)(C)N1O,tert-RO2*,-$67.60,0.00,32000000.00,333.00,291.00,Hydroxylamine,Hydrogen Abstraction,,223,5.3 Table
cyclo-[C(CH3)2CH(C(O)OH)CH2C(CH3)2N(OH)],CC1(C)CC(C(=O)O)C(C)(C)N1O,tert-RO2*,-$68.50,0.00,32000000.00,333.00,290.10,Hydroxylamine,Hydrogen Abstraction,,224,5.3 Table
cyclo-[C(CH3)2CH(OH)CH2C(CH3)2N(OH)],CC1(C)CC(O)C(C)(C)N1O,tert-RO2*,-$69.50,0.00,32000000.00,333.00,289.10,Hydroxylamine,Hydrogen Abstraction,,225,5.3 Table
cyclo-[C(CH3)2COCH2C(CH3)2N(OH)],CC1(C)COCC(C)(C)N1O,tert-RO2*,-$59.90,0.70,25000000.00,333.00,298.70,Hydroxylamine,Hydrogen Abstraction,,226,5.3 Table
cyclo-[C(CH3)2C(O)N(OH)C(CH3)2N(OH)],CC1(C)C(=O)N(O)C(C)(C)N(O)N1O,tert-RO2*,-$52.60,3.30,9700000.00,333.00,300.90,Hydroxylamine,Hydrogen Abstraction,,227,5.3 Table
cyclo-[C(CH3)2N(O)=C(CH3)CH2C(CH3)2N(OH)],CC(C)CC(N(O)C(C)C)=[N+](C)[O-],tert-RO2*,-$49.80,4.30,6800000.00,333.00,308.80,Hydroxylamine,Hydrogen Abstraction,,232,5.3 Table
cyclo-[C(CH3)2CH2C(C6H5)=CHC(CH3)2N(OH)],CC1(C)CC(=Cc2ccccc2)CC(C)(C)N1O,tert-RO2*,-$62.70,0.00,32000000.00,333.00,295.90,Hydroxylamine,Hydrogen Abstraction,,235,5.3 Table
"1,2-C6H3[C(C6H5)3]-cyclo-[C(CH3)(C6H5)CH2C(CH3)2N(OH)]",CC(C)(CC(C)(c1ccccc1)c1ccc(C(c2ccccc2)(c2ccccc2)c2ccccc2)cc1)NO,tert-RO2*,-$65.80,0.00,32000000.00,333.00,292.80,Hydroxylamine,Hydrogen Abstraction,,237,5.3 Table
,,,,,,,,,,,,
,,,,,,,,,,,,
,,,,,,,,,,,,
,,,,,,,,,,,,
,,,,,,,,,,,,
,,,,,,,,,,,,
,,,,,,,,,,,,
,,,,,,,,,,,,
,,,,,,,,,,,,
,,,,,,,,,,,,
,,,,,,,,,,,,
,,,,,,,,,,,,
,,,,,,,,,,,,
,,,,,,,,,,,,
,,,,,,,,,,,,
,,,,,,,,,,,,
,,,,,,,,,,,,
,,,,,,,,,,,,
,,,,,,,,,,,,
,,,,,,,,,,,,
,,,,,,,,,,,,
,,,,,,,,,,,,
,,,,,,,,,,,,
,,,,,,,,,,,,
,,,,,,,,,,,,
,,,,,,,,,,,,
,,,,,,,,,,,,
,,,,,,,,,,,,
,,,,,,,,,,,,
,,,,,,,,,,,,
,,,,,,,,,,,,
,,,,,,,,,,,,
,,,,,,,,,,,,
,,,,,,,,,,,,
,,,,,,,,,,,,
,,,,,,,,,,,,
,,,,,,,,,,,,
,,,,,,,,,,,,
,,,,,,,,,,,,
,,,,,,,,,,,,
,,,,,,,,,,,,
,,,,,,,,,,,,
,,,,,,,,,,,,
,,,,,,,,,,,,
,,,,,,,,,,,,
,,,,,,,,,,,,
"1,3,5-[3',5'-[(CH3)2C]2-4'-HO-C6H2CH2]3C6H3",CC(C)c1cc(O)c(C(C)C)c(Cc2cc(Cc3cc(C(C)C)cc(O)c3C(C)C)cc(Cc3cc(C(C)C)cc(O)c3C(C)C)c2)c1,RO2*,-$24.10,20.40,60000.00,333.00,344.90,Phenol,Hydrogen Abstraction,,1,3.3 Table
"1,3,5-[3',5'-[(CH3)2C]2-4'-HO-C6H2CH2]3C6H3",CC(C)c1cc(O)c(C(C)C)c(Cc2cc(Cc3cc(C(C)C)cc(O)c3C(C)C)cc(Cc3cc(C(C)C)cc(O)c3C(C)C)c2)c1,sec-RO2*,-$20.60,22.00,33000.00,333.00,344.90,Phenol,Hydrogen Abstraction,,1,3.3 Table
"1,3,5-[3',5'-[(CH3)2C]2-4'-HO-C6H2CH2]3C6H3",CC(C)c1cc(O)c(C(C)C)c(Cc2cc(Cc3cc(C(C)C)cc(O)c3C(C)C)cc(Cc3cc(C(C)C)cc(O)c3C(C)C)c2)c1,tert-RO2*,-$13.70,25.10,11000.00,333.00,344.90,Phenol,Hydrogen Abstraction,,1,3.3 Table
"2,2'-CH2-[4,6-[(CH3)3C]2C6H2OH]2",CC(C)(C)c1cc(Cc2cc(C(C)(C)C)cc(C(C)(C)C)c2O)c(O)c(C(C)(C)C)c1,RO2*,-$28.10,18.60,74000.00,333.00,340.90,Phenol,Hydrogen Abstraction,,24,3.3 Table
"2,2'-CH2-[4,6-[(CH3)3C]2C6H2OH]2",CC(C)(C)c1cc(Cc2cc(C(C)(C)C)cc(C(C)(C)C)c2O)c(O)c(C(C)(C)C)c1,sec-RO2*,-$24.60,20.20,44000.00,333.00,340.90,Phenol,Hydrogen Abstraction,,24,3.3 Table
"2,2'-CH2-[4,6-[(CH3)3C]2C6H2OH]2",CC(C)(C)c1cc(Cc2cc(C(C)(C)C)cc(C(C)(C)C)c2O)c(O)c(C(C)(C)C)c1,tert-RO2*,-$17.70,23.30,14000.00,333.00,340.90,Phenol,Hydrogen Abstraction,,24,3.3 Table
"C-[4-(CH2)2COOCH2-2,6-[(CH3)3C]2C6H2OH]",CC(C)(C)c1cc(CCC(=O)OCC(COC(=O)CCc2cc(C(C)(C)C)c(O)c(C(C)(C)C)c2)(COC(=O)CCc2cc(C(C)(C)C)c(O)c(C(C)(C)C)c2)COC(=O)CCc2cc(C(C)(C)C)c(O)c(C(C)(C)C)c2)cc(C(C)(C)C)c1O,RO2*,-$28.00,18.70,37000.00,333.00,341.00,Phenol,Hydrogen Abstraction,,31,3.3 Table
"C-[4-(CH2)2COOCH2-2,6-[(CH3)3C]2C6H2OH]",CC(C)(C)c1cc(CCC(=O)OCC(COC(=O)CCc2cc(C(C)(C)C)c(O)c(C(C)(C)C)c2)(COC(=O)CCc2cc(C(C)(C)C)c(O)c(C(C)(C)C)c2)COC(=O)CCc2cc(C(C)(C)C)c(O)c(C(C)(C)C)c2)cc(C(C)(C)C)c1O,sec-RO2*,-$24.50,20.20,22000.00,333.00,341.00,Phenol,Hydrogen Abstraction,,31,3.3 Table
"C-[4-(CH2)2COOCH2-2,6-[(CH3)3C]2C6H2OH]",CC(C)(C)c1cc(CCC(=O)OCC(COC(=O)CCc2cc(C(C)(C)C)c(O)c(C(C)(C)C)c2)(COC(=O)CCc2cc(C(C)(C)C)c(O)c(C(C)(C)C)c2)COC(=O)CCc2cc(C(C)(C)C)c(O)c(C(C)(C)C)c2)cc(C(C)(C)C)c1O,tert-RO2*,-$17.60,23.30,7100.00,333.00,341.00,Phenol,Hydrogen Abstraction,,31,3.3 Table
"2,4-[(CH3)3C]2-6-CH3-C6H2OH",Cc1cc(C(C)(C)C)cc(C(C)(C)C)c1O,RO2*,-$15.10,24.50,4600.00,333.00,353.90,Phenol,Hydrogen Abstraction,,49,3.3 Table
"2,4-[(CH3)3C]2-6-CH3-C6H2OH",Cc1cc(C(C)(C)C)cc(C(C)(C)C)c1O,sec-RO2*,-$11.60,26.10,2600.00,333.00,353.90,Phenol,Hydrogen Abstraction,,49,3.3 Table
"2,4-[(CH3)3C]2-6-CH3-C6H2OH",Cc1cc(C(C)(C)C)cc(C(C)(C)C)c1O,tert-RO2*,-$4.70,29.40,780.00,333.00,353.90,Phenol,Hydrogen Abstraction,,49,3.3 Table
"4,4'-[2,6-[(CH3)3C]2C6H2OH]2",CC(C)(C)c1cc(-c2cc(C(C)(C)C)c(O)c(C(C)(C)C)c2)cc(C(C)(C)C)c1O,RO2*,-$26.40,19.40,58000.00,333.00,342.60,Phenol,Hydrogen Abstraction,,50,3.3 Table
"4,4'-[2,6-[(CH3)3C]2C6H2OH]2",CC(C)(C)c1cc(-c2cc(C(C)(C)C)c(O)c(C(C)(C)C)c2)cc(C(C)(C)C)c1O,sec-RO2*,-$22.90,20.90,34000.00,333.00,342.60,Phenol,Hydrogen Abstraction,,50,3.3 Table
"4,4'-[2,6-[(CH3)3C]2C6H2OH]2",CC(C)(C)c1cc(-c2cc(C(C)(C)C)c(O)c(C(C)(C)C)c2)cc(C(C)(C)C)c1O,tert-RO2*,-$16.00,24.00,11000.00,333.00,342.60,Phenol,Hydrogen Abstraction,,50,3.3 Table
"2,6-[(CH3)3C]2C6H3OH",CC(C)(C)c1cccc(C(C)(C)C)c1O,RO2*,-$22.30,21.20,15000.00,333.00,346.70,Phenol,Hydrogen Abstraction,,51,3.3 Table
"2,6-[(CH3)3C]2C6H3OH",CC(C)(C)c1cccc(C(C)(C)C)c1O,sec-RO2*,-$18.80,22.80,8500.00,333.00,346.70,Phenol,Hydrogen Abstraction,,51,3.3 Table
"2,6-[(CH3)3C]2C6H3OH",CC(C)(C)c1cccc(C(C)(C)C)c1O,tert-RO2*,-$11.90,26.00,2700.00,333.00,346.70,Phenol,Hydrogen Abstraction,,51,3.3 Table
"2,6-[(CH3)3C]2-4-CH3CONHC6H2OH",CC(=O)Nc1cc(C(C)(C)C)c(O)c(C(C)(C)C)c1,RO2*,-$42.30,12.70,330000.00,333.00,339.00,Phenol,Hydrogen Abstraction,,52,3.3 Table
"2,6-[(CH3)3C]2-4-CH3CONHC6H2OH",CC(=O)Nc1cc(C(C)(C)C)c(O)c(C(C)(C)C)c1,sec-RO2*,-$38.80,14.20,190000.00,333.00,339.00,Phenol,Hydrogen Abstraction,,52,3.3 Table
"2,6-[(CH3)3C]2-4-CH3CONHC6H2OH",CC(=O)Nc1cc(C(C)(C)C)c(O)c(C(C)(C)C)c1,tert-RO2*,-$31.90,17.00,69000.00,333.00,339.00,Phenol,Hydrogen Abstraction,,52,3.3 Table
"2,6-[(CH3)3C]2-4-CH3COC6H2OH",CC(=O)c1cc(C(C)(C)C)c(O)c(C(C)(C)C)c1,RO2*,-$23.50,20.70,18000.00,333.00,345.50,Phenol,Hydrogen Abstraction,,53,3.3 Table
"2,6-[(CH3)3C]2-4-CH3COC6H2OH",CC(=O)c1cc(C(C)(C)C)c(O)c(C(C)(C)C)c1,sec-RO2*,-$20.00,22.20,11000.00,333.00,345.50,Phenol,Hydrogen Abstraction,,53,3.3 Table
"2,6-[(CH3)3C]2-4-CH3COC6H2OH",CC(=O)c1cc(C(C)(C)C)c(O)c(C(C)(C)C)c1,tert-RO2*,-$13.10,25.40,3300.00,333.00,345.50,Phenol,Hydrogen Abstraction,,53,3.3 Table
"2,6-[(CH3)3C]2-4-C6H5CH2C6H2OH",CC(C)(C)c1cc(Cc2ccccc2)cc(C(C)(C)C)c1O,RO2*,-$29.30,18.10,46000.00,333.00,339.70,Phenol,Hydrogen Abstraction,,54,3.3 Table
"2,6-[(CH3)3C]2-4-C6H5CH2C6H2OH",CC(C)(C)c1cc(Cc2ccccc2)cc(C(C)(C)C)c1O,sec-RO2*,-$25.80,19.60,27000.00,333.00,339.70,Phenol,Hydrogen Abstraction,,54,3.3 Table
"2,6-[(CH3)3C]2-4-C6H5CH2C6H2OH",CC(C)(C)c1cc(Cc2ccccc2)cc(C(C)(C)C)c1O,tert-RO2*,-$18.90,22.70,8800.00,333.00,339.70,Phenol,Hydrogen Abstraction,,54,3.3 Table
"2,6-[(CH3)3C]2-4-(CH3)3COC6H2OH",CC(C)(C)Oc1cc(C(C)(C)C)c(O)c(C(C)(C)C)c1,RO2*,-$37.70,14.60,160000.00,333.00,331.30,Phenol,Hydrogen Abstraction,,55,3.3 Table
"2,6-[(CH3)3C]2-4-(CH3)3COC6H2OH",CC(C)(C)Oc1cc(C(C)(C)C)c(O)c(C(C)(C)C)c1,sec-RO2*,-$34.20,16.10,95000.00,333.00,331.30,Phenol,Hydrogen Abstraction,,55,3.3 Table
"2,6-[(CH3)3C]2-4-(CH3)3COC6H2OH",CC(C)(C)Oc1cc(C(C)(C)C)c(O)c(C(C)(C)C)c1,tert-RO2*,-$27.30,19.00,33000.00,333.00,331.30,Phenol,Hydrogen Abstraction,,55,3.3 Table
"2,6-[(CH3)3C]2-4-CH3OC6H2OH",COc1cc(C(C)(C)C)c(O)c(C(C)(C)C)c1,RO2*,-$38.30,14.40,180000.00,333.00,330.70,Phenol,Hydrogen Abstraction,,62,3.3 Table
"2,6-[(CH3)3C]2-4-CH3OC6H2OH",COc1cc(C(C)(C)C)c(O)c(C(C)(C)C)c1,sec-RO2*,-$34.80,15.80,110000.00,333.00,330.70,Phenol,Hydrogen Abstraction,,62,3.3 Table
"2,6-[(CH3)3C]2-4-CH3OC6H2OH",COc1cc(C(C)(C)C)c(O)c(C(C)(C)C)c1,tert-RO2*,-$27.90,18.70,37000.00,333.00,330.70,Phenol,Hydrogen Abstraction,,62,3.3 Table
"2,6-[(CH3)3C]2-4-CH3C6H2OH",Cc1cc(C(C)(C)C)c(O)c(C(C)(C)C)c1,RO2*,-$30.00,17.80,52000.00,333.00,339.00,Phenol,Hydrogen Abstraction,,64,3.3 Table
"2,6-[(CH3)3C]2-4-CH3C6H2OH",Cc1cc(C(C)(C)C)c(O)c(C(C)(C)C)c1,sec-RO2*,-$26.50,19.30,30000.00,333.00,339.00,Phenol,Hydrogen Abstraction,,64,3.3 Table
"2,6-[(CH3)3C]2-4-CH3C6H2OH",Cc1cc(C(C)(C)C)c(O)c(C(C)(C)C)c1,tert-RO2*,-$19.60,22.40,9800.00,333.00,339.00,Phenol,Hydrogen Abstraction,,64,3.3 Table
"2,6-[(CH3)3C]2-4-NO2C6H2OH",CC(C)(C)c1cc([N+](=O)[O-])cc(C(C)(C)C)c1O,RO2*,-$11.00,26.40,2300.00,333.00,358.00,Phenol,Hydrogen Abstraction,,68,3.3 Table
"2,6-[(CH3)3C]2-4-NO2C6H2OH",CC(C)(C)c1cc([N+](=O)[O-])cc(C(C)(C)C)c1O,sec-RO2*,-$7.50,28.10,1300.00,333.00,358.00,Phenol,Hydrogen Abstraction,,68,3.3 Table
"2,6-[(CH3)3C]2-4-NO2C6H2OH",CC(C)(C)c1cc([N+](=O)[O-])cc(C(C)(C)C)c1O,tert-RO2*,-$0.60,31.40,380.00,333.00,358.00,Phenol,Hydrogen Abstraction,,68,3.3 Table
"2,6-[(CH3)3C]2-4-C6H5C6H2OH",CC(C)(C)c1cc(-c2ccccc2)cc(C(C)(C)C)c1O,RO2*,-$31.30,17.30,62000.00,333.00,337.70,Phenol,Hydrogen Abstraction,,70,3.3 Table
"2,6-[(CH3)3C]2-4-C6H5C6H2OH",CC(C)(C)c1cc(-c2ccccc2)cc(C(C)(C)C)c1O,sec-RO2*,-$27.80,18.80,36000.00,333.00,337.70,Phenol,Hydrogen Abstraction,,70,3.3 Table
"2,6-[(CH3)3C]2-4-C6H5C6H2OH",CC(C)(C)c1cc(-c2ccccc2)cc(C(C)(C)C)c1O,tert-RO2*,-$20.90,21.80,12000.00,333.00,337.70,Phenol,Hydrogen Abstraction,,70,3.3 Table
"2,6-[(CH3)3C]2-4-C6H5SC6H2OH",CC(C)(C)c1cc(Sc2ccccc2)cc(C(C)(C)C)c1O,RO2*,-$22.60,21.10,16000.00,333.00,346.40,Phenol,Hydrogen Abstraction,,73,3.3 Table
"2,6-[(CH3)3C]2-4-C6H5SC6H2OH",CC(C)(C)c1cc(Sc2ccccc2)cc(C(C)(C)C)c1O,sec-RO2*,-$19.10,22.60,9100.00,333.00,346.40,Phenol,Hydrogen Abstraction,,73,3.3 Table
"2,6-[(CH3)3C]2-4-C6H5SC6H2OH",CC(C)(C)c1cc(Sc2ccccc2)cc(C(C)(C)C)c1O,tert-RO2*,-$12.20,25.80,2900.00,333.00,346.40,Phenol,Hydrogen Abstraction,,73,3.3 Table
"2,6-(C6H5)2-4-NH2CH2C6H2OH",NCc1cc(-c2ccccc2)c(O)c(-c2ccccc2)c1,RO2*,-$46.10,11.30,540000.00,333.00,322.90,Phenol,Hydrogen Abstraction,,89,3.3 Table
"2,6-(C6H5)2-4-NH2CH2C6H2OH",NCc1cc(-c2ccccc2)c(O)c(-c2ccccc2)c1,sec-RO2*,-$42.60,12.60,340000.00,333.00,322.90,Phenol,Hydrogen Abstraction,,89,3.3 Table
"2,6-(C6H5)2-4-NH2CH2C6H2OH",NCc1cc(-c2ccccc2)c(O)c(-c2ccccc2)c1,tert-RO2*,-$35.70,15.40,120000.00,333.00,322.90,Phenol,Hydrogen Abstraction,,89,3.3 Table
"2,6-(C6H5)2-4-HOOCCH2C6H2OH",O=C(O)Cc1cc(-c2ccccc2)c(O)c(-c2ccccc2)c1,RO2*,-$43.10,12.40,360000.00,333.00,325.90,Phenol,Hydrogen Abstraction,,91,3.3 Table
"2,6-(C6H5)2-4-HOOCCH2C6H2OH",O=C(O)Cc1cc(-c2ccccc2)c(O)c(-c2ccccc2)c1,sec-RO2*,-$39.60,13.80,220000.00,333.00,325.90,Phenol,Hydrogen Abstraction,,91,3.3 Table
"2,6-(C6H5)2-4-HOOCCH2C6H2OH",O=C(O)Cc1cc(-c2ccccc2)c(O)c(-c2ccccc2)c1,tert-RO2*,-$32.70,16.80,74000.00,333.00,325.90,Phenol,Hydrogen Abstraction,,91,3.3 Table
"2,6-(C6H5)2-4-CH3SC6H2OH",CSc1cc(-c2ccccc2)c(O)c(-c2ccccc2)c1,RO2*,-$28.60,18.40,42000.00,333.00,340.40,Phenol,Hydrogen Abstraction,,94,3.3 Table
"2,6-(C6H5)2-4-CH3SC6H2OH",CSc1cc(-c2ccccc2)c(O)c(-c2ccccc2)c1,sec-RO2*,-$25.10,19.90,24000.00,333.00,340.40,Phenol,Hydrogen Abstraction,,94,3.3 Table
"2,6-(C6H5)2-4-CH3SC6H2OH",CSc1cc(-c2ccccc2)c(O)c(-c2ccccc2)c1,tert-RO2*,-$18.20,23.00,7900.00,333.00,340.40,Phenol,Hydrogen Abstraction,,94,3.3 Table
"2,6-(C6H5)2-4-CH3OC6H2OH",COc1cc(-c2ccccc2)c(O)c(-c2ccccc2)c1,RO2*,-$41.00,13.30,260000.00,333.00,328.00,Phenol,Hydrogen Abstraction,,95,3.3 Table
"2,6-(C6H5)2-4-CH3OC6H2OH",COc1cc(-c2ccccc2)c(O)c(-c2ccccc2)c1,sec-RO2*,-$37.50,14.70,160000.00,333.00,328.00,Phenol,Hydrogen Abstraction,,95,3.3 Table
"2,6-(C6H5)2-4-CH3OC6H2OH",COc1cc(-c2ccccc2)c(O)c(-c2ccccc2)c1,tert-RO2*,-$30.60,17.60,56000.00,333.00,328.00,Phenol,Hydrogen Abstraction,,95,3.3 Table
"Si[2,6-[(CH3)3C]2-4-CH2CH2OC6H2OH]4",CC(C)(C)c1cc(CCO[Si](OCCc2cc(C(C)(C)C)cc(C(C)(C)C)c2O)(OCCc2cc(C(C)(C)C)cc(C(C)(C)C)c2O)OCCc2cc(C(C)(C)C)cc(C(C)(C)C)c2O)c(O)c(C(C)(C)C)c1,RO2*,-$28.10,18.60,160000.00,333.00,340.90,Phenol,Hydrogen Abstraction,,122,3.3 Table
"Si[2,6-[(CH3)3C]2-4-CH2CH2OC6H2OH]4",CC(C)(C)c1cc(CCO[Si](OCCc2cc(C(C)(C)C)cc(C(C)(C)C)c2O)(OCCc2cc(C(C)(C)C)cc(C(C)(C)C)c2O)OCCc2cc(C(C)(C)C)cc(C(C)(C)C)c2O)c(O)c(C(C)(C)C)c1,sec-RO2*,-$24.60,20.20,88000.00,333.00,340.90,Phenol,Hydrogen Abstraction,,122,3.3 Table
"Si[2,6-[(CH3)3C]2-4-CH2CH2OC6H2OH]4",CC(C)(C)c1cc(CCO[Si](OCCc2cc(C(C)(C)C)cc(C(C)(C)C)c2O)(OCCc2cc(C(C)(C)C)cc(C(C)(C)C)c2O)OCCc2cc(C(C)(C)C)cc(C(C)(C)C)c2O)c(O)c(C(C)(C)C)c1,tert-RO2*,-$17.70,23.30,28000.00,333.00,340.90,Phenol,Hydrogen Abstraction,,122,3.3 Table
"4,4'-CH2SCH2-[2,6-[(CH3)3C]2C6H2OH",CC(C)(C)c1cc(CSCc2cc(C(C)(C)C)c(O)c(C(C)(C)C)c2)cc(C(C)(C)C)c1O,RO2*,-$29.10,18.20,90000.00,333.00,339.90,Phenol,Hydrogen Abstraction,,123,3.3 Table
"4,4'-CH2SCH2-[2,6-[(CH3)3C]2C6H2OH",CC(C)(C)c1cc(CSCc2cc(C(C)(C)C)c(O)c(C(C)(C)C)c2)cc(C(C)(C)C)c1O,sec-RO2*,-$25.60,19.70,52000.00,333.00,339.90,Phenol,Hydrogen Abstraction,,123,3.3 Table
"4,4'-CH2SCH2-[2,6-[(CH3)3C]2C6H2OH",CC(C)(C)c1cc(CSCc2cc(C(C)(C)C)c(O)c(C(C)(C)C)c2)cc(C(C)(C)C)c1O,tert-RO2*,-$18.70,22.80,17000.00,333.00,339.90,Phenol,Hydrogen Abstraction,,123,3.3 Table
"2,2'-SS-[4-CH3-6-CH3(C6H5)CHC6H2OH]2",Cc1cc(SSc2cc(C)cc(C(C)c3ccccc3)c2O)c(O)c(C(C)c2ccccc2)c1,RO2*,-$33.80,16.20,92000.00,333.00,335.20,Phenol,Hydrogen Abstraction,,124,3.3 Table
"2,2'-SS-[4-CH3-6-CH3(C6H5)CHC6H2OH]2",Cc1cc(SSc2cc(C)cc(C(C)c3ccccc3)c2O)c(O)c(C(C)c2ccccc2)c1,sec-RO2*,-$30.30,17.70,54000.00,333.00,335.20,Phenol,Hydrogen Abstraction,,124,3.3 Table
"2,2'-SS-[4-CH3-6-CH3(C6H5)CHC6H2OH]2",Cc1cc(SSc2cc(C)cc(C(C)c3ccccc3)c2O)c(O)c(C(C)c2ccccc2)c1,tert-RO2*,-$23.40,20.70,18000.00,333.00,335.20,Phenol,Hydrogen Abstraction,,124,3.3 Table
Indophenol,O=C1C=CC=CC1=Nc1ccc(O)cc1,RO2*,-$42.00,12.90,30000.00,333.00,327.00,Phenol,Hydrogen Abstraction,,126,3.3 Table
Indophenol,O=C1C=CC=CC1=Nc1ccc(O)cc1,sec-RO2*,-$38.50,14.30,180000.00,333.00,327.00,Phenol,Hydrogen Abstraction,,126,3.3 Table
Indophenol,O=C1C=CC=CC1=Nc1ccc(O)cc1,tert-RO2*,-$31.60,17.10,66000.00,333.00,327.00,Phenol,Hydrogen Abstraction,,126,3.3 Table
2-HOC6H4OH,Oc1ccccc1O,RO2*,-$31.00,11.00,600000.00,333.00,338.00,Phenol,Hydrogen Abstraction,,3,3.2 Table
2-HOC6H4OH,Oc1ccccc1O,sec-RO2*,-$27.50,12.50,350000.00,333.00,338.00,Phenol,Hydrogen Abstraction,,3,3.2 Table
2-HOC6H4OH,Oc1ccccc1O,tert-RO2*,-$20.60,15.50,120000.00,333.00,338.00,Phenol,Hydrogen Abstraction,,3,3.2 Table
2-HO-4-(CH3)3CC6H3OH,CC(C)(C)c1ccc(O)c(O)c1,RO2*,-$26.60,12.90,300000.00,333.00,342.40,Phenol,Hydrogen Abstraction,,4,3.2 Table
2-HO-4-(CH3)3CC6H3OH,CC(C)(C)c1ccc(O)c(O)c1,sec-RO2*,-$23.10,14.40,180000.00,333.00,342.40,Phenol,Hydrogen Abstraction,,4,3.2 Table
2-HO-4-(CH3)3CC6H3OH,CC(C)(C)c1ccc(O)c(O)c1,tert-RO2*,-$16.20,17.50,58000.00,333.00,342.40,Phenol,Hydrogen Abstraction,,4,3.2 Table
4-CH3C6H4OH,Cc1ccc(O)cc1,RO2*,-$11.20,19.80,25000.00,333.00,357.80,Phenol,Hydrogen Abstraction,,9,3.2 Table
4-CH3C6H4OH,Cc1ccc(O)cc1,sec-RO2*,-$7.70,21.40,14000.00,333.00,357.80,Phenol,Hydrogen Abstraction,,9,3.2 Table
4-CH3C6H4OH,Cc1ccc(O)cc1,tert-RO2*,-$0.80,24.80,4100.00,333.00,357.80,Phenol,Hydrogen Abstraction,,9,3.2 Table
(CH3)3C6(OH)(CH2)3O,CC(C)(C)c1c(O)ccc2c1CCCCO2,RO2*,-$40.20,7.30,2300000.00,333.00,328.80,Phenol,Hydrogen Abstraction,,10,3.2 Table
(CH3)3C6(OH)(CH2)3O,CC(C)(C)c1c(O)ccc2c1CCCCO2,sec-RO2*,-$36.70,8.70,1400000.00,333.00,328.80,Phenol,Hydrogen Abstraction,,10,3.2 Table
(CH3)3C6(OH)(CH2)3O,CC(C)(C)c1c(O)ccc2c1CCCCO2,tert-RO2*,-$29.80,11.50,500000.00,333.00,328.80,Phenol,Hydrogen Abstraction,,10,3.2 Table
(CH3)3C6(OH)CH2CH(CH3)O,CC1Cc2c(ccc(O)c2C(C)(C)C)O1,RO2*,-$44.60,5.60,4200000.00,333.00,324.40,Phenol,Hydrogen Abstraction,,20,3.2 Table
(CH3)3C6(OH)CH2CH(CH3)O,CC1Cc2c(ccc(O)c2C(C)(C)C)O1,sec-RO2*,-$41.10,7.00,2600000.00,333.00,324.40,Phenol,Hydrogen Abstraction,,20,3.2 Table
(CH3)3C6(OH)CH2CH(CH3)O,CC1Cc2c(ccc(O)c2C(C)(C)C)O1,tert-RO2*,-$34.20,9.70,960000.00,333.00,324.40,Phenol,Hydrogen Abstraction,,20,3.2 Table
1-HOC13H9,Oc1cccc2c1Cc1ccccc1-2,RO2*,-$32.70,10.30,780000.00,333.00,336.30,Phenol,Hydrogen Abstraction,,25,3.2 Table
1-HOC13H9,Oc1cccc2c1Cc1ccccc1-2,sec-RO2*,-$29.20,11.80,450000.00,333.00,336.30,Phenol,Hydrogen Abstraction,,25,3.2 Table
1-HOC13H9,Oc1cccc2c1Cc1ccccc1-2,tert-RO2*,-$22.30,14.70,160000.00,333.00,336.30,Phenol,Hydrogen Abstraction,,25,3.2 Table
1-HOC10H7,Oc1cccc2ccccc12,RO2*,-$27.60,12.40,360000.00,333.00,341.40,Phenol,Hydrogen Abstraction,,29,3.2 Table
1-HOC10H7,Oc1cccc2ccccc12,sec-RO2*,-$24.10,13.90,210000.00,333.00,341.40,Phenol,Hydrogen Abstraction,,29,3.2 Table
1-HOC10H7,Oc1cccc2ccccc12,tert-RO2*,-$17.20,17.00,70000.00,333.00,341.40,Phenol,Hydrogen Abstraction,,29,3.2 Table
2-HOC10H7,Oc1ccc2ccccc2c1,RO2*,-$17.20,17.00,70000.00,333.00,351.80,Phenol,Hydrogen Abstraction,,30,3.2 Table
2-HOC10H7,Oc1ccc2ccccc2c1,sec-RO2*,-$13.70,18.60,39000.00,333.00,351.80,Phenol,Hydrogen Abstraction,,30,3.2 Table
2-HOC10H7,Oc1ccc2ccccc2c1,tert-RO2*,-$6.80,21.90,12000.00,333.00,351.80,Phenol,Hydrogen Abstraction,,30,3.2 Table
1-HOC14H9,Oc1cccc2c1ccc1ccccc12,RO2*,-$16.30,17.40,60000.00,333.00,352.70,Phenol,Hydrogen Abstraction,,32,3.2 Table
1-HOC14H9,Oc1cccc2c1ccc1ccccc12,sec-RO2*,-$12.80,19.00,33000.00,333.00,352.70,Phenol,Hydrogen Abstraction,,32,3.2 Table
1-HOC14H9,Oc1cccc2c1ccc1ccccc12,tert-RO2*,-$5.90,22.30,10000.00,333.00,352.70,Phenol,Hydrogen Abstraction,,32,3.2 Table
C6H5OH,Oc1ccccc1,RO2*,-$2.00,24.20,5100.00,333.00,367.00,Phenol,Hydrogen Abstraction,,36,3.2 Table
C6H5OH,Oc1ccccc1,sec-RO2*,$1.50,25.90,2800.00,333.00,367.00,Phenol,Hydrogen Abstraction,,36,3.2 Table
C6H5OH,Oc1ccccc1,tert-RO2*,$8.40,29.50,750.00,333.00,367.00,Phenol,Hydrogen Abstraction,,36,3.2 Table
4-CH3COC6H4OH,CC(=O)c1ccc(O)cc1,RO2*,$0.50,25.40,3300.00,333.00,369.50,Phenol,Hydrogen Abstraction,,38,3.2 Table
4-CH3COC6H4OH,CC(=O)c1ccc(O)cc1,sec-RO2*,$4.00,27.20,1700.00,333.00,369.50,Phenol,Hydrogen Abstraction,,38,3.2 Table
4-CH3COC6H4OH,CC(=O)c1ccc(O)cc1,tert-RO2*,$10.90,30.80,470.00,333.00,369.50,Phenol,Hydrogen Abstraction,,38,3.2 Table
4-NH2C6H4OH,Nc1ccc(O)cc1,RO2*,-$14.30,18.30,43000.00,333.00,354.70,Phenol,Hydrogen Abstraction,,40,3.2 Table
4-NH2C6H4OH,Nc1ccc(O)cc1,sec-RO2*,-$10.80,20.00,23000.00,333.00,354.70,Phenol,Hydrogen Abstraction,,40,3.2 Table
4-NH2C6H4OH,Nc1ccc(O)cc1,tert-RO2*,-$3.90,23.30,7100.00,333.00,354.70,Phenol,Hydrogen Abstraction,,40,3.2 Table
4-C6H5CH2OC6H4OH,Oc1ccc(OCc2ccccc2)cc1,RO2*,-$21.50,15.10,140000.00,333.00,347.50,Phenol,Hydrogen Abstraction,,41,3.2 Table
4-C6H5CH2OC6H4OH,Oc1ccc(OCc2ccccc2)cc1,sec-RO2*,-$18.00,16.60,80000.00,333.00,347.50,Phenol,Hydrogen Abstraction,,41,3.2 Table
4-C6H5CH2OC6H4OH,Oc1ccc(OCc2ccccc2)cc1,tert-RO2*,-$11.10,19.80,25000.00,333.00,347.50,Phenol,Hydrogen Abstraction,,41,3.2 Table
4-CH3(CH2)3OC6H4OH,CCCCOc1ccc(O)cc1,RO2*,-$23.20,14.30,180000.00,333.00,345.80,Phenol,Hydrogen Abstraction,,44,3.2 Table
4-CH3(CH2)3OC6H4OH,CCCCOc1ccc(O)cc1,sec-RO2*,-$19.70,15.90,100000.00,333.00,345.80,Phenol,Hydrogen Abstraction,,44,3.2 Table
4-CH3(CH2)3OC6H4OH,CCCCOc1ccc(O)cc1,tert-RO2*,-$12.80,19.00,33000.00,333.00,345.80,Phenol,Hydrogen Abstraction,,44,3.2 Table
4-(CH3)3CC6H4OH,CC(C)(C)c1ccc(O)cc1,RO2*,-$12.10,19.30,30000.00,333.00,356.90,Phenol,Hydrogen Abstraction,,46,3.2 Table
4-(CH3)3CC6H4OH,CC(C)(C)c1ccc(O)cc1,sec-RO2*,-$8.60,21.00,16000.00,333.00,356.90,Phenol,Hydrogen Abstraction,,46,3.2 Table
4-(CH3)3CC6H4OH,CC(C)(C)c1ccc(O)cc1,tert-RO2*,-$1.70,24.30,4900.00,333.00,356.90,Phenol,Hydrogen Abstraction,,46,3.2 Table
"2,4-[(CH3)3C]2C6H3OH",CC(C)(C)c1ccc(O)c(C(C)(C)C)c1,RO2*,-$11.50,19.60,27000.00,333.00,357.50,Phenol,Hydrogen Abstraction,,47,3.2 Table
"2,4-[(CH3)3C]2C6H3OH",CC(C)(C)c1ccc(O)c(C(C)(C)C)c1,sec-RO2*,-$8.00,21.30,15000.00,333.00,357.50,Phenol,Hydrogen Abstraction,,47,3.2 Table
"2,4-[(CH3)3C]2C6H3OH",CC(C)(C)c1ccc(O)c(C(C)(C)C)c1,tert-RO2*,-$1.10,24.60,4400.00,333.00,357.50,Phenol,Hydrogen Abstraction,,47,3.2 Table
"2-(CH3)3C-4,6-(CH3)2C6H2OH",Cc1cc(C)c(O)c(C(C)(C)C)c1,RO2*,-$15.20,17.90,50000.00,333.00,353.80,Phenol,Hydrogen Abstraction,,74,3.2 Table
"2-(CH3)3C-4,6-(CH3)2C6H2OH",Cc1cc(C)c(O)c(C(C)(C)C)c1,sec-RO2*,-$11.70,19.50,28000.00,333.00,353.80,Phenol,Hydrogen Abstraction,,74,3.2 Table
"2-(CH3)3C-4,6-(CH3)2C6H2OH",Cc1cc(C)c(O)c(C(C)(C)C)c1,tert-RO2*,-$4.80,22.80,8500.00,333.00,353.80,Phenol,Hydrogen Abstraction,,74,3.2 Table
2-(CH3)3C-4-CH3OC6H3OH,COc1ccc(O)c(C(C)(C)C)c1,RO2*,-$27.60,12.40,360000.00,333.00,341.40,Phenol,Hydrogen Abstraction,,75,3.2 Table
2-(CH3)3C-4-CH3OC6H3OH,COc1ccc(O)c(C(C)(C)C)c1,sec-RO2*,-$24.10,13.90,210000.00,333.00,341.40,Phenol,Hydrogen Abstraction,,75,3.2 Table
2-(CH3)3C-4-CH3OC6H3OH,COc1ccc(O)c(C(C)(C)C)c1,tert-RO2*,-$17.20,17.00,69000.00,333.00,341.40,Phenol,Hydrogen Abstraction,,75,3.2 Table
4-CH3OC6H4OH,COc1ccc(O)cc1,RO2*,-$20.00,15.70,110000.00,333.00,349.00,Phenol,Hydrogen Abstraction,,78,3.2 Table
4-CH3OC6H4OH,COc1ccc(O)cc1,sec-RO2*,-$16.50,17.30,62000.00,333.00,349.00,Phenol,Hydrogen Abstraction,,78,3.2 Table
4-CH3OC6H4OH,COc1ccc(O)cc1,tert-RO2*,-$9.60,20.50,19000.00,333.00,349.00,Phenol,Hydrogen Abstraction,,78,3.2 Table
"2,3-(CH3)2C6H3OH",Cc1cccc(O)c1C,RO2*,-$15.50,17.80,52000.00,333.00,353.50,Phenol,Hydrogen Abstraction,,79,3.2 Table
"2,3-(CH3)2C6H3OH",Cc1cccc(O)c1C,sec-RO2*,-$12.00,19.40,29000.00,333.00,353.50,Phenol,Hydrogen Abstraction,,79,3.2 Table
"2,3-(CH3)2C6H3OH",Cc1cccc(O)c1C,tert-RO2*,-$5.10,22.70,8800.00,333.00,353.50,Phenol,Hydrogen Abstraction,,79,3.2 Table
"3,4-(CH3)2C6H3OH",Cc1ccc(O)cc1C,RO2*,-$16.40,17.40,60000.00,333.00,352.60,Phenol,Hydrogen Abstraction,,80,3.2 Table
"3,4-(CH3)2C6H3OH",Cc1ccc(O)cc1C,sec-RO2*,-$12.90,19.00,33000.00,333.00,352.60,Phenol,Hydrogen Abstraction,,80,3.2 Table
"3,4-(CH3)2C6H3OH",Cc1ccc(O)cc1C,tert-RO2*,-$6.00,22.20,11000.00,333.00,352.60,Phenol,Hydrogen Abstraction,,80,3.2 Table
"3,5-(CH3)2C6H3OH",Cc1cc(C)cc(O)c1,RO2*,-$15.00,18.00,48000.00,333.00,354.00,Phenol,Hydrogen Abstraction,,81,3.2 Table
"3,5-(CH3)2C6H3OH",Cc1cc(C)cc(O)c1,sec-RO2*,-$11.50,19.60,27000.00,333.00,354.00,Phenol,Hydrogen Abstraction,,81,3.2 Table
"3,5-(CH3)2C6H3OH",Cc1cc(C)cc(O)c1,tert-RO2*,-$4.60,22.90,8200.00,333.00,354.00,Phenol,Hydrogen Abstraction,,81,3.2 Table
"2,4-(CH3)2C6H3OH",Cc1ccc(O)c(C)c1,RO2*,-$10.50,20.00,23000.00,333.00,358.50,Phenol,Hydrogen Abstraction,,82,3.2 Table
"2,4-(CH3)2C6H3OH",Cc1ccc(O)c(C)c1,sec-RO2*,-$7.00,21.80,12000.00,333.00,358.50,Phenol,Hydrogen Abstraction,,82,3.2 Table
"2,4-(CH3)2C6H3OH",Cc1ccc(O)c(C)c1,tert-RO2*,-$0.10,25.20,3600.00,333.00,358.50,Phenol,Hydrogen Abstraction,,82,3.2 Table
"2,6-(CH3)2C6H3OH",Cc1cccc(C)c1O,RO2*,-$14.10,18.40,42000.00,333.00,354.90,Phenol,Hydrogen Abstraction,,83,3.2 Table
"2,6-(CH3)2C6H3OH",Cc1cccc(C)c1O,sec-RO2*,-$10.60,20.00,23000.00,333.00,354.90,Phenol,Hydrogen Abstraction,,83,3.2 Table
"2,6-(CH3)2C6H3OH",Cc1cccc(C)c1O,tert-RO2*,-$3.70,23.30,7100.00,333.00,354.90,Phenol,Hydrogen Abstraction,,83,3.2 Table
4-(CH3)2NC6H4OH,CN(C)c1ccc(O)cc1,RO2*,-$42.20,6.60,3000000.00,333.00,326.80,Phenol,Hydrogen Abstraction,,85,3.2 Table
4-(CH3)2NC6H4OH,CN(C)c1ccc(O)cc1,sec-RO2*,-$38.70,7.90,1800000.00,333.00,326.80,Phenol,Hydrogen Abstraction,,85,3.2 Table
4-(CH3)2NC6H4OH,CN(C)c1ccc(O)cc1,tert-RO2*,-$31.80,10.70,670000.00,333.00,326.80,Phenol,Hydrogen Abstraction,,85,3.2 Table
"2,4,6-(CH3)3C6H2OH",Cc1cc(C)c(O)c(C)c1,RO2*,-$22.20,14.80,150000.00,333.00,346.80,Phenol,Hydrogen Abstraction,,110,3.2 Table
"2,4,6-(CH3)3C6H2OH",Cc1cc(C)c(O)c(C)c1,sec-RO2*,-$18.70,16.30,89000.00,333.00,346.80,Phenol,Hydrogen Abstraction,,110,3.2 Table
"2,4,6-(CH3)3C6H2OH",Cc1cc(C)c(O)c(C)c1,tert-RO2*,-$11.80,19.50,28000.00,333.00,346.80,Phenol,Hydrogen Abstraction,,110,3.2 Table
alpha-Tocopherol,Cc1c(C)c2c(c(C)c1O)CCC(C)(CCCC(C)CCCC(C)CCCC(C)C)O2,RO2*,-$41.30,6.90,2600000.00,333.00,327.70,Phenol,Hydrogen Abstraction,,130,3.2 Table
alpha-Tocopherol,Cc1c(C)c2c(c(C)c1O)CCC(C)(CCCC(C)CCCC(C)CCCC(C)C)O2,sec-RO2*,-$37.80,8.20,1700000.00,333.00,327.70,Phenol,Hydrogen Abstraction,,130,3.2 Table
alpha-Tocopherol,Cc1c(C)c2c(c(C)c1O)CCC(C)(CCCC(C)CCCC(C)CCCC(C)C)O2,tert-RO2*,-$30.90,11.00,600000.00,333.00,327.70,Phenol,Hydrogen Abstraction,,130,3.2 Table
beta-Tocopherol,Cc1cc(O)c(C)c2c1O[C@](C)(CCC[C@H](C)CCC[C@H](C)CCCC(C)C)CC2,RO2*,-$36.60,8.70,1400000.00,333.00,332.40,Phenol,Hydrogen Abstraction,,131,3.2 Table
beta-Tocopherol,Cc1cc(O)c(C)c2c1O[C@](C)(CCC[C@H](C)CCC[C@H](C)CCCC(C)C)CC2,sec-RO2*,-$33.10,10.20,800000.00,333.00,332.40,Phenol,Hydrogen Abstraction,,131,3.2 Table
beta-Tocopherol,Cc1cc(O)c(C)c2c1O[C@](C)(CCC[C@H](C)CCC[C@H](C)CCCC(C)C)CC2,tert-RO2*,-$26.20,13.00,290000.00,333.00,332.40,Phenol,Hydrogen Abstraction,,131,3.2 Table
delta-Tocopherol,Cc1cc(O)cc2c1OC(C)(CCCC(C)CCCC(C)CCCC(C)C)CC2,RO2*,-$52.00,2.90,11000000.00,333.00,317.00,Phenol,Hydrogen Abstraction,,133,3.2 Table
delta-Tocopherol,Cc1cc(O)cc2c1OC(C)(CCCC(C)CCCC(C)CCCC(C)C)CC2,sec-RO2*,-$48.50,4.20,7000000.00,333.00,317.00,Phenol,Hydrogen Abstraction,,133,3.2 Table
delta-Tocopherol,Cc1cc(O)cc2c1OC(C)(CCCC(C)CCCC(C)CCCC(C)C)CC2,tert-RO2*,-$41.60,6.80,2700000.00,333.00,317.00,Phenol,Hydrogen Abstraction,,133,3.2 Table
"2,2'-Azinobis(3-ethylbenzothiazoline-6-sulfonate ion)",CCn1/c(=N\N=c2\sc3cc(S(=O)(=O)[O-])ccc3n2CC)sc2cc(S(=O)(=O)[O-])ccc21,sec-RO2*,,14.00,5000000.00,,,,,7.00,,Journal Tables 6 and 7
"N,N,N',N'-Tetramethyl-p-phenylenediamine",CN(C)c1ccc(N(C)C)cc1,sec-RO2*,,17.00,160000000.00,,,,,8.00,,Journal Tables 6 and 7
"2,3,9,10-Tetramethyl-1,4,8,11-tetraazacyclotetradeca-1,3,8,10-tetraenecobalt(II) ion",CC1=NCCCN=C(C(=NCCCN=C1C)C)C.[Co+2],RO2*,,,120000000.00,298.00,,,,3.00,,Journal Tables 6 and 7
Nitrilotriacetatocobalt(II) ion,O=C([O-])CN(CC(=O)[O-])CC(=O)[O-].[Co+2],RO2*,,,100000000.00,298.00,,,,6.00,,Journal Tables 6 and 7
Ascorbate ion,O=C1O[C@H](CO)OC1=C([O-])CO,RO2*,,,1700000.00,298.00,,,,7.00,,Journal Tables 6 and 7
Bilirubin dianion,C=CC1=C(C)/C(=C/C2=C(C)C(CCC(=O)[O-])=C(CC3=C(CCC(=O)[O-])C(C)=C(/C=C4\NC(=O)C(C)=C4C=C)N3)N2)NC1=O,RO2*,,,57000000.00,298.00,,,,11.00,,Journal Tables 6 and 7
Hydroquinone,Oc1ccc(O)cc1,RO2*,,,1000000.00,298.00,,,,7.00,,Journal Tables 6 and 7
"6-Hydroxy-2,5,7,8-tetramethyl-1-benzopyran-2-carboxylic acid",Cc1c(C)c(O)c2c(c1C)CC(C)(C(=O)O)CO2,RO2*,,,100000.00,298.00,,,,4.00,,Journal Tables 6 and 7
"5-Hydroxytryptophan, conjugate base",N[C@@H](Cc1c[nH]c2ccc(O)cc12)C(=O)[O-],RO2*,,,7000000.00,298.00,,,,13.00,,Journal Tables 6 and 7
Isobarbiturate ion,O=C1CNC(=O)[N-]C1=O,RO2*,,,47000000.00,298.00,,,,13.00,,Journal Tables 6 and 7
Phenoxide ion,[O-]c1ccccc1,RO2*,,,1000000.00,298.00,,,,12.00,,Journal Tables 6 and 7
"N,N,N',N'-Tetramethyl-p-phenylenediamine",CN(C)c1ccc(N(C)C)cc1,RO2*,,,37000000.00,298.00,,,,7.00,,Journal Tables 6 and 7
"N,N,N',N'-Tetramethyl-p-phenylenediamine",CN(C)c1ccc(N(C)C)cc1,RO2*,,,43000000.00,298.00,,,,8.00,,Journal Tables 6 and 7
"Tyrosine, negative ion",N[C@@H](Cc1ccc(O)cc1)C(=O)[O-],RO2*,,,1000000.00,298.00,,,,12.00,,Journal Tables 6 and 7
Urate ion,O=c1[n-]c(=O)c2[nH]c(=O)[nH]c2[nH]1,RO2*,,,8800000.00,298.00,,,,13.00,,Journal Tables 6 and 7
"Xanthine, negative ion",O=c1[n-]c(=O)c2[nH]cnc2[nH]1,RO2*,,,3000000.00,298.00,,,,13.00,,Journal Tables 6 and 7
Bilirubin dianion,C=CC1=C(C)/C(=C/C2=C(C)C(CCC(=O)[O-])=C(CC3=C(CCC(=O)[O-])C(C)=C(/C=C4\NC(=O)C(C)=C4C=C)N3)N2)NC1=O,RO2*,,,41000000.00,298.00,,,,11.00,,Journal Tables 6 and 7
"N,N,N',N'-Tetramethyl-p-phenylenediamine",CN(C)c1ccc(N(C)C)cc1,sec-RO2*,,,9200000.00,298.00,,,,8.00,,Journal Tables 6 and 7
"N,N,N',N'-Tetramethyl-p-phenylenediamine",CN(C)c1ccc(N(C)C)cc1,RO2*,,,29000000.00,298.00,,,,8.00,,Journal Tables 6 and 7
"N,N,N',N'-Tetramethyl-p-phenylenediamine",CN(C)c1ccc(N(C)C)cc1,tert-RO2*,,,1100000.00,298.00,,,,8.00,,Journal Tables 6 and 7
Urate ion,O=c1[n-]c(=O)c2[nH]c(=O)[nH]c2[nH]1,RO2*,,,290000000.00,298.00,,,,13.00,,Journal Tables 6 and 7
"Xanthine, negative ion",O=c1[n-]c(=O)c2[nH]cnc2[nH]1,RO2*,,,1000000000.00,298.00,,,,13.00,,Journal Tables 6 and 7
"2,2'-Azinobis(3-ethylbenzothiazoline-6-sulfonate ion)",CCn1/c(=N\N=c2\sc3cc(S(=O)(=O)[O-])ccc3n2CC)sc2cc(S(=O)(=O)[O-])ccc21,RO2*,,,500000000.00,298.00,,,,7.00,,Journal Tables 6 and 7
"Chlorpromazine, conjugate acid",CC(C[NH+](C)C)N1c2ccccc2Sc2ccc(Cl)cc21,RO2*,,,750000000.00,298.00,,,,6.00,,Journal Tables 6 and 7
"Promethazine, conjugate acid",CC(C[NH+](C)C)N1c2ccccc2Sc2ccccc21,RO2*,,,340000000.00,298.00,,,,6.00,,Journal Tables 6 and 7
"Propyl 3,4,5-trihydroxybenzoate",CCCOC(=O)c1cc(O)c(O)c(O)c1,RO2*,,,54000000.00,298.00,,,,6.00,,Journal Tables 6 and 7
"Propyl 3,4,5-trihydroxybenzoate",CCCOC(=O)c1cc(O)c(O)c(O)c1,RO2*,,,1100000000.00,298.00,,,,9.00,,Journal Tables 6 and 7
Ascorbate ion,O=C1O[C@H](CO)OC1=C([O-])CO,sec-RO2*,,,2700000000.00,298.00,,,,7.00,,Journal Tables 6 and 7
"2,2'-Azinobis(3-ethylbenzothiazoline-6-sulfonate ion)",CCn1/c(=N\N=c2\sc3cc(S(=O)(=O)[O-])ccc3n2CC)sc2cc(S(=O)(=O)[O-])ccc21,sec-RO2*,,,100000000.00,298.00,,,,7.00,,Journal Tables 6 and 7
"Chlorpromazine, conjugate acid",CC(C[NH+](C)C)N1c2ccccc2Sc2ccc(Cl)cc21,sec-RO2*,,,310000000.00,298.00,,,,5.00,,Journal Tables 6 and 7
"Promethazine, conjugate acid",CC(C[NH+](C)C)N1c2ccccc2Sc2ccccc21,sec-RO2*,,,120000000.00,298.00,,,,5.00,,Journal Tables 6 and 7
"Propyl 3,4,5-trihydroxybenzoate",CCCOC(=O)c1cc(O)c(O)c(O)c1,sec-RO2*,,,21000000.00,298.00,,,,5.00,,Journal Tables 6 and 7
"Propyl 3,4,5-trihydroxybenzoate",CCCOC(=O)c1cc(O)c(O)c(O)c1,sec-RO2*,,,450000000.00,298.00,,,,8.00,,Journal Tables 6 and 7
"Iron(III) deuteroporphyrin, dimethyl ester, (2-propanol)2",COC(=O)CCC1=C(C)c2cc3cc(C)c(cc4cc(C)c(cc5nc(cc1n2)C(CCC(=O)OC)=C5C)[n-]4)[n-]3.[Fe+3].CC(C)O.CC(C)O,RO2*,,,77000000.00,298.00,,,,3.00,,Journal Tables 6 and 7
"2,2'-Azinobis(3-ethylbenzothiazoline-6-sulfonate ion)",CCn1/c(=N\N=c2\sc3cc(S(=O)(=O)[O-])ccc3n2CC)sc2cc(S(=O)(=O)[O-])ccc21,RO2*,,,44000000.00,298.00,,,,6.00,,Journal Tables 6 and 7
Bilirubin dianion,C=CC1=C(C)/C(=C/C2=C(C)C(CCC(=O)[O-])=C(CC3=C(CCC(=O)[O-])C(C)=C(/C=C4\NC(=O)C(C)=C4C=C)N3)N2)NC1=O,RO2*,,,150000000.00,298.00,,,,11.00,,Journal Tables 6 and 7
"6-Hydroxy-2,5,7,8-tetramethylchroman-2-carboxylate ion",Cc1c(C)c(O)c2c(c1C)OC(C)(C(=O)[O-])CC2,RO2*,,,16000000.00,298.00,,,,7.00,,Journal Tables 6 and 7
"Chlorpromazine, conjugate acid",CC(C[NH+](C)C)N1c2ccccc2Sc2ccc(Cl)cc21,sec-RO2*,,,890000000.00,298.00,,,,6.00,,Journal Tables 6 and 7
"Promethazine, conjugate acid",CC(C[NH+](C)C)N1c2ccccc2Sc2ccccc21,sec-RO2*,,,89000000.00,298.00,,,,6.00,,Journal Tables 6 and 7
"Propyl 3,4,5-trihydroxybenzoate",CCCOC(=O)c1cc(O)c(O)c(O)c1,sec-RO2*,,,29000000.00,298.00,,,,6.00,,Journal Tables 6 and 7
Bilirubin dianion,C=CC1=C(C)/C(=C/C2=C(C)C(CCC(=O)[O-])=C(CC3=C(CCC(=O)[O-])C(C)=C(/C=C4\NC(=O)C(C)=C4C=C)N3)N2)NC1=O,sec-RO2*,,,84000000.00,298.00,,,,11.00,,Journal Tables 6 and 7
Ascorbate ion,O=C1O[C@H](CO)OC1=C([O-])CO,RO2*,,,51000000.00,298.00,,,,7.00,,Journal Tables 6 and 7
"Iron(III) deuteroporphyrin, dimethyl ester, (2-propanol)2",COC(=O)CCC1=C(C)c2cc3cc(C)c(cc4cc(C)c(cc5nc(cc1n2)C(CCC(=O)OC)=C5C)[n-]4)[n-]3.[Fe+3].CC(C)O.CC(C)O,sec-RO2*,,,90000000.00,298.00,,,,1.00,,Journal Tables 6 and 7
Iron(III) deuteroporphyrin IX (2-propoxy)(2-propanol),CC1=C(CCC(=O)O)c2cc3nc(cc4[n-]c(cc4C)cc4[n-]c(cc1n2)cc4C)C(C)=C3CCC(=O)O.[Fe+3].CC(C)[O-].CC(C)O,sec-RO2*,,,35000000.00,298.00,,,,12.00,,Journal Tables 6 and 7
"Chlorpromazine, conjugate acid",CC(C[NH+](C)C)N1c2ccccc2Sc2ccc(Cl)cc21,sec-RO2*,,,500000000.00,298.00,,,,7.00,,Journal Tables 6 and 7
Cholesterol,CC(C)CCCC(C)C1CCC2C3CC=C4CC(O)CCC4(C)C3CC[C@]12C,sec-RO2*,,,50000.00,298.00,,,,1.00,,Journal Tables 6 and 7
Cysteine,N[C@@H](CS)C(=O)O,sec-RO2*,,,29000000.00,298.00,,,,7.00,,Journal Tables 6 and 7
Methionine,CSCC[C@H](N)C(=O)O,sec-RO2*,,,1400000.00,298.00,,,,10.00,,Journal Tables 6 and 7
"Metiazic acid, conjugate base",CN1c2ccccc2Sc2cc(CC([O-])=O)ccc21,sec-RO2*,,,1100000000.00,298.00,,,,7.00,,Journal Tables 6 and 7
"Promethazine, conjugate acid",CC(C[NH+](C)C)N1c2ccccc2Sc2ccccc21,sec-RO2*,,,240000000.00,298.00,,,,7.00,,Journal Tables 6 and 7
"Propyl 3,4,5-trihydroxybenzoate",CCCOC(=O)c1cc(O)c(O)c(O)c1,sec-RO2*,,,94000000.00,298.00,,,,7.00,,Journal Tables 6 and 7
alpha-Tocopherol,Cc1c(C)c2c(c(C)c1O)CCC(C)(CCCC(C)CCCC(C)CCCC(C)C)O2,sec-RO2*,,,92000000.00,298.00,,,,7.00,,Journal Tables 6 and 7
"Tyrosine, negative ion",N[C@@H](Cc1ccc(O)cc1)C(=O)[O-],sec-RO2*,,,120000000.00,298.00,,,,12.00,,Journal Tables 6 and 7
Ascorbate ion,O=C1O[C@H](CO)OC1=C([O-])CO,Ar-O*,,,2500000.00,,,,,7.00,,Journal Tables 6 and 7
Iron(II) ion,[Fe+2],tert-RO2*,,,1700000.00,,,,,1.00,,Journal Tables 6 and 7
"Iron(III) deuteroporphyrin, dimethyl ester, (2-propanol)2",COC(=O)CCC1=C(C)c2cc3cc(C)c(cc4cc(C)c(cc5nc(cc1n2)C(CCC(=O)OC)=C5C)[n-]4)[n-]3.[Fe+3].CC(C)O.CC(C)O,tert-RO2*,,,27000000.00,,,,,1.00,,Journal Tables 6 and 7
Ascorbate ion,O=C1O[C@H](CO)OC1=C([O-])CO,tert-RO2*,,,1100000.00,,,,,7.00,,Journal Tables 6 and 7
Linoleic acid,CCCCC/C=C\C/C=C\CCCCCCCC(=O)O,tert-RO2*,,,6000.00,,,,,1.00,,Journal Tables 6 and 7
Oleic acid,CCCCCCCC/C=C\CCCCCCCC(=O)O,tert-RO2*,,,3000.00,,,,,1.00,,Journal Tables 6 and 7
Ascorbate ion,O=C1O[C@H](CO)OC1=C([O-])CO,sec-RO2*,,,9000000.00,,,,,7.00,,Journal Tables 6 and 7
"Propyl 3,4,5-trihydroxybenzoate",CCCOC(=O)c1cc(O)c(O)c(O)c1,sec-RO2*,,,730000000.00,,,,,9.00,,Journal Tables 6 and 7
Linoleic acid,CCCCC/C=C\C/C=C\CCCCCCCC(=O)O,sec-RO2*,,,42000000.00,,,,,11.00,,Journal Tables 6 and 7
alpha-Tocopherol,Cc1c(C)c2c(c(C)c1O)CCC(C)(CCCC(C)CCCC(C)CCCC(C)C)O2,sec-RO2*,,,1400000000.00,,,,,8.00,,Journal Tables 6 and 7
"N,N,N',N'-Tetramethyl-p-phenylenediamine",CN(C)c1ccc(N(C)C)cc1,sec-RO2*,,,160000000.00,,,,,7.00,,Journal Tables 6 and 7
"N,N,N',N'-Tetramethyl-p-phenylenediamine",CN(C)c1ccc(N(C)C)cc1,sec-RO2*,,,100000000.00,,,,,7.00,,Journal Tables 6 and 7
Norpseudopelletierine N-oxyl,C1CC2CC(=O)CC(C1)N2[O],sec-RO2*,,,31000000.00,,,,,7.00,,Journal Tables 6 and 7
"2,2,6,6-Tetramethylpiperidine-N-oxyl",CC1(C)CCCC(C)(C)N1[O],sec-RO2*,,,13000000.00,,,,,7.00,,Journal Tables 6 and 7
Hydroquinone,Oc1ccc(O)cc1,sec-RO2*,,,100000000.00,,,,,7.00,,Journal Tables 6 and 7
4-Methoxyphenol,COc1ccc(O)cc1,sec-RO2*,,,1300000000.00,,,,,7.00,,Journal Tables 6 and 7
4-Methoxyphenol,COc1ccc(O)cc1,sec-RO2*,,,16000000.00,,,,,12.00,,Journal Tables 6 and 7
"2,2'-Azinobis(3-ethylbenzothiazoline-6-sulfonate ion)",CCn1/c(=N\N=c2\sc3cc(S(=O)(=O)[O-])ccc3n2CC)sc2cc(S(=O)(=O)[O-])ccc21,sec-RO2*,,,1800000000.00,,,,,5.00,,Journal Tables 6 and 7
"Chlorpromazine, conjugate acid",CC(C[NH+](C)C)N1c2ccccc2Sc2ccc(Cl)cc21,sec-RO2*,,,1200000000.00,,,,,5.00,,Journal Tables 6 and 7
"Promethazine, conjugate acid",CC(C[NH+](C)C)N1c2ccccc2Sc2ccccc21,sec-RO2*,,,1400000000.00,,,,,5.00,,Journal Tables 6 and 7
"Propyl 3,4,5-trihydroxybenzoate",CCCOC(=O)c1cc(O)c(O)c(O)c1,sec-RO2*,,,2000000000.00,,,,,8.00,,Journal Tables 6 and 7
"Iron(III) deuteroporphyrin, dimethyl ester",COC(=O)CCC1=C(C)c2cc3cc(C)c(cc4cc(C)c(cc5nc(cc1n2)C(CCC(=O)OC)=C5C)[n-]4)[n-]3.[Fe+3],sec-RO2*,,,230000000.00,,,,,3.00,,Journal Tables 6 and 7
"Iron(III) deuteroporphyrin, dimethyl ester, (2-propanol)2",COC(=O)CCC1=C(C)c2cc3cc(C)c(cc4cc(C)c(cc5nc(cc1n2)C(CCC(=O)OC)=C5C)[n-]4)[n-]3.[Fe+3].CC(C)O.CC(C)O,sec-RO2*,,,250000000.00,,,,,12.00,,Journal Tables 6 and 7
"2,3,7,8,12,13,17,18-Octaethylporphinato(carbonyl)cyanoruthenium(II) ion",CCC1=C(C2=CC3=NC(=CC4=C(C(=C([N-]4)C=C5C(=C(C(=N5)C=C1[N-]2)CC)CC)CC)CC)C(=C3CC)CC)CC.[C-]#[O+].[Ru+2].[C-]#N,sec-RO2*,,,8000.00,,,,,8.00,,Journal Tables 6 and 7
Arachidonic acid,CCCCC/C=C\C/C=C\C/C=C\C/C=C\CCCC(=O)O,sec-RO2*,,,910000000.00,,,,,7.00,,Journal Tables 6 and 7
"2,2'-Azinobis(3-ethylbenzothiazoline-6-sulfonate ion)",CCn1/c(=N\N=c2\sc3cc(S(=O)(=O)[O-])ccc3n2CC)sc2cc(S(=O)(=O)[O-])ccc21,sec-RO2*,,,1900000000.00,,,,,6.00,,Journal Tables 6 and 7
"2,2'-Azinobis(3-ethylbenzothiazoline-6-sulfonate ion)",CCn1/c(=N\N=c2\sc3cc(S(=O)(=O)[O-])ccc3n2CC)sc2cc(S(=O)(=O)[O-])ccc21,sec-RO2*,,,2200000000.00,,,,,11.00,,Journal Tables 6 and 7
beta-Carotene,CC(C=CC=C(C)C=CC1=C(C)CCCC1(C)C)=CC=CC=C(C)C=CC=C(C)C=CC1=C(C)CCCC1(C)C,sec-RO2*,,,570000000.00,,,,,5.00,,Journal Tables 6 and 7
"Chlorpromazine, conjugate acid",CC(C[NH+](C)C)N1c2ccccc2Sc2ccc(Cl)cc21,sec-RO2*,,,600000.00,,,,,1.00,,Journal Tables 6 and 7
Cholesterol,CC(C)CCCC(C)C1CCC2C3CC=C4CC(O)CCC4(C)C3CC[C@]12C,sec-RO2*,,,100000.00,,,,,7.00,,Journal Tables 6 and 7
2'-Deoxyadenosine 5'-monophosphate,Nc1ncnc2c1ncn2[C@H]1C[C@H](O)[C@@H](COP(=O)(O)O)O1,sec-RO2*,,,500000.00,,,,,7.00,,Journal Tables 6 and 7
"2,3-Dimethyl-1-phenyl-3-pyrazolin-5-one",CC1=NN(c2ccccc2)C(=O)C1C,sec-RO2*,,,43000000.00,,,,,7.00,,Journal Tables 6 and 7
Ethyl 2-hydroxyethyl sulfide,CCSCCO,sec-RO2*,,,140000000.00,,,,,4.00,,Journal Tables 6 and 7
1-Ethylthio-3-iodopropane,CCSCCI,sec-RO2*,,,3000000.00,,,,,7.00,,Journal Tables 6 and 7
Hexamethylbenzene,Cc1c(C)c(C)c(C)c(C)c1C,sec-RO2*,,,2500000.00,,,,,7.00,,Journal Tables 6 and 7
Histidine,N[C@@H](Cc1cnc[nH]1)C(=O)O,sec-RO2*,,,10000000.00,,,,,7.00,,Journal Tables 6 and 7
Hydroquinone,Oc1ccc(O)cc1,sec-RO2*,,,600000000.00,,,,,10.00,,Journal Tables 6 and 7
"5-Hydroxytryptophan, conjugate base",N[C@@H](Cc1c[nH]c2ccc(O)cc12)C(=O)[O-],sec-RO2*,,,150000000.00,,,,,7.00,,Journal Tables 6 and 7
Indole,c1ccc2[nH]ccc2c1,sec-RO2*,,,65000000.00,,,,,7.00,,Journal Tables 6 and 7
Linoleic acid,CCCCC/C=C\C/C=C\CCCCCCCC(=O)O,sec-RO2*,,,500000.00,,,,,1.00,,Journal Tables 6 and 7
Linolenic acid,CC/C=C\C/C=C\C/C=C\CCCCCCCC(=O)O,sec-RO2*,,,1100000.00,,,,,1.00,,Journal Tables 6 and 7
Linolenic acid,CC/C=C\C/C=C\C/C=C\CCCCCCCC(=O)O,sec-RO2*,,,29000000.00,,,,,10.00,,Journal Tables 6 and 7
Methionine,CSCC[C@H](N)C(=O)O,sec-RO2*,,,50000000.00,,,,,4.00,,Journal Tables 6 and 7
4-Methoxybenzenethiol,COc1ccc(S)cc1,sec-RO2*,,,820000000.00,,,,,11.00,,Journal Tables 6 and 7
4-Methoxybenzenethiolate ion,COc1ccc([S-])cc1,sec-RO2*,,,3400000.00,,,,,7.00,,Journal Tables 6 and 7
4-Methoxyphenol,COc1ccc(O)cc1,sec-RO2*,,,820000000.00,,,,,11.00,,Journal Tables 6 and 7
Methyl 3-(methylthio)propionate,COC(=O)CCSC,sec-RO2*,,,220000000.00,,,,,11.00,,Journal Tables 6 and 7
3-(Methylthio)propionic acid,CSCCC(=O)O,sec-RO2*,,,100000.00,,,,,7.00,,Journal Tables 6 and 7
Oleic acid,CCCCCCCC/C=C\CCCCCCCC(=O)O,sec-RO2*,,,400000.00,,,,,1.00,,Journal Tables 6 and 7
Oleic acid,CCCCCCCC/C=C\CCCCCCCC(=O)O,sec-RO2*,,,100000.00,,,,,7.00,,Journal Tables 6 and 7
Phenol,Oc1ccccc1,sec-RO2*,,,230000000.00,,,,,12.00,,Journal Tables 6 and 7
Phenoxide ion,[O-]c1ccccc1,sec-RO2*,,,9600000.00,,,,,11.00,,Journal Tables 6 and 7
Phenoxide ion,[O-]c1ccccc1,sec-RO2*,,,600000000.00,,,,,8.00,,Journal Tables 6 and 7
"Promethazine, conjugate acid",CC(C[NH+](C)C)N1c2ccccc2Sc2ccccc21,sec-RO2*,,,140000000.00,,,,,4.00,,Journal Tables 6 and 7
2-Propanol,CC(C)O,sec-RO2*,,,20000000.00,,,,,5.00,,Journal Tables 6 and 7
Pyridine,c1ccncc1,sec-RO2*,,,1700000000.00,,,,,8.00,,Journal Tables 6 and 7
"2,4,6-Trimethylphenoxide ion",Cc1cc(C)c([O-])c(C)c1,sec-RO2*,,,300000000.00,,,,,7.00,,Journal Tables 6 and 7
Trypsin,Not applicable (protein/enzyme),sec-RO2*,,,89000000.00,,,,,7.00,,Journal Tables 6 and 7
Tryptophan,N[C@@H](Cc1c[nH]c2ccccc12)C(=O)O,sec-RO2*,,,85000000.00,,,,,7.00,,Journal Tables 6 and 7
Tryptophyltyrosine,N[C@@H](Cc1c[nH]c2ccccc12)C(=O)N[C@@H](Cc1ccc(O)cc1)C(=O)O,sec-RO2*,,,10000.00,,,,,7.00,,Journal Tables 6 and 7
Tyrosine,N[C@@H](Cc1ccc(O)cc1)C(=O)O,sec-RO2*,,,160000000.00,,,,,12.00,,Journal Tables 6 and 7
"Tyrosine, negative ion",N[C@@H](Cc1ccc(O)cc1)C(=O)[O-],sec-RO2*,,,110000000.00,,,,,13.00,,Journal Tables 6 and 7
"Xanthine, negative ion",O=c1[n-]c(=O)c2[nH]cnc2[nH]1,sec-RO2*,,,260000000.00,,,,,11.00,,Journal Tables 6 and 7
Bilirubin dianion,C=CC1=C(C)/C(=C/C2=C(C)C(CCC(=O)[O-])=C(CC3=C(CCC(=O)[O-])C(C)=C(/C=C4\NC(=O)C(C)=C4C=C)N3)N2)NC1=O,sec-RO2*,,,40000000.00,,,,,7.00,,Journal Tables 6 and 7
"Promethazine, conjugate acid",CC(C[NH+](C)C)N1c2ccccc2Sc2ccccc21,sec-RO2*,,,320000000.00,,,,,8.00,,Journal Tables 6 and 7
"Propyl 3,4,5-trihydroxybenzoate",CCCOC(=O)c1cc(O)c(O)c(O)c1,sec-RO2*,,,150000000.00,,,,,8.00,,Journal Tables 6 and 7
Ascorbate ion,O=C1O[C@H](CO)OC1=C([O-])CO,sec-RO2*,,,380000000.00,,,,,11.00,,Journal Tables 6 and 7
Bilirubin dianion,C=CC1=C(C)/C(=C/C2=C(C)C(CCC(=O)[O-])=C(CC3=C(CCC(=O)[O-])C(C)=C(/C=C4\NC(=O)C(C)=C4C=C)N3)N2)NC1=O,sec-RO2*,,,280000000.00,,,,,1.00,,Journal Tables 6 and 7
"Iron(III) deuteroporphyrin, dimethyl ester, (2-propanol)2",COC(=O)CCC1=C(C)c2cc3cc(C)c(cc4cc(C)c(cc5nc(cc1n2)C(CCC(=O)OC)=C5C)[n-]4)[n-]3.[Fe+3].CC(C)O.CC(C)O,sec-RO2*,,,500000000.00,,,,,7.00,,Journal Tables 6 and 7
"Chlorpromazine, conjugate acid",CC(C[NH+](C)C)N1c2ccccc2Sc2ccc(Cl)cc21,sec-RO2*,,,770000000.00,,,,,5.00,,Journal Tables 6 and 7
Hydroquinone,Oc1ccc(O)cc1,sec-RO2*,,,120000000.00,,,,,1.00,,Journal Tables 6 and 7
Linolenic acid,CC/C=C\C/C=C\C/C=C\CCCCCCCC(=O)O,sec-RO2*,,,950000000.00,,,,,7.00,,Journal Tables 6 and 7
4-Methoxyphenol,COc1ccc(O)cc1,sec-RO2*,,,130000000.00,,,,,8.00,,Journal Tables 6 and 7
Ascorbate ion,O=C1O[C@H](CO)OC1=C([O-])CO,sec-RO2*,,,63000000.00,,,,,8.00,,Journal Tables 6 and 7
"3,5,7-Trihydroxy-2-(4-hydroxyphenyl)-2-benzopyran-4-one",O=c1c(O)c(-c2ccc(O)cc2)oc2cc(O)cc(O)c12,sec-RO2*,,,15000000.00,,,,,11.00,,Journal Tables 6 and 7
Quercetin,O=c1c(O)c(-c2ccc(O)c(O)c2)oc2cc(O)cc(O)c12,sec-RO2*,,,35000000.00,,,,,1.00,,Journal Tables 6 and 7
"N,N,N',N'-Tetramethyl-p-phenylenediamine",CN(C)c1ccc(N(C)C)cc1,sec-RO2*,,,17000000.00,,,,,6.00,,Journal Tables 6 and 7
Cysteamine,NCCS,sec-RO2*,,,50000.00,,,,,6.00,,Journal Tables 6 and 7
Dithiothreitol,OC(CS)C(O)CS,sec-RO2*,,,8000.00,,,,,6.00,,Journal Tables 6 and 7
Glutathione,N[C@@H](CCC(=O)N[C@@H](CS)C(=O)NCC(=O)O)C(=O)O,sec-RO2*,,,1000000.00,,,,,7.00,,Journal Tables 6 and 7
Cysteamine,NCCS,sec-RO2*,,,130000.00,,,,,7.00,,Journal Tables 6 and 7
Dithiothreitol,OC(CS)C(O)CS,sec-RO2*,,,50000.00,,,,,7.00,,Journal Tables 6 and 7
Glutathione,N[C@@H](CCC(=O)N[C@@H](CS)C(=O)NCC(=O)O)C(=O)O,sec-RO2*,,,40000.00,,,,,7.00,,Journal Tables 6 and 7
Dithiothreitol,OC(CS)C(O)CS,sec-RO2*,,,30000.00,,,,,7.00,,Journal Tables 6 and 7
Cysteamine,NCCS,sec-RO2*,,,50000.00,,,,,7.00,,Journal Tables 6 and 7
Glutathione,N[C@@H](CCC(=O)N[C@@H](CS)C(=O)NCC(=O)O)C(=O)O,sec-RO2*,,,40000.00,,,,,7.00,,Journal Tables 6 and 7
Dithiothreitol,OC(CS)C(O)CS,sec-RO2*,,,60000.00,,,,,7.00,,Journal Tables 6 and 7
Cysteamine,NCCS,sec-RO2*,,,80000.00,,,,,7.00,,Journal Tables 6 and 7
Glutathione,N[C@@H](CCC(=O)N[C@@H](CS)C(=O)NCC(=O)O)C(=O)O,sec-RO2*,,,9000000.00,,,,,7.00,,Journal Tables 6 and 7
Ascorbate ion,O=C1O[C@H](CO)OC1=C([O-])CO,RO2*,,,1400000.00,,,,,9.00,,Journal Tables 6 and 7
"Iron(III) deuteroporphyrin, dimethyl ester",COC(=O)CCC1=C(C)c2cc3cc(C)c(cc4cc(C)c(cc5nc(cc1n2)C(CCC(=O)OC)=C5C)[n-]4)[n-]3.[Fe+3],RO2*,,,10000000.00,,,,,0.00,,Journal Tables 6 and 7
"N,N,N',N'-Tetramethyl-p-phenylenediamine",CN(C)c1ccc(N(C)C)cc1,RO2*,,,72000000.00,,,,,8.00,,Journal Tables 6 and 7
Nitrilotriacetatocobaltate(II) ion,O=C([O-])CN(CC(=O)[O-])CC(=O)[O-].[Co+2],RO2*,,,95000000.00,,,,,5.00,,Journal Tables 6 and 7
Ethylenediaminetetraacetatocobaltate(II) ion,O=C([O-])CN(CCN(CC(=O)[O-])CC(=O)[O-])CC(=O)[O-].[Co+2],RO2*,,,2500000.00,,,,,5.00,,Journal Tables 6 and 7
Nitrilotriacetatomanganate(II) ion,O=C([O-])CN(CC(=O)[O-])CC(=O)[O-].[Mn+2],RO2*,,,150000000.00,,,,,4.00,,Journal Tables 6 and 7
Ethylenediaminetetraacetatomanganate(II) ion,O=C([O-])CN(CCN(CC(=O)[O-])CC(=O)[O-])CC(=O)[O-].[Mn+2],RO2*,,,6500000.00,,,,,5.00,,Journal Tables 6 and 7
"Pentaamminenitrosylruthenium(III) ion, electron adduct",[NH3][Ru+2]([NH3])([NH3])([NH3])([NH3])N=O,RO2*,,,3000000000.00,,,,,7.00,,Journal Tables 6 and 7
Superoxide dismutase,Not applicable (protein/enzyme),RO2*,,,100000000.00,,,,,9.00,,Journal Tables 6 and 7
"N,N,N',N'-Tetramethyl-p-phenylenediamine",CN(C)c1ccc(N(C)C)cc1,RO2*,,,1900000000.00,,,,,7.00,,Journal Tables 6 and 7
"N,N,N',N'-Tetramethyl-p-phenylenediamine",CN(C)c1ccc(N(C)C)cc1,RO2*,,,60000000.00,,,,,11.00,,Journal Tables 6 and 7
Sulfite Ion,O=S([O-])[O-],RO2*,,,400000.00,,,,,8.00,,Journal Tables 6 and 7
Isobarbiturate ion,O=C1CNC(=O)[N-]C1=O,RO2*,,,39000000.00,,,,,13.00,,Journal Tables 6 and 7
Phenoxide ion,[O-]c1ccccc1,RO2*,,,15000000.00,,,,,12.00,,Journal Tables 6 and 7
"Promethazine, conjugate acid",CC(C[NH+](C)C)N1c2ccccc2Sc2ccccc21,RO2*,,,56000000.00,,,,,6.00,,Journal Tables 6 and 7
"Tyrosine, negative ion",N[C@@H](Cc1ccc(O)cc1)C(=O)[O-],RO2*,,,30000000.00,,,,,12.00,,Journal Tables 6 and 7
Iron(III) deuteroporphyrin IX,CC1=C(CCC(=O)O)c2cc3nc(cc4[n-]c(cc4C)cc4[n-]c(cc1n2)cc4C)C(C)=C3CCC(=O)O.[Fe+3],RO2*,,,390000000.00,,,,,12.00,,Journal Tables 6 and 7
"Chlorpromazine, conjugate acid",CC(C[NH+](C)C)N1c2ccccc2Sc2ccc(Cl)cc21,RO2*,,,1200000000.00,,,,,5.00,,Journal Tables 6 and 7
Hydroquinone,Oc1ccc(O)cc1,RO2*,,,79000000.00,,,,,7.00,,Journal Tables 6 and 7
"6-Hydroxy-2,5,7,8-tetramethylchroman-2-carboxylate ion",Cc1c(C)c(O)c2c(c1C)OC(C)(C(=O)[O-])CC2,RO2*,,,540000000.00,,,,,4.00,,Journal Tables 6 and 7
Linolenic acid,CC/C=C\C/C=C\C/C=C\CCCCCCCC(=O)O,RO2*,,,6900000.00,,,,,12.00,,Journal Tables 6 and 7
4-Methoxyphenol,COc1ccc(O)cc1,RO2*,,,52000000.00,,,,,7.00,,Journal Tables 6 and 7
Phenol,Oc1ccccc1,RO2*,,,2000000.00,,,,,7.00,,Journal Tables 6 and 7
"Iron(III) deuteroporphyrin, dimethyl ester, (2-propanol)?",COC(=O)CCC1=C(C)c2cc3cc(C)c(cc4cc(C)c(cc5nc(cc1n2)C(CCC(=O)OC)=C5C)[n-]4)[n-]3.[Fe+3].CC(C)O,RO2*,,,82000000.00,,,,,3.00,,Journal Tables 6 and 7
"2,2'-Azinobis(3-ethylbenzothiazoline-6-sulfonate ion)",CCn1/c(=N\N=c2\sc3cc(S(=O)(=O)[O-])ccc3n2CC)sc2cc(S(=O)(=O)[O-])ccc21,RO2*,,,650000000.00,,,,,6.00,,Journal Tables 6 and 7
"Promethazine, conjugate acid",CC(C[NH+](C)C)N1c2ccccc2Sc2ccccc21,RO2*,,,67000000.00,,,,,7.00,,Journal Tables 6 and 7
Ascorbate ion,O=C1O[C@H](CO)OC1=C([O-])CO,RO2*,,,120000000.00,,,,,7.00,,Journal Tables 6 and 7
"Chlorpromazine, conjugate acid",CC(C[NH+](C)C)N1c2ccccc2Sc2ccc(Cl)cc21,RO2*,,,910000000.00,,,,,6.00,,Journal Tables 6 and 7
"Promethazine, conjugate acid",CC(C[NH+](C)C)N1c2ccccc2Sc2ccccc21,RO2*,,,220000000.00,,,,,6.00,,Journal Tables 6 and 7
"Propyl 3,4,5-trihydroxybenzoate",CCCOC(=O)c1cc(O)c(O)c(O)c1,RO2*,,,19000000.00,,,,,6.00,,Journal Tables 6 and 7
"Propyl 3,4,5-trihydroxybenzoate",CCCOC(=O)c1cc(O)c(O)c(O)c1,RO2*,,,1100000000.00,,,,,9.00,,Journal Tables 6 and 7
"Chlorpromazine, conjugate acid",CC(C[NH+](C)C)N1c2ccccc2Sc2ccc(Cl)cc21,RO2*,,,690000000.00,,,,,7.00,,Journal Tables 6 and 7
"2,2'-Azinobis(3-ethylbenzothiazoline-6-sulfonate ion)",CCn1/c(=N\N=c2\sc3cc(S(=O)(=O)[O-])ccc3n2CC)sc2cc(S(=O)(=O)[O-])ccc21,RO2*,,,1800000000.00,,,,,6.00,,Journal Tables 6 and 7
"Chlorpromazine, conjugate acid",CC(C[NH+](C)C)N1c2ccccc2Sc2ccc(Cl)cc21,RO2*,,,1200000000.00,,,,,5.00,,Journal Tables 6 and 7
"Promethazine, conjugate acid",CC(C[NH+](C)C)N1c2ccccc2Sc2ccccc21,RO2*,,,140000000.00,,,,,5.00,,Journal Tables 6 and 7
"Propyl 3,4,5-trihydroxybenzoate",CCCOC(=O)c1cc(O)c(O)c(O)c1,RO2*,,,2000000000.00,,,,,8.00,,Journal Tables 6 and 7
"Propyl 3,4,5-trihydroxybenzoate",CCCOC(=O)c1cc(O)c(O)c(O)c1,RO2*,,,14000000.00,,,,,7.00,,Journal Tables 6 and 7
"Iron(III) deuteroporphyrin, dimethyl ester",COC(=O)CCC1=C(C)c2cc3cc(C)c(cc4cc(C)c(cc5nc(cc1n2)C(CCC(=O)OC)=C5C)[n-]4)[n-]3.[Fe+3],RO2*,,,230000000.00,,,,,3.00,,Journal Tables 6 and 7
"Iron(III) deuteroporphyrin, dimethyl ester, (2-propanol)2",COC(=O)CCC1=C(C)c2cc3cc(C)c(cc4cc(C)c(cc5nc(cc1n2)C(CCC(=O)OC)=C5C)[n-]4)[n-]3.[Fe+3].CC(C)O.CC(C)O,RO2*,,,250000000.00,,,,,12.00,,Journal Tables 6 and 7
"2,3,7,8,12,13,17,18-Octaethylporphinato(carbonyl)cyanoruthenium(II) ion",CCC1=C(C2=CC3=NC(=CC4=C(C(=C([N-]4)C=C5C(=C(C(=N5)C=C1[N-]2)CC)CC)CC)CC)C(=C3CC)CC)CC.[C-]#[O+].[Ru+2].[C-]#N,RO2*,,,800000000.00,,,,,8.00,,Journal Tables 6 and 7
"5,10,15,20-Tetrakis(1-methylpyridinium-4-yl)porphinatozinc(II) ion",C1=Cc2nc1c(-c1cc[n+](C)cc1)c1ccc([n-]1)c(-c1cc[n+](C)cc1)c1nc(c(-c3cc[n+](C)cc3)c3ccc([n-]3)c2-c2cc[n+](C)cc2)C=C1.[Zn+2],RO2*,,,1200000000.00,,,,,7.00,,Journal Tables 6 and 7
"5,10,15,20-Tetrakis(2-hydroxyphenyl)porphinatozinc(II)",Oc1ccccc1-c1c2nc(c(-c3ccccc3O)c3ccc([n-]3)c(-c3ccccc3O)c3nc(c(-c4ccccc4O)c4ccc1[n-]4)C=C3)C=C2.[Zn+2],RO2*,,,1500000000.00,,,,,7.00,,Journal Tables 6 and 7
"5,10,15,20-Tetrakis(3-hydroxyphenyl)porphinatozinc(II)",Oc1cccc(-c2c3nc(c(-c4cccc(O)c4)c4ccc([n-]4)c(-c4cccc(O)c4)c4nc(c(-c5cccc(O)c5)c5ccc2[n-]5)C=C4)C=C3)c1.[Zn+2],RO2*,,,1700000000.00,,,,,7.00,,Journal Tables 6 and 7
Arachidonic acid,CCCCC/C=C\C/C=C\C/C=C\C/C=C\CCCC(=O)O,RO2*,,,910000000.00,,,,,7.00,,Journal Tables 6 and 7
Ascorbate ion,O=C1O[C@H](CO)OC1=C([O-])CO,RO2*,,,14000000.00,,,,,1.00,,Journal Tables 6 and 7
Ascorbic acid,O=C1O[C@H](CO)OC1=C(O)CO,RO2*,,,1800000.00,,,,,1.00,,Journal Tables 6 and 7
"2,2'-Azinobis(3-ethylbenzothiazoline-6-sulfonate ion)",CCn1/c(=N\N=c2\sc3cc(S(=O)(=O)[O-])ccc3n2CC)sc2cc(S(=O)(=O)[O-])ccc21,RO2*,,,2200000000.00,,,,,11.00,,Journal Tables 6 and 7
"Chlorpromazine, conjugate acid",CC(C[NH+](C)C)N1c2ccccc2Sc2ccc(Cl)cc21,RO2*,,,600000.00,,,,,1.00,,Journal Tables 6 and 7
Cyclohexene,C1=CCCCC1,RO2*,,,100000.00,,,,,7.00,,Journal Tables 6 and 7
2'-Deoxyadenosine 5'-monophosphate,Nc1ncnc2c1ncn2[C@H]1C[C@H](O)[C@@H](COP(=O)(O)O)O1,RO2*,,,500000.00,,,,,7.00,,Journal Tables 6 and 7
"2,3-Dimethyl-1-phenyl-3-pyrazolin-5-one",CC1=NN(c2ccccc2)C(=O)C1C,RO2*,,,43000000.00,,,,,7.00,,Journal Tables 6 and 7
Ethyl 2-hydroxyethyl sulfide,CCSCCO,RO2*,,,140000000.00,,,,,4.00,,Journal Tables 6 and 7
1-Ethylthio-3-iodopropane,CCSCCI,RO2*,,,3000000000.00,,,,,7.00,,Journal Tables 6 and 7
Hexamethylbenzene,Cc1c(C)c(C)c(C)c(C)c1C,RO2*,,,2500000.00,,,,,7.00,,Journal Tables 6 and 7
Histidine,N[C@@H](Cc1cnc[nH]1)C(=O)O,RO2*,,,10000000.00,,,,,7.00,,Journal Tables 6 and 7
"6-Hydroxy-1,4-dimethylcarbazole",Cc1ccc2c(c1)[nH]c1cc(C)c(O)cc12,RO2*,,,600000000.00,,,,,10.00,,Journal Tables 6 and 7
"5-Hydroxytryptophan, conjugate base",N[C@@H](Cc1c[nH]c2ccc(O)cc12)C(=O)[O-],RO2*,,,150000000.00,,,,,7.00,,Journal Tables 6 and 7
Indole,c1ccc2[nH]ccc2c1,RO2*,,,65000000.00,,,,,7.00,,Journal Tables 6 and 7
Linoleic acid,CCCCC/C=C\C/C=C\CCCCCCCC(=O)O,RO2*,,,500000.00,,,,,1.00,,Journal Tables 6 and 7
Linolenic acid,CC/C=C\C/C=C\C/C=C\CCCCCCCC(=O)O,RO2*,,,1100000.00,,,,,1.00,,Journal Tables 6 and 7
Linolenic acid,CC/C=C\C/C=C\C/C=C\CCCCCCCC(=O)O,RO2*,,,29000000.00,,,,,10.00,,Journal Tables 6 and 7
Methionine,CSCC[C@H](N)C(=O)O,RO2*,,,50000000.00,,,,,4.00,,Journal Tables 6 and 7
4-Methoxybenzenethiol,COc1ccc(S)cc1,RO2*,,,820000000.00,,,,,11.00,,Journal Tables 6 and 7
4-Methoxybenzenethiolate ion,COc1ccc([S-])cc1,RO2*,,,3400000.00,,,,,7.00,,Journal Tables 6 and 7
4-Methoxyphenol,COc1ccc(O)cc1,RO2*,,,820000000.00,,,,,11.00,,Journal Tables 6 and 7
Methyl 3-(methylthio)propionate,COC(=O)CCSC,RO2*,,,220000000.00,,,,,11.00,,Journal Tables 6 and 7
3-(Methylthio)propionic acid,CSCCC(=O)O,RO2*,,,100000.00,,,,,7.00,,Journal Tables 6 and 7
Oleic acid,CCCCCCCC/C=C\CCCCCCCC(=O)O,RO2*,,,400000.00,,,,,1.00,,Journal Tables 6 and 7
Oleic acid,CCCCCCCC/C=C\CCCCCCCC(=O)O,RO2*,,,100000.00,,,,,7.00,,Journal Tables 6 and 7
Phenol,Oc1ccccc1,RO2*,,,230000000.00,,,,,12.00,,Journal Tables 6 and 7
Phenoxide ion,[O-]c1ccccc1,RO2*,,,9600000.00,,,,,11.00,,Journal Tables 6 and 7
Phenoxide ion,[O-]c1ccccc1,RO2*,,,600000000.00,,,,,8.00,,Journal Tables 6 and 7
"Promethazine, conjugate acid",CC(C[NH+](C)C)N1c2ccccc2Sc2ccccc21,RO2*,,,140000000.00,,,,,4.00,,Journal Tables 6 and 7
2-Propanol,CC(C)O,RO2*,,,20000000.00,,,,,5.00,,Journal Tables 6 and 7
Pyridine,c1ccncc1,RO2*,,,1700000000.00,,,,,8.00,,Journal Tables 6 and 7
"2,4,6-Trimethylphenoxide ion",Cc1cc(C)c([O-])c(C)c1,RO2*,,,300000000.00,,,,,7.00,,Journal Tables 6 and 7
Trypsin,Not applicable (protein/enzyme),RO2*,,,89000000.00,,,,,7.00,,Journal Tables 6 and 7
Tryptophan,N[C@@H](Cc1c[nH]c2ccccc12)C(=O)O,RO2*,,,85000000.00,,,,,7.00,,Journal Tables 6 and 7
Tryptophyltyrosine,N[C@@H](Cc1c[nH]c2ccccc12)C(=O)N[C@@H](Cc1ccc(O)cc1)C(=O)O,RO2*,,,10000.00,,,,,7.00,,Journal Tables 6 and 7
Tyrosine,N[C@@H](Cc1ccc(O)cc1)C(=O)O,RO2*,,,160000000.00,,,,,12.00,,Journal Tables 6 and 7
"Tyrosine, negative ion",N[C@@H](Cc1ccc(O)cc1)C(=O)[O-],RO2*,,,1400000000.00,,,,,13.00,,Journal Tables 6 and 7
Urate ion,O=c1[n-]c(=O)c2[nH]c(=O)[nH]c2[nH]1,RO2*,,,300000000.00,,,,,7.00,,Journal Tables 6 and 7
"Xanthine, negative ion",O=c1[n-]c(=O)c2[nH]cnc2[nH]1,RO2*,,,260000000.00,,,,,11.00,,Journal Tables 6 and 7
Bilirubin dianion,C=CC1=C(C)/C(=C/C2=C(C)C(CCC(=O)[O-])=C(CC3=C(CCC(=O)[O-])C(C)=C(/C=C4\NC(=O)C(C)=C4C=C)N3)N2)NC1=O,RO2*,,,40000000.00,,,,,7.00,,Journal Tables 6 and 7
"2,2'-Azinobis(3-ethylbenzothiazoline-6-sulfonate ion)",CCn1/c(=N\N=c2\sc3cc(S(=O)(=O)[O-])ccc3n2CC)sc2cc(S(=O)(=O)[O-])ccc21,RO2*,,,420000000.00,,,,,5.00,,Journal Tables 6 and 7
"Promethazine, conjugate acid",CC(C[NH+](C)C)N1c2ccccc2Sc2ccccc21,RO2*,,,320000000.00,,,,,8.00,,Journal Tables 6 and 7
"Propyl 3,4,5-trihydroxybenzoate",CCCOC(=O)c1cc(O)c(O)c(O)c1,RO2*,,,150000000.00,,,,,8.00,,Journal Tables 6 and 7
Ascorbate ion,O=C1O[C@H](CO)OC1=C([O-])CO,RO2*,,,380000000.00,,,,,11.00,,Journal Tables 6 and 7
Bilirubin dianion,C=CC1=C(C)/C(=C/C2=C(C)C(CCC(=O)[O-])=C(CC3=C(CCC(=O)[O-])C(C)=C(/C=C4\NC(=O)C(C)=C4C=C)N3)N2)NC1=O,RO2*,,,280000000.00,,,,,1.00,,Journal Tables 6 and 7
"Iron(III) deuteroporphyrin, dimethyl ester, (2-propanol)2",COC(=O)CCC1=C(C)c2cc3cc(C)c(cc4cc(C)c(cc5nc(cc1n2)C(CCC(=O)OC)=C5C)[n-]4)[n-]3.[Fe+3].CC(C)O.CC(C)O,RO2*,,,500000000.00,,,,,7.00,,Journal Tables 6 and 7
Hydroquinone,Oc1ccc(O)cc1,RO2*,,,260000000.00,,,,,4.00,,Journal Tables 6 and 7
"6-Hydroxy-2,5,7,8-tetramethylchroman-2-carboxylate ion",Cc1c(C)c(O)c2c(c1C)OC(C)(C(=O)[O-])CC2,RO2*,,,710000000.00,,,,,4.00,,Journal Tables 6 and 7
"6-Hydroxy-2,5,7,8-tetramethylchroman-2-carboxylate ion",Cc1c(C)c(O)c2c(c1C)OC(C)(C(=O)[O-])CC2,RO2*,,,120000000.00,,,,,1.00,,Journal Tables 6 and 7
Linolenic acid,CC/C=C\C/C=C\C/C=C\CCCCCCCC(=O)O,RO2*,,,950000000.00,,,,,7.00,,Journal Tables 6 and 7
4-Methoxyphenol,COc1ccc(O)cc1,RO2*,,,410000000.00,,,,,13.00,,Journal Tables 6 and 7
"Xanthine, negative ion",O=c1[n-]c(=O)c2[nH]cnc2[nH]1,RO2*,,,130000000.00,,,,,8.00,,Journal Tables 6 and 7
Ascorbate ion,O=C1O[C@H](CO)OC1=C([O-])CO,RO2*,,,63000000.00,,,,,8.00,,Journal Tables 6 and 7
"3,5,7-Trihydroxy-2-(4-hydroxyphenyl)-2-benzopyran-4-one",O=c1c(O)c(-c2ccc(O)cc2)oc2cc(O)cc(O)c12,RO2*,,,15000000.00,,,,,11.00,,Journal Tables 6 and 7
Quercetin,O=c1c(O)c(-c2ccc(O)c(O)c2)oc2cc(O)cc(O)c12,RO2*,,,35000000.00,,,,,1.00,,Journal Tables 6 and 7
